ID,Description,GeneRatio,p.adjust,Count,geneID
GO:0009617,response to bacterium,107/1244,7.655274344728391e-19,107,REG4/TNFAIP3/NFKBIA/IRAK2/NFKB2/LCN2/HLA-B/TNIP1/CXCL8/CCL20/PI3/BCL3/PTAFR/CX3CL1/CXCL1/SBNO2/CXCL3/HLA-A/C3/OPTN/B2M/TNF/KLK7/BMP2/FOSL2/RNF213/GJB2/TAP2/OAS3/NFKB1/TNFRSF11A/ASS1/TICAM1/TNFRSF14/CXCL2/ZC3H12A/HMGCS2/CXCL11/CAV1/IL23A/HLA-DRB1/AKAP12/NFKBIB/LGALS9/SLC7A5/EDN1/CFB/PCK1/OAS1/GSDMA/ERAP1/NFKBIZ/FOS/GBP4/NLRC5/TNFRSF1B/CLDN1/LYN/REN/TLR4/SMAD6/GCH1/TLR2/CEBPB/KLK5/CD40/LYPD8/PTGER4/CSF2/IL27RA/C4BPB/GBP2/CCL2/F2R/DUSP10/IL22RA1/LPL/CYP1A1/FGF19/GBP1/SCNN1B/PALM3/ISG15/BMP6/IL6R/NOS2/TLR3/SPON2/CFD/PLA2G2A/CXCL6/PRLR/MR1/LIAS/CITED1/AQP1/CASP1/DMBT1/ADAMTS9/CD14/EMILIN1/IL1B/TLR6/CD1D/KLRK1/STAB1/CMPK2
GO:0002252,immune effector process,98/1244,6.41090071800692e-16,98,CD74/RELB/HLA-B/BCL3/PTAFR/HLA-F/SBNO2/HLA-A/C3/HLA-C/ICAM1/HLA-H/PLEC/STAT3/B2M/TNF/KLK7/CD47/JUNB/CORO1A/TAP2/PTPRJ/TICAM1/TNFRSF14/ZC3H12A/ARRB2/TCIM/IL23A/HLA-DRB1/IL4R/CLU/HLA-DRA/CD70/LGALS9/SLC7A5/ITGAM/CFB/TFRC/JAK1/RNF19B/RIGI/PCK1/NFKBIZ/ASCL2/CGAS/STX4/TNFRSF1B/TRAF2/LYN/TLR4/RAC2/GPRC5B/MSH2/MYB/BTN3A3/PARP3/SEMA7A/PANX1/IL18R1/KLK5/CD40/PTGER4/SERPINB9/NMI/IL27RA/C4BPB/SVEP1/CLCF1/LACC1/RORC/DUSP10/PIK3CD/DDX60/SCNN1B/TRIL/VAV1/C5/LFNG/PTGDR/DOCK10/IL4I1/IL6R/NOS2/TLR3/SPON2/CFD/APOA1/CXCL6/MR1/PLCL2/APLF/LOXL3/RGCC/IL1B/SEMA4A/SUSD4/CD1D/KLRK1
GO:0001819,positive regulation of cytokine production,86/1244,2.6235300948271e-15,86,CD74/LTB/ADAM8/BCL3/PTAFR/CX3CL1/SMAD3/HLA-F/IFNGR1/HLA-A/TRIM16/C3/IRF1/IL6ST/STAT3/B2M/IKBKE/TNF/NFAM1/TRAF3/OAS3/PTPRJ/TICAM1/TNFRSF14/F3/IL23A/AKAP12/IL4R/CLU/NOX1/LGALS9/SLC7A5/ADRA2A/RIGI/OAS1/CGAS/PLA2R1/TANK/PDE4D/TRAF2/TLR4/GPRC5B/MYB/TLR2/SEMA7A/CEBPB/PANX1/IFIH1/IL18R1/CD83/CD40/SERPINB7/PTGER4/CSF2/MAPK11/BTN3A1/IL27RA/LACC1/F2R/IL1RL2/PANX2/LPL/SPHK1/PIK3CD/ZBTB20/NFATC4/TIGIT/C5/ISG15/IL6R/NOS2/TLR3/SPON2/TNXB/POLR3G/TLR5/SAA1/GPSM3/CASP1/IL7/CD14/RGCC/IL15/IL1B/TLR6/KLRK1
GO:0050865,regulation of cell activation,102/1244,3.2780159519801603e-15,102,CD74/TNFAIP3/IL2RG/ADAM8/SDC4/PTAFR/CX3CL1/HLA-F/HLA-A/TNFRSF21/TNFRSF9/IRF1/ICOSLG/VNN1/IL6ST/SH2B3/B2M/ZFP36L1/TNF/NFAM1/CD47/JUNB/CTNNB1/MMP14/CORO1A/MFHAS1/ZBTB46/NCK1/TICAM1/TNFRSF14/GCLC/ZC3H12A/CAV1/PDGFB/IL23A/HLA-DRB1/SOX4/IL4R/HLA-DRA/NEDD9/FOXO3/CD320/CD70/LGALS9/BID/ITGAM/TFRC/PCK1/ID2/NFKBIZ/ASCL2/CGAS/STX4/TNFRSF1B/LYN/TLR4/RAC2/SHH/MSH2/MYB/PARP3/IGFBP2/CEBPB/BTN2A2/UBASH3B/CD83/CD40/IL27RA/MAP3K8/NFATC2/TNFSF9/CLCF1/CCL2/IL15RA/IL1RL2/DUSP10/SPHK1/TIGIT/VAV1/HLA-DRB5/SOX12/IL4I1/LCK/PLA2G2A/PRLR/APLF/CYP26B1/EGR3/LOXL3/SFRP1/THEMIS2/IL7/LGALS9B/DAPL1/IL15/LGALS9C/MFSD2B/EMILIN1/IL1B/TLR6/CD1D/KLRK1
GO:0002250,adaptive immune response,77/1244,3.9176653575007605e-15,77,CD74/TNFAIP3/NFKB2/RELB/HLA-B/BCL3/HLA-F/HLA-A/C3/TAP1/TNFRSF21/IRF1/HLA-C/ICAM1/HLA-H/ICOSLG/IL6ST/STAT3/B2M/TNF/JUNB/CTSS/TAP2/TNFRSF11A/TNFRSF14/ZC3H12A/IL23A/HLA-DRB1/IL4R/CLU/HLA-DRA/CD70/TFRC/JAK1/TFE3/RNF19B/ALCAM/ERAP1/ERAP2/NFKBIZ/ASCL2/TNFRSF1B/TRAF2/LYN/TLR4/BTNL8/MSH2/BTN3A3/PARP3/IL18R1/CD40/BTN3A1/IL27RA/C4BPB/SVEP1/CLCF1/LAMP3/RORC/DUSP10/PIK3CD/SKAP1/C5/HLA-DRB5/IL4I1/IL6R/MR1/CRACR2A/APLF/LOXL3/ADGRE1/SIGLEC10/IL1B/SEMA4A/SUSD4/CD1D/RAPGEF3/KLRK1
GO:0002697,regulation of immune effector process,70/1244,5.488023891528051e-15,70,CD74/HLA-B/PTAFR/HLA-F/HLA-A/C3/HLA-C/ICAM1/HLA-H/B2M/TNF/KLK7/CD47/JUNB/TAP2/PTPRJ/TICAM1/TNFRSF14/ZC3H12A/ARRB2/IL23A/HLA-DRB1/IL4R/HLA-DRA/LGALS9/SLC7A5/ITGAM/TFRC/RIGI/PCK1/NFKBIZ/ASCL2/CGAS/STX4/TNFRSF1B/TRAF2/LYN/TLR4/RAC2/GPRC5B/MSH2/PARP3/SEMA7A/PANX1/IL18R1/KLK5/CD40/SERPINB9/IL27RA/C4BPB/SVEP1/CLCF1/LACC1/DUSP10/DDX60/TRIL/VAV1/IL4I1/NOS2/TLR3/SPON2/APOA1/CXCL6/MR1/APLF/LOXL3/IL1B/SUSD4/CD1D/KLRK1
GO:0045785,positive regulation of cell adhesion,87/1244,7.472553845810891e-15,87,CD74/IL2RG/ITGAV/ADAM8/SDC4/PTAFR/CX3CL1/SMAD3/CHST2/HLA-A/ITGA2/CSF1/ICOSLG/VNN1/IL6ST/B2M/TNF/CD47/ITGA3/OLFM4/AGR2/CORO1A/ETS1/TGM2/NCK1/LAMC1/TPM1/PTPRJ/RRAS/TNFRSF14/MAP4K4/AFDN/CAV1/PDGFB/IL23A/HLA-DRB1/SOX4/IL4R/HLA-DRA/NEDD9/FOXO3/CD70/LGALS9/WNT4/COL16A1/TFRC/JAK1/TFE3/PCK1/CCN1/VEGFA/NFKBIZ/STX4/LYN/SHH/IGFBP2/BTN2A2/CD83/CEACAM6/MAP3K8/GCNT1/TNFSF9/CCL2/GCNT2/IL1RL2/DUSP10/SKAP1/VAV1/HLA-DRB5/SOX12/SPOCK2/PREX1/IL4I1/LCK/APOA1/PLPP3/EGR3/LAMA1/SAA1/SFRP1/IL7/IL15/MFSD2B/EMILIN1/IL1B/CD1D/KLRK1
GO:0019221,cytokine-mediated signaling pathway,85/1244,7.98974290653599e-15,85,CD74/TNFAIP3/NFKBIA/DUOX2/IRAK2/IL2RG/BIRC3/CXCL8/CCL20/CX3CL1/CXCL1/IFNGR1/CXCL3/IRF1/IFNGR2/STAT5A/CSF1/IL6ST/SH2B3/STAT3/IKBKE/TNF/TRAF3/OAS3/TNFRSF11A/PTPRJ/TNFRSF14/CXCL2/CXCL11/CAV1/PARP14/F3/PDGFB/IFNAR2/IL4R/FOXO3/CD70/EDN1/JAK1/OAS1/DUOX1/NFKBIZ/IL17RB/SPPL2A/NLRC5/TNFRSF1B/TANK/TRAF2/LYN/ULK1/IL17RE/CYLD/MX1/IL34/IFIH1/IL18R1/CSF2/IL27RA/IL1R2/IFNLR1/CLCF1/CCL2/IL15RA/IL1RL2/IL22RA1/SPHK1/TRAIP/TFF2/ACKR4/MT3/PALM3/ISG15/IL6R/APOA1/TRAF1/CXCL6/IL17REL/PRLR/TNFRSF19/CASP1/IL7/IL15/IL1B/EDN2/CCDC3
GO:0002694,regulation of leukocyte activation,95/1244,1.8052420466074102e-14,95,CD74/TNFAIP3/IL2RG/ADAM8/SDC4/PTAFR/CX3CL1/HLA-F/HLA-A/TNFRSF21/TNFRSF9/IRF1/ICOSLG/VNN1/IL6ST/B2M/ZFP36L1/TNF/NFAM1/CD47/JUNB/CTNNB1/MMP14/CORO1A/MFHAS1/ZBTB46/NCK1/TICAM1/TNFRSF14/ZC3H12A/CAV1/IL23A/HLA-DRB1/SOX4/IL4R/HLA-DRA/NEDD9/FOXO3/CD320/CD70/LGALS9/BID/ITGAM/TFRC/PCK1/ID2/NFKBIZ/ASCL2/CGAS/STX4/TNFRSF1B/LYN/TLR4/RAC2/SHH/MSH2/PARP3/IGFBP2/CEBPB/BTN2A2/CD83/CD40/IL27RA/MAP3K8/NFATC2/TNFSF9/CLCF1/CCL2/IL15RA/IL1RL2/DUSP10/SPHK1/TIGIT/VAV1/HLA-DRB5/SOX12/IL4I1/LCK/PLA2G2A/PRLR/APLF/CYP26B1/EGR3/LOXL3/SFRP1/THEMIS2/IL7/LGALS9B/DAPL1/IL15/LGALS9C/IL1B/TLR6/CD1D/KLRK1
GO:0045229,external encapsulating structure organization,63/1244,2.07089883196408e-14,63,NFKB2/MMP7/ADAM8/BCL3/SMAD3/NOXO1/PHLDB2/COL9A2/CFLAR/TNF/KLK7/BMP2/CTSS/MMP14/ERO1A/B4GALT1/LAMC1/CREB3L1/CAV1/NOX1/NTN4/SMOC2/COL16A1/CCN1/CAV2/TNFRSF1B/FMOD/ADTRP/ADAMTS15/TGFBR1/KLK5/COL7A1/NID2/PAPLN/MELTF/FKBP10/HRNR/LOXL4/COL1A1/SPOCK2/COL12A1/MIA/TNFRSF11B/KAZALD1/TNXB/SLC39A8/LOXL3/NPHS1/ZNF469/LAMA1/COL5A1/APLP1/COL11A2/PRSS1/ADAMTS9/RGCC/COL5A3/ADAMTS14/MMP25/EMILIN1/SMOC1/CRISPLD2/COL13A1
GO:0002521,leukocyte differentiation,101/1244,3.22106813641384e-14,101,CD74/UBD/RELB/HLA-B/IL2RG/ADAM8/BCL3/SBNO2/TNFRSF9/IRF1/STAT5A/CSF1/ITGB8/VNN1/STAT3/B2M/ZFP36L1/TNF/NFAM1/JUNB/CTNNB1/BMP2/MMP14/FOSL2/ZBTB46/TNFRSF11A/PTPRJ/RRAS/GPR137/ZC3H12A/HDAC9/IL23A/HLA-DRB1/ITGB6/SOX4/IL4R/HLA-DRA/NEDD9/MT1G/FOXO3/TESC/LGALS9/WNT4/TFRC/JAK1/TFE3/FZD7/PCK1/ID2/VEGFA/NFKBIZ/FOS/ASCL2/TSPAN2/PIR/LYN/TLR4/SHH/MSH2/MYB/TLR2/CEBPB/BTN2A2/IL34/UBASH3B/IL18R1/CD83/PTGER4/CSF2/TNFSF9/CLCF1/RORC/IL15RA/IL1RL2/DUSP10/PIK3CD/VAV1/LFNG/SOX12/DOCK10/PREX1/IL4I1/IL6R/TNFRSF11B/TLR3/LCK/SNX10/MR1/NFATC1/PLCL2/CYP26B1/EGR3/LOXL3/SFRP1/IL7/IL15/IL1B/SEMA4A/LY6D/CD1D/SLC9B2
GO:0051249,regulation of lymphocyte activation,86/1244,3.22106813641384e-14,86,CD74/TNFAIP3/IL2RG/ADAM8/SDC4/HLA-F/HLA-A/TNFRSF21/TNFRSF9/IRF1/ICOSLG/VNN1/IL6ST/B2M/ZFP36L1/NFAM1/CD47/JUNB/CTNNB1/MMP14/CORO1A/NCK1/TICAM1/TNFRSF14/ZC3H12A/CAV1/IL23A/HLA-DRB1/SOX4/IL4R/HLA-DRA/NEDD9/FOXO3/CD320/CD70/LGALS9/BID/TFRC/PCK1/ID2/NFKBIZ/ASCL2/CGAS/TNFRSF1B/LYN/TLR4/RAC2/SHH/MSH2/PARP3/IGFBP2/CEBPB/BTN2A2/CD83/CD40/IL27RA/MAP3K8/NFATC2/TNFSF9/CLCF1/CCL2/IL15RA/IL1RL2/DUSP10/TIGIT/VAV1/HLA-DRB5/SOX12/IL4I1/LCK/PLA2G2A/PRLR/APLF/CYP26B1/EGR3/LOXL3/SFRP1/THEMIS2/IL7/LGALS9B/DAPL1/IL15/LGALS9C/IL1B/CD1D/KLRK1
GO:0030198,extracellular matrix organization,62/1244,3.67535049143835e-14,62,NFKB2/MMP7/ADAM8/BCL3/SMAD3/NOXO1/PHLDB2/COL9A2/CFLAR/TNF/KLK7/BMP2/CTSS/MMP14/ERO1A/B4GALT1/LAMC1/CREB3L1/CAV1/NOX1/NTN4/SMOC2/COL16A1/CCN1/CAV2/TNFRSF1B/FMOD/ADTRP/ADAMTS15/TGFBR1/KLK5/COL7A1/NID2/PAPLN/MELTF/FKBP10/LOXL4/COL1A1/SPOCK2/COL12A1/MIA/TNFRSF11B/KAZALD1/TNXB/SLC39A8/LOXL3/NPHS1/ZNF469/LAMA1/COL5A1/APLP1/COL11A2/PRSS1/ADAMTS9/RGCC/COL5A3/ADAMTS14/MMP25/EMILIN1/SMOC1/CRISPLD2/COL13A1
GO:0043062,extracellular structure organization,62/1244,3.67535049143835e-14,62,NFKB2/MMP7/ADAM8/BCL3/SMAD3/NOXO1/PHLDB2/COL9A2/CFLAR/TNF/KLK7/BMP2/CTSS/MMP14/ERO1A/B4GALT1/LAMC1/CREB3L1/CAV1/NOX1/NTN4/SMOC2/COL16A1/CCN1/CAV2/TNFRSF1B/FMOD/ADTRP/ADAMTS15/TGFBR1/KLK5/COL7A1/NID2/PAPLN/MELTF/FKBP10/LOXL4/COL1A1/SPOCK2/COL12A1/MIA/TNFRSF11B/KAZALD1/TNXB/SLC39A8/LOXL3/NPHS1/ZNF469/LAMA1/COL5A1/APLP1/COL11A2/PRSS1/ADAMTS9/RGCC/COL5A3/ADAMTS14/MMP25/EMILIN1/SMOC1/CRISPLD2/COL13A1
GO:0050778,positive regulation of immune response,107/1244,1.05838101835154e-13,107,CD74/TNFAIP3/NFKBIA/IRAK2/HLA-B/TNIP1/BIRC3/ADAM8/PTAFR/HLA-F/HLA-A/C3/TNFRSF21/IRF1/HLA-C/HLA-H/ICOSLG/IL6ST/NINJ1/B2M/IKBKE/TNF/NFAM1/KLK7/CD47/TRIM31/TRAF3/CTSS/MFHAS1/FOSL2/TAP2/OAS3/NFKB1/PTPRJ/TICAM1/BCAR1/ZC3H12A/ARRB2/KCNN4/CAV1/IL23A/HLA-DRB1/IL4R/CLU/HLA-DRA/LGALS9/ITGAM/CFB/TFRC/RIGI/SLC15A3/PCK1/OAS1/NFKBIZ/CGAS/STX4/NLRC5/PDE4D/TRAF2/LYN/TLR4/BTNL8/MSH2/TLR2/BTN3A3/CYLD/BTN2A2/IFIH1/IL18R1/KLK5/CD40/BTN3A1/NMI/IL27RA/NFATC2/C4BPB/SVEP1/GBP2/CLCF1/LACC1/PIK3CD/DDX60/GBP1/TRIL/SKAP1/VAV1/C5/HLA-DRB5/TLR3/LCK/CFD/MR1/GCSAM/PLCL2/POLR3G/TLR5/THEMIS2/CASP1/CD14/RGCC/IL15/CMTM3/IL1B/TLR6/SUSD4/CD1D/KLRK1
GO:0022407,regulation of cell-cell adhesion,82/1244,3.22976482503697e-13,82,CD74/IL2RG/ADAM8/SDC4/PTAFR/CX3CL1/CHST2/HLA-A/TNFRSF21/IRF1/ICOSLG/VNN1/IL6ST/SH2B3/B2M/TNF/CD47/BMP2/CORO1A/ETS1/ASS1/NCK1/TNFRSF14/ZC3H12A/AFDN/CAV1/IL23A/HLA-DRB1/SOX4/IL4R/HLA-DRA/FOXO3/CD70/LGALS9/WNT4/TFRC/JAK1/PCK1/VEGFA/NFKBIZ/ASCL2/LYN/ADTRP/SHH/IGFBP2/CEBPB/BTN2A2/UBASH3B/CD83/CEACAM6/MAP3K8/GCNT1/EPHB3/TNFSF9/CCL2/GCNT2/IL1RL2/DUSP10/SKAP1/TIGIT/VAV1/HLA-DRB5/SOX12/BMP6/IL4I1/LCK/APOA1/PLA2G2A/PLPP3/EGR3/LOXL3/IL7/LGALS9B/DAPL1/RGCC/IL15/LGALS9C/MFSD2B/EMILIN1/IL1B/CD1D/KLRK1
GO:0042110,T cell activation,88/1244,8.2294038785306e-13,88,CD74/RELB/IL2RG/ADAM8/SDC4/BCL3/SMAD3/HLA-A/TNFRSF21/TNFRSF9/IRF1/ICAM1/ICOSLG/VNN1/IL6ST/STAT3/B2M/ZFP36L1/CD47/JUNB/CTNNB1/CORO1A/FOSL2/NCK1/TNFRSF14/ZC3H12A/CAV1/IL23A/HLA-DRB1/SOX4/IL4R/HLA-DRA/FOXO3/CD70/LGALS9/WNT4/BID/TFRC/JAK1/FZD7/PCK1/PSMB10/NFKBIZ/ASCL2/CGAS/TNFRSF1B/LYN/RAC2/SHH/MYB/IGFBP2/CEBPB/BTN2A2/IL18R1/CD83/PTGER4/BTN3A1/MAP3K8/TNFSF9/CCL2/RORC/IL1RL2/DUSP10/PIK3CD/TIGIT/VAV1/HLA-DRB5/LFNG/SOX12/PREX1/IL4I1/IL6R/LCK/PLA2G2A/MR1/CYP26B1/EGR3/LOXL3/IL7/LGALS9B/DAPL1/IL15/LGALS9C/IL1B/SEMA4A/SH2D2A/CD1D/KLRK1
GO:1903131,mononuclear cell differentiation,82/1244,1.3752493129141998e-12,82,CD74/UBD/RELB/HLA-B/IL2RG/ADAM8/BCL3/TNFRSF9/IRF1/CSF1/ITGB8/VNN1/STAT3/B2M/ZFP36L1/NFAM1/JUNB/CTNNB1/MMP14/FOSL2/ZBTB46/PTPRJ/ZC3H12A/HDAC9/IL23A/HLA-DRB1/ITGB6/SOX4/IL4R/HLA-DRA/MT1G/FOXO3/LGALS9/WNT4/JAK1/FZD7/PCK1/ID2/VEGFA/NFKBIZ/FOS/ASCL2/PIR/LYN/SHH/MSH2/MYB/CEBPB/BTN2A2/IL34/IL18R1/CD83/PTGER4/CSF2/TNFSF9/CLCF1/RORC/IL15RA/IL1RL2/DUSP10/PIK3CD/VAV1/LFNG/SOX12/DOCK10/PREX1/IL4I1/IL6R/LCK/MR1/NFATC1/PLCL2/CYP26B1/EGR3/LOXL3/SFRP1/IL7/IL15/IL1B/SEMA4A/LY6D/CD1D
GO:0006935,chemotaxis,70/1244,1.3752493129141998e-12,70,CD74/ITGAV/CXCL8/ADAM8/CCL20/PTAFR/CX3CL1/SMAD3/CXCL1/CXCL3/TYMP/ITGA2/CSF1/L1CAM/PLEC/NINJ1/CORO1A/CXCL16/TNFRSF11A/SEMA4B/PTPRJ/PLAU/BCAR1/CXCL2/CXCL11/ARRB2/SEMA4C/F3/PDGFB/IL23A/NEDD9/LGALS9/EDN1/SMOC2/SEMA3C/CCN1/HSD3B7/VEGFA/STX4/LYN/RAC2/PLD1/SLC8B1/SEMA7A/IL34/FGF2/DUSP1/CCL2/PIK3CD/ACKR4/VAV1/C5/PREX1/IL6R/APOA1/CXCL6/EGR3/SAA1/GPSM3/DPEP1/EDN3/CMTM3/FGF18/IL1B/EDN2/SEMA4A/ITGA9/NTN1/KLRK1/BIN2
GO:0042330,taxis,70/1244,1.3752493129141998e-12,70,CD74/ITGAV/CXCL8/ADAM8/CCL20/PTAFR/CX3CL1/SMAD3/CXCL1/CXCL3/TYMP/ITGA2/CSF1/L1CAM/PLEC/NINJ1/CORO1A/CXCL16/TNFRSF11A/SEMA4B/PTPRJ/PLAU/BCAR1/CXCL2/CXCL11/ARRB2/SEMA4C/F3/PDGFB/IL23A/NEDD9/LGALS9/EDN1/SMOC2/SEMA3C/CCN1/HSD3B7/VEGFA/STX4/LYN/RAC2/PLD1/SLC8B1/SEMA7A/IL34/FGF2/DUSP1/CCL2/PIK3CD/ACKR4/VAV1/C5/PREX1/IL6R/APOA1/CXCL6/EGR3/SAA1/GPSM3/DPEP1/EDN3/CMTM3/FGF18/IL1B/EDN2/SEMA4A/ITGA9/NTN1/KLRK1/BIN2
GO:0032103,positive regulation of response to external stimulus,91/1244,2.06191519689404e-12,91,CD74/TNFAIP3/NFKBIA/IRAK2/TNIP1/BIRC3/CXCL8/ADAM8/CX3CL1/SMAD3/HLA-F/C3/IRF1/ITGA2/CSF1/OPTN/IL6ST/NINJ1/IKBKE/TNF/KLK7/CD47/TRIM31/TRAF3/CTSS/ETS1/MFHAS1/OAS3/TNFRSF11A/TICAM1/PLAU/ARRB2/CAV1/F3/PDGFB/IL23A/NEDD9/LGALS9/EDN1/SMOC2/RIGI/SLC15A3/OAS1/VEGFA/NFKBIZ/CGAS/LGALS2/STX4/NLRC5/LYN/TLR4/RAC2/GPRC5B/TLR2/CEBPB/CYLD/IL34/IFIH1/KLK5/CD40/PTGER4/NEAT1/FGF2/NMI/GBP2/LACC1/LPL/DDX60/TRIL/VAV1/BMP6/IL6R/TLR3/C2CD4A/PLA2G2A/NUPR1/POLR3G/TLR5/GPSM3/C2CD4B/CASP1/CD14/IL15/EDN3/FGF18/EMILIN1/IL1B/EDN2/TLR6/CD1D/KLRK1
GO:0007159,leukocyte cell-cell adhesion,69/1244,1.1744060546523699e-11,69,CD74/IL2RG/TNIP1/ADAM8/SDC4/PTAFR/CHST2/HLA-A/TNFRSF21/IRF1/ICAM1/ICOSLG/VNN1/IL6ST/B2M/TNF/CD47/CORO1A/ETS1/ASS1/NCK1/TNFRSF14/ZC3H12A/CAV1/IL23A/HLA-DRB1/SOX4/IL4R/HLA-DRA/FOXO3/CD70/LGALS9/TFRC/PCK1/NFKBIZ/ASCL2/LYN/RAC2/ADTRP/SHH/IGFBP2/CEBPB/BTN2A2/CD83/MAP3K8/GCNT1/TNFSF9/CCL2/IL1RL2/DUSP10/SKAP1/TIGIT/VAV1/HLA-DRB5/SOX12/IL4I1/LCK/PLA2G2A/SLC39A8/EGR3/LOXL3/IL7/LGALS9B/DAPL1/IL15/LGALS9C/IL1B/CD1D/KLRK1
GO:1903037,regulation of leukocyte cell-cell adhesion,65/1244,1.3509717578145e-11,65,CD74/IL2RG/ADAM8/SDC4/PTAFR/CHST2/HLA-A/TNFRSF21/IRF1/ICOSLG/VNN1/IL6ST/B2M/TNF/CD47/CORO1A/ETS1/ASS1/NCK1/TNFRSF14/ZC3H12A/CAV1/IL23A/HLA-DRB1/SOX4/IL4R/HLA-DRA/FOXO3/CD70/LGALS9/TFRC/PCK1/NFKBIZ/ASCL2/LYN/ADTRP/SHH/IGFBP2/CEBPB/BTN2A2/CD83/MAP3K8/GCNT1/TNFSF9/CCL2/IL1RL2/DUSP10/SKAP1/TIGIT/VAV1/HLA-DRB5/SOX12/IL4I1/LCK/PLA2G2A/EGR3/LOXL3/IL7/LGALS9B/DAPL1/IL15/LGALS9C/IL1B/CD1D/KLRK1
GO:0002237,response to molecule of bacterial origin,62/1244,1.8348987285891e-11,62,TNFAIP3/NFKBIA/IRAK2/NFKB2/TNIP1/CXCL8/PTAFR/CX3CL1/CXCL1/SBNO2/CXCL3/B2M/TNF/FOSL2/GJB2/TAP2/NFKB1/TNFRSF11A/ASS1/TICAM1/CXCL2/ZC3H12A/HMGCS2/CXCL11/AKAP12/NFKBIB/LGALS9/SLC7A5/EDN1/PCK1/NFKBIZ/FOS/TNFRSF1B/CLDN1/LYN/REN/TLR4/SMAD6/GCH1/TLR2/CEBPB/CD40/PTGER4/CSF2/GBP2/CCL2/F2R/DUSP10/CYP1A1/PALM3/BMP6/NOS2/SPON2/CXCL6/LIAS/CITED1/CASP1/CD14/IL1B/TLR6/KLRK1/CMPK2
GO:0050863,regulation of T cell activation,65/1244,2.30988294157961e-11,65,CD74/IL2RG/ADAM8/SDC4/HLA-A/TNFRSF21/TNFRSF9/IRF1/ICOSLG/VNN1/IL6ST/B2M/CD47/JUNB/CTNNB1/CORO1A/NCK1/TNFRSF14/ZC3H12A/CAV1/IL23A/HLA-DRB1/SOX4/IL4R/HLA-DRA/FOXO3/CD70/LGALS9/BID/TFRC/PCK1/NFKBIZ/ASCL2/CGAS/TNFRSF1B/LYN/RAC2/SHH/IGFBP2/CEBPB/BTN2A2/CD83/MAP3K8/TNFSF9/CCL2/IL1RL2/DUSP10/TIGIT/VAV1/HLA-DRB5/SOX12/IL4I1/LCK/PLA2G2A/CYP26B1/EGR3/LOXL3/IL7/LGALS9B/DAPL1/IL15/LGALS9C/IL1B/CD1D/KLRK1
GO:2000147,positive regulation of cell motility,89/1244,2.4151845999831e-11,89,LAMC2/CD74/DUOX2/MMP7/DUOXA2/ITGAV/CXCL8/ADAM8/CCL20/PTAFR/CX3CL1/SMAD3/STAT5A/ITGA2/CSF1/ICAM1/STAT3/TNF/CD47/ITGA3/BMP2/MMP14/CORO1A/ETS1/CXCL16/CEMIP/CAVIN1/SEMA4B/PLAU/RRAS/TNFRSF14/BCAR1/ZC3H12A/MAP4K4/JCAD/CAV1/SEMA4C/F3/HDAC9/PDGFB/IL23A/AKAP12/RIPOR1/NEDD9/LGALS9/EDN1/SMOC2/ADRA2A/SEMA3C/PLK2/CCN1/DUOX1/VEGFA/ASCL2/DRD1/STX4/CLDN1/LYN/TLR4/RAC2/SEMA7A/TGFBR1/IL34/CEACAM6/CD40/CSF2/FGF2/F2R/GCNT2/SPHK1/COL1A1/PIK3CD/SPOCK2/PROX1/PREX1/IL6R/PLPP3/PDGFC/AQP1/WNT7A/TERT/GPSM3/EDN3/GLIPR2/FGF18/IL1B/EDN2/SEMA4A/NTN1
GO:0043408,regulation of MAPK cascade,96/1244,2.4151845999831e-11,96,CD74/TNIP1/ADAM8/CCL20/CX3CL1/DUSP5/ICAM1/IGFBP3/CFLAR/SH2B3/TNF/CTNNB1/BMP2/MFHAS1/TGFA/TNFRSF11A/PTPRJ/RRAS/IGFBP4/RAP1B/ZC3H12A/ARL6IP5/MAP4K4/ARRB2/JCAD/CAV1/SEMA4C/XDH/PDGFB/DUSP16/HLA-DRB1/DKK1/AKAP12/NOX1/LGALS9/EDN1/ADRA2A/GADD45A/ATF3/FZD7/CCN1/FOXO1/VEGFA/CAV2/DUSP8/NTRK2/LPAR2/TRAF2/LYN/REN/TLR4/DENND2B/RGS2/SEMA7A/CYLD/BTN2A2/TGFBR1/ERN1/IL34/PER1/CD40/KL/FGF2/DUSP1/GPR37L1/EFNA1/GAREM1/CCL2/F2R/GCNT2/DUSP10/SPHK1/CNKSR3/FGF19/GBP1/LBH/MT3/PSCA/TLR3/PLA2G2A/ADRA2B/TNFRSF19/LMO3/CAVIN3/EDAR/UCHL1/PDGFC/ADORA1/DUSP2/WNT7A/EDN3/GLIPR2/FGF18/EMILIN1/IL1B/TLR6
GO:0050900,leukocyte migration,62/1244,2.4151845999831e-11,62,CD74/CXCL8/ADAM8/CCL20/PTAFR/CX3CL1/CXCL1/CHST2/CXCL3/ITGA2/CSF1/ICAM1/PLEC/NINJ1/TNF/CD47/ITGA3/MMP14/CORO1A/CXCL16/B4GALT1/TNFRSF11A/TNFRSF14/CXCL2/CXCL11/PDGFB/IL23A/NEDD9/LGALS9/EDN1/HSD3B7/VEGFA/ASCL2/LYN/RAC2/ADTRP/SLC8B1/IL34/PTGER4/DUSP1/IL27RA/GCNT1/CCL2/PIK3CD/VAV1/C5/PREX1/IL6R/LCK/CXCL6/GCSAM/APOD/ADORA1/SAA1/GPSM3/DPEP1/EDN3/EMILIN1/IL1B/EDN2/ITGA9/KLRK1
GO:0022409,positive regulation of cell-cell adhesion,59/1244,3.2263828610591596e-11,59,CD74/IL2RG/ADAM8/PTAFR/CX3CL1/CHST2/HLA-A/ICOSLG/VNN1/IL6ST/B2M/TNF/CD47/CORO1A/ETS1/NCK1/TNFRSF14/AFDN/CAV1/IL23A/HLA-DRB1/SOX4/IL4R/HLA-DRA/FOXO3/CD70/LGALS9/TFRC/JAK1/PCK1/NFKBIZ/LYN/SHH/IGFBP2/BTN2A2/CD83/CEACAM6/MAP3K8/GCNT1/TNFSF9/CCL2/GCNT2/IL1RL2/DUSP10/SKAP1/VAV1/HLA-DRB5/SOX12/IL4I1/LCK/PLPP3/EGR3/IL7/IL15/MFSD2B/EMILIN1/IL1B/CD1D/KLRK1
GO:0032496,response to lipopolysaccharide,59/1244,3.88684477838609e-11,59,TNFAIP3/NFKBIA/IRAK2/NFKB2/TNIP1/CXCL8/PTAFR/CX3CL1/CXCL1/SBNO2/CXCL3/TNF/FOSL2/GJB2/NFKB1/TNFRSF11A/ASS1/TICAM1/CXCL2/ZC3H12A/HMGCS2/CXCL11/AKAP12/NFKBIB/LGALS9/SLC7A5/EDN1/PCK1/NFKBIZ/FOS/TNFRSF1B/CLDN1/LYN/REN/TLR4/SMAD6/GCH1/TLR2/CEBPB/CD40/PTGER4/CSF2/GBP2/CCL2/F2R/DUSP10/CYP1A1/PALM3/BMP6/NOS2/SPON2/CXCL6/LIAS/CITED1/CASP1/CD14/IL1B/KLRK1/CMPK2
GO:0040017,positive regulation of locomotion,89/1244,5.113576097726729e-11,89,LAMC2/CD74/DUOX2/MMP7/DUOXA2/ITGAV/CXCL8/ADAM8/CCL20/PTAFR/CX3CL1/SMAD3/STAT5A/ITGA2/CSF1/ICAM1/STAT3/TNF/CD47/ITGA3/BMP2/MMP14/CORO1A/ETS1/CXCL16/CEMIP/CAVIN1/SEMA4B/PLAU/RRAS/TNFRSF14/BCAR1/ZC3H12A/MAP4K4/JCAD/CAV1/SEMA4C/F3/HDAC9/PDGFB/IL23A/AKAP12/RIPOR1/NEDD9/LGALS9/EDN1/SMOC2/ADRA2A/SEMA3C/PLK2/CCN1/DUOX1/VEGFA/ASCL2/DRD1/STX4/CLDN1/LYN/TLR4/RAC2/SEMA7A/TGFBR1/IL34/CEACAM6/CD40/CSF2/FGF2/F2R/GCNT2/SPHK1/COL1A1/PIK3CD/SPOCK2/PROX1/PREX1/IL6R/PLPP3/PDGFC/AQP1/WNT7A/TERT/GPSM3/EDN3/GLIPR2/FGF18/IL1B/EDN2/SEMA4A/NTN1
GO:0002703,regulation of leukocyte mediated immunity,47/1244,7.74917051730415e-11,47,HLA-B/PTAFR/HLA-F/HLA-A/C3/HLA-C/ICAM1/HLA-H/B2M/TNF/TAP2/TICAM1/ARRB2/IL23A/HLA-DRB1/IL4R/HLA-DRA/LGALS9/ITGAM/TFRC/RIGI/STX4/TNFRSF1B/TRAF2/LYN/TLR4/RAC2/MSH2/PARP3/IL18R1/CD40/SERPINB9/IL27RA/C4BPB/SVEP1/CLCF1/VAV1/IL4I1/NOS2/TLR3/CXCL6/MR1/APLF/IL1B/SUSD4/CD1D/KLRK1
GO:0002699,positive regulation of immune effector process,49/1244,1.68693749838864e-10,49,CD74/HLA-B/PTAFR/HLA-F/HLA-A/C3/HLA-C/HLA-H/B2M/TNF/KLK7/TAP2/PTPRJ/TICAM1/TNFRSF14/IL23A/HLA-DRB1/IL4R/HLA-DRA/LGALS9/SLC7A5/ITGAM/TFRC/RIGI/PCK1/NFKBIZ/STX4/TRAF2/LYN/TLR4/RAC2/GPRC5B/MSH2/SEMA7A/PANX1/IL18R1/KLK5/CD40/CLCF1/LACC1/DDX60/VAV1/NOS2/TLR3/SPON2/MR1/IL1B/CD1D/KLRK1
GO:0048514,blood vessel morphogenesis,92/1244,2.49177296972531e-10,92,TNFAIP3/TNFAIP2/ITGAV/CXCL8/ADAM8/CX3CL1/ATP2B4/C3/TYMP/ITGB8/NINJ1/STAT3/ZFP36L1/TNF/CD47/JUNB/CTNNB1/MMP14/ETS1/CLIC4/RNF213/B4GALT1/TGFA/HSPG2/RRAS/AMOTL2/ZC3H12A/CREB3L1/JCAD/CAV1/F3/HDAC9/XDH/PML/SOX4/NOX1/KLF2/EDN1/WNT4/SMOC2/GADD45A/JAK1/PLK2/CCN1/ERAP1/THBS2/VEGFA/BTG1/NTRK2/ADTRP/SHH/TGFBR1/ANPEP/CD40/FGF2/EPHB3/EFNA1/TSPAN12/FKBP10/CCL2/E2F8/SPHK1/PIK3CD/E2F2/HSPB6/NFATC4/PROX1/QKI/TLR3/ADRA2B/ANGPTL4/CITED1/EGR3/APOD/AQP1/NRCAM/WNT7A/LAMA1/TERT/SFRP1/ADAMTS9/RGCC/ADGRB2/FGF18/EMILIN1/IL1B/EDN2/SEMA4A/FOLR1/SH2D2A/RAPGEF3/STAB1
GO:0050727,regulation of inflammatory response,61/1244,2.73682371508266e-10,61,TNFAIP3/NFKBIA/DUOXA2/TNIP1/BIRC3/ADAM8/CX3CL1/SMAD3/SBNO2/C3/DUOXA1/IL6ST/NINJ1/STAT3/TNF/CD47/IER3/ETS1/MFHAS1/NFKB1/TNFRSF11A/PTGES/RHBDF2/IL23A/HLA-DRB1/AOAH/PLK2/NFKBIZ/LGALS2/TNFRSF1B/LYN/TLR4/GPRC5B/TLR2/SEMA7A/CEBPB/CYLD/PTGER4/NEAT1/NMI/LACC1/IL1RL2/DUSP10/IL22RA1/FNDC4/LPL/SPHK1/TLR3/APOA1/C2CD4A/PLA2G2A/NUPR1/SLC39A8/ADORA1/SAA1/GPSM3/C2CD4B/CASP1/IL15/SIGLEC10/IL1B
GO:0030595,leukocyte chemotaxis,42/1244,5.530634956820571e-10,42,CD74/CXCL8/ADAM8/CCL20/CX3CL1/CXCL1/CXCL3/CSF1/PLEC/NINJ1/CORO1A/CXCL16/TNFRSF11A/CXCL2/CXCL11/PDGFB/IL23A/NEDD9/LGALS9/EDN1/HSD3B7/VEGFA/LYN/RAC2/SLC8B1/IL34/DUSP1/CCL2/PIK3CD/VAV1/C5/PREX1/IL6R/CXCL6/SAA1/GPSM3/DPEP1/EDN3/IL1B/EDN2/ITGA9/KLRK1
GO:1903039,positive regulation of leukocyte cell-cell adhesion,51/1244,5.90111218782294e-10,51,CD74/IL2RG/ADAM8/PTAFR/CHST2/HLA-A/ICOSLG/VNN1/IL6ST/B2M/TNF/CD47/CORO1A/ETS1/NCK1/TNFRSF14/CAV1/IL23A/HLA-DRB1/SOX4/IL4R/HLA-DRA/FOXO3/CD70/LGALS9/TFRC/PCK1/NFKBIZ/LYN/SHH/IGFBP2/BTN2A2/CD83/MAP3K8/GCNT1/TNFSF9/CCL2/IL1RL2/DUSP10/SKAP1/VAV1/HLA-DRB5/SOX12/IL4I1/LCK/EGR3/IL7/IL15/IL1B/CD1D/KLRK1
GO:0030335,positive regulation of cell migration,83/1244,5.96731867024644e-10,83,LAMC2/CD74/MMP7/ITGAV/CXCL8/ADAM8/CCL20/PTAFR/CX3CL1/SMAD3/STAT5A/ITGA2/CSF1/ICAM1/STAT3/TNF/CD47/ITGA3/BMP2/MMP14/CORO1A/ETS1/CXCL16/CEMIP/SEMA4B/PLAU/RRAS/TNFRSF14/BCAR1/ZC3H12A/MAP4K4/JCAD/CAV1/SEMA4C/F3/HDAC9/PDGFB/IL23A/AKAP12/RIPOR1/NEDD9/LGALS9/EDN1/SMOC2/ADRA2A/SEMA3C/PLK2/CCN1/VEGFA/ASCL2/DRD1/STX4/CLDN1/LYN/TLR4/RAC2/SEMA7A/TGFBR1/IL34/CEACAM6/CD40/CSF2/FGF2/F2R/GCNT2/SPHK1/COL1A1/PIK3CD/PROX1/PREX1/IL6R/PLPP3/PDGFC/AQP1/WNT7A/TERT/GPSM3/EDN3/GLIPR2/FGF18/IL1B/EDN2/SEMA4A
GO:0002443,leukocyte mediated immunity,60/1244,6.5738863521263e-10,60,CD74/HLA-B/BCL3/PTAFR/HLA-F/HLA-A/C3/HLA-C/ICAM1/HLA-H/B2M/TNF/CORO1A/TAP2/TICAM1/ARRB2/IL23A/HLA-DRB1/IL4R/CLU/HLA-DRA/CD70/LGALS9/ITGAM/TFRC/RNF19B/RIGI/NFKBIZ/STX4/TNFRSF1B/TRAF2/LYN/TLR4/RAC2/MSH2/BTN3A3/PARP3/IL18R1/CD40/SERPINB9/IL27RA/C4BPB/SVEP1/CLCF1/PIK3CD/SCNN1B/VAV1/C5/PTGDR/IL4I1/NOS2/TLR3/SPON2/CXCL6/MR1/APLF/IL1B/SUSD4/CD1D/KLRK1
GO:0043410,positive regulation of MAPK cascade,69/1244,7.46389110371163e-10,69,CD74/ADAM8/CCL20/CX3CL1/ICAM1/IGFBP3/CFLAR/TNF/CTNNB1/BMP2/MFHAS1/TGFA/TNFRSF11A/PTPRJ/IGFBP4/RAP1B/ZC3H12A/ARL6IP5/ARRB2/JCAD/SEMA4C/XDH/PDGFB/HLA-DRB1/DKK1/AKAP12/NOX1/LGALS9/EDN1/ADRA2A/GADD45A/FZD7/VEGFA/CAV2/NTRK2/LPAR2/TRAF2/TLR4/DENND2B/SEMA7A/TGFBR1/ERN1/IL34/CD40/KL/FGF2/GPR37L1/EFNA1/GAREM1/CCL2/F2R/GCNT2/SPHK1/FGF19/MT3/TLR3/PLA2G2A/ADRA2B/TNFRSF19/CAVIN3/EDAR/PDGFC/ADORA1/WNT7A/EDN3/GLIPR2/FGF18/IL1B/TLR6
GO:0060326,cell chemotaxis,50/1244,7.876762826370361e-10,50,CD74/CXCL8/ADAM8/CCL20/CX3CL1/CXCL1/CXCL3/CSF1/PLEC/NINJ1/CORO1A/CXCL16/TNFRSF11A/BCAR1/CXCL2/CXCL11/ARRB2/PDGFB/IL23A/NEDD9/LGALS9/EDN1/SMOC2/HSD3B7/VEGFA/LYN/RAC2/SLC8B1/IL34/FGF2/DUSP1/CCL2/PIK3CD/ACKR4/VAV1/C5/PREX1/IL6R/CXCL6/EGR3/SAA1/GPSM3/DPEP1/EDN3/FGF18/IL1B/EDN2/ITGA9/KLRK1/BIN2
GO:0002683,negative regulation of immune system process,73/1244,1.62574381082636e-09,73,CD74/TNFAIP3/HLA-B/SDC4/CX3CL1/HLA-F/HLA-A/TNFRSF21/IRF1/TNF/CD47/TRIM31/CTNNB1/MFHAS1/ZBTB46/OAS3/PTPRJ/TNFRSF14/GPR137/ZC3H12A/RHBDF2/ARRB2/PARP14/HLA-DRB1/IL4R/LGALS9/PLK2/ID2/OAS1/TAPBPL/TRAFD1/ASCL2/CGAS/NLRC5/LYN/TLR4/ADTRP/SHH/PARP3/CEBPB/BTN2A2/UBASH3B/PTGER4/SERPINB9/NMI/DUSP1/IL27RA/C4BPB/SVEP1/CCL2/DUSP10/GBP1/TIGIT/C5/ISG15/IL4I1/TNFRSF11B/TLR3/APOA1/PLA2G2A/GCSAM/PLCL2/APOD/ADORA1/LOXL3/SFRP1/LGALS9B/DAPL1/LGALS9C/EMILIN1/TLR6/SUSD4/KLRK1
GO:0050729,positive regulation of inflammatory response,31/1244,2.39566783564461e-09,31,NFKBIA/TNIP1/ADAM8/CX3CL1/C3/IL6ST/NINJ1/TNF/CD47/ETS1/TNFRSF11A/IL23A/NFKBIZ/LGALS2/TLR4/GPRC5B/TLR2/CEBPB/PTGER4/NEAT1/NMI/LPL/TLR3/C2CD4A/PLA2G2A/NUPR1/GPSM3/C2CD4B/CASP1/IL15/IL1B
GO:0070661,leukocyte proliferation,55/1244,2.4089319609804e-09,55,CD74/TNFAIP3/SDC4/CX3CL1/HLA-A/TNFRSF21/TNFRSF9/IRF1/CSF1/ICOSLG/IL6ST/JUNB/CTNNB1/CORO1A/FOSL2/NCK1/TICAM1/TNFRSF14/IL23A/HLA-DRB1/CLU/CD320/CD70/LGALS9/WNT4/BID/TFRC/PSMB10/NFKBIZ/TNFRSF1B/LYN/TLR4/RAC2/SHH/IGFBP2/CEBPB/BTN2A2/IL34/CD40/CSF2/BTN3A1/NFATC2/TNFSF9/CLCF1/IL4I1/PLA2G2A/PRLR/PLCL2/IL7/LGALS9B/IL15/LGALS9C/IL1B/SH2D2A/CD1D
GO:0002696,positive regulation of leukocyte activation,61/1244,2.43594372625609e-09,61,CD74/IL2RG/ADAM8/PTAFR/HLA-F/HLA-A/ICOSLG/VNN1/IL6ST/B2M/TNF/CD47/MMP14/CORO1A/NCK1/TICAM1/TNFRSF14/CAV1/IL23A/HLA-DRB1/SOX4/IL4R/HLA-DRA/FOXO3/CD320/CD70/LGALS9/ITGAM/TFRC/PCK1/NFKBIZ/STX4/LYN/TLR4/SHH/MSH2/IGFBP2/BTN2A2/CD83/CD40/MAP3K8/NFATC2/TNFSF9/CLCF1/CCL2/IL15RA/IL1RL2/DUSP10/VAV1/HLA-DRB5/SOX12/IL4I1/LCK/PRLR/EGR3/IL7/IL15/IL1B/TLR6/CD1D/KLRK1
GO:0050867,positive regulation of cell activation,62/1244,2.7150484439844903e-09,62,CD74/IL2RG/ADAM8/PTAFR/HLA-F/HLA-A/ICOSLG/VNN1/IL6ST/B2M/TNF/CD47/MMP14/CORO1A/NCK1/TICAM1/TNFRSF14/CAV1/IL23A/HLA-DRB1/SOX4/IL4R/HLA-DRA/FOXO3/CD320/CD70/LGALS9/ITGAM/TFRC/PCK1/NFKBIZ/STX4/LYN/TLR4/SHH/MSH2/MYB/IGFBP2/BTN2A2/CD83/CD40/MAP3K8/NFATC2/TNFSF9/CLCF1/CCL2/IL15RA/IL1RL2/DUSP10/VAV1/HLA-DRB5/SOX12/IL4I1/LCK/PRLR/EGR3/IL7/IL15/IL1B/TLR6/CD1D/KLRK1
GO:0001525,angiogenesis,80/1244,2.7527285854926403e-09,80,TNFAIP3/TNFAIP2/ITGAV/CXCL8/ADAM8/CX3CL1/ATP2B4/C3/TYMP/ITGB8/NINJ1/STAT3/TNF/CD47/CTNNB1/MMP14/ETS1/CLIC4/RNF213/B4GALT1/TGFA/HSPG2/RRAS/AMOTL2/ZC3H12A/CREB3L1/JCAD/CAV1/F3/HDAC9/PML/NOX1/KLF2/EDN1/SMOC2/GADD45A/JAK1/PLK2/CCN1/ERAP1/THBS2/VEGFA/BTG1/ADTRP/SHH/TGFBR1/ANPEP/CD40/FGF2/EPHB3/EFNA1/TSPAN12/CCL2/E2F8/SPHK1/PIK3CD/E2F2/HSPB6/NFATC4/TLR3/ADRA2B/ANGPTL4/EGR3/APOD/AQP1/NRCAM/WNT7A/TERT/SFRP1/ADAMTS9/RGCC/ADGRB2/FGF18/EMILIN1/IL1B/EDN2/SEMA4A/SH2D2A/RAPGEF3/STAB1
GO:0002819,regulation of adaptive immune response,41/1244,5.0588403420597605e-09,41,TNFAIP3/HLA-B/HLA-F/HLA-A/C3/IRF1/HLA-C/HLA-H/IL6ST/B2M/TNF/JUNB/TAP2/TNFRSF14/ZC3H12A/IL23A/HLA-DRB1/IL4R/HLA-DRA/TFRC/NFKBIZ/ASCL2/TNFRSF1B/TRAF2/MSH2/PARP3/IL18R1/CD40/IL27RA/C4BPB/SVEP1/CLCF1/DUSP10/SKAP1/IL4I1/MR1/APLF/LOXL3/IL1B/SUSD4/CD1D
GO:0003013,circulatory system process,76/1244,5.363298608293231e-09,76,ATP1B1/PTAFR/SMAD3/ATP2B4/RNF207/ABAT/PLEC/TNF/DSC2/ECE1/SLC5A1/IER3/NAV2/OXTR/TPM1/PTPRJ/ABCB1/SLCO3A1/GCLC/ZC3H12A/CAV1/PDGFB/AKAP12/NOX1/GCLM/KLF2/KLK1/SLC7A5/EDN1/ADRA2A/TFRC/WWTR1/ID2/CYP4F12/ERAP1/CELF2/VEGFA/ERAP2/DRD1/SLC38A5/PDE4D/REN/ABCC5/GCH1/RGS2/WNK4/KL/GPR37L1/SOD3/FABP5/SVEP1/KCNMB4/ACSM3/BDKRB2/F2R/GSTM2/SCNN1B/KCNJ2/ABCC2/CHRM3/SLC2A4/BMP6/NOS2/TNNT2/C2CD4A/ADRA2B/LPA/ADORA1/DMD/HTR1D/C2CD4B/UTS2/EDN3/ATP1A3/EMILIN1/EDN2
GO:0002460,adaptive immune response based on somatic recombination of immune receptors built from immunoglobulin superfamily domains,51/1244,7.0286173526772305e-09,51,CD74/TNFAIP3/NFKB2/RELB/HLA-B/BCL3/HLA-F/HLA-A/C3/HLA-C/ICAM1/HLA-H/STAT3/B2M/TNF/JUNB/TAP2/ZC3H12A/IL23A/HLA-DRB1/IL4R/CLU/HLA-DRA/CD70/TFRC/JAK1/NFKBIZ/ASCL2/TNFRSF1B/TRAF2/TLR4/MSH2/BTN3A3/PARP3/IL18R1/CD40/IL27RA/C4BPB/SVEP1/CLCF1/RORC/C5/IL4I1/IL6R/MR1/APLF/LOXL3/IL1B/SEMA4A/SUSD4/CD1D
GO:0030217,T cell differentiation,55/1244,7.9577428909217e-09,55,CD74/RELB/IL2RG/ADAM8/BCL3/TNFRSF9/IRF1/VNN1/STAT3/B2M/ZFP36L1/JUNB/CTNNB1/FOSL2/ZC3H12A/IL23A/HLA-DRB1/SOX4/IL4R/HLA-DRA/FOXO3/LGALS9/WNT4/JAK1/FZD7/PCK1/NFKBIZ/ASCL2/SHH/MYB/BTN2A2/IL18R1/CD83/PTGER4/TNFSF9/RORC/IL1RL2/DUSP10/PIK3CD/VAV1/LFNG/SOX12/PREX1/IL4I1/IL6R/LCK/MR1/CYP26B1/EGR3/LOXL3/IL7/IL15/IL1B/SEMA4A/CD1D
GO:0051251,positive regulation of lymphocyte activation,56/1244,9.090814299732141e-09,56,CD74/IL2RG/ADAM8/HLA-F/HLA-A/ICOSLG/VNN1/IL6ST/B2M/CD47/MMP14/CORO1A/NCK1/TICAM1/TNFRSF14/CAV1/IL23A/HLA-DRB1/SOX4/IL4R/HLA-DRA/FOXO3/CD320/CD70/LGALS9/TFRC/PCK1/NFKBIZ/LYN/TLR4/SHH/MSH2/IGFBP2/BTN2A2/CD83/CD40/MAP3K8/NFATC2/TNFSF9/CLCF1/CCL2/IL15RA/IL1RL2/DUSP10/VAV1/HLA-DRB5/SOX12/IL4I1/LCK/PRLR/EGR3/IL7/IL15/IL1B/CD1D/KLRK1
GO:0030098,lymphocyte differentiation,67/1244,1.01434169523954e-08,67,CD74/RELB/IL2RG/ADAM8/BCL3/TNFRSF9/IRF1/VNN1/STAT3/B2M/ZFP36L1/NFAM1/JUNB/CTNNB1/MMP14/FOSL2/PTPRJ/ZC3H12A/HDAC9/IL23A/HLA-DRB1/SOX4/IL4R/HLA-DRA/FOXO3/LGALS9/WNT4/JAK1/FZD7/PCK1/ID2/NFKBIZ/ASCL2/SHH/MSH2/MYB/BTN2A2/IL18R1/CD83/PTGER4/TNFSF9/CLCF1/RORC/IL15RA/IL1RL2/DUSP10/PIK3CD/VAV1/LFNG/SOX12/DOCK10/PREX1/IL4I1/IL6R/LCK/MR1/PLCL2/CYP26B1/EGR3/LOXL3/SFRP1/IL7/IL15/IL1B/SEMA4A/LY6D/CD1D
GO:0042742,defense response to bacterium,42/1244,1.05654345817826e-08,42,LCN2/CCL20/PI3/BCL3/HLA-A/OPTN/TNF/KLK7/RNF213/OAS3/TNFRSF14/IL23A/OAS1/GSDMA/NFKBIZ/GBP4/TLR4/TLR2/CEBPB/KLK5/LYPD8/IL27RA/GBP2/IL22RA1/GBP1/SCNN1B/ISG15/IL6R/NOS2/TLR3/SPON2/PLA2G2A/CXCL6/MR1/AQP1/CASP1/DMBT1/EMILIN1/IL1B/TLR6/KLRK1/STAB1
GO:0070663,regulation of leukocyte proliferation,45/1244,1.59232328348519e-08,45,CD74/TNFAIP3/SDC4/HLA-A/TNFRSF21/TNFRSF9/IRF1/CSF1/ICOSLG/IL6ST/CTNNB1/CORO1A/NCK1/TICAM1/TNFRSF14/IL23A/HLA-DRB1/CD320/CD70/LGALS9/BID/TFRC/TNFRSF1B/LYN/TLR4/RAC2/SHH/IGFBP2/CEBPB/BTN2A2/IL34/CD40/CSF2/NFATC2/TNFSF9/CLCF1/IL4I1/PLA2G2A/PRLR/IL7/LGALS9B/IL15/LGALS9C/IL1B/CD1D
GO:0032944,regulation of mononuclear cell proliferation,42/1244,1.63397868158521e-08,42,CD74/SDC4/HLA-A/TNFRSF21/TNFRSF9/IRF1/CSF1/ICOSLG/IL6ST/CTNNB1/CORO1A/NCK1/TICAM1/TNFRSF14/IL23A/HLA-DRB1/CD320/CD70/LGALS9/BID/TFRC/TNFRSF1B/LYN/TLR4/RAC2/SHH/IGFBP2/CEBPB/BTN2A2/CD40/NFATC2/TNFSF9/CLCF1/IL4I1/PLA2G2A/PRLR/IL7/LGALS9B/IL15/LGALS9C/IL1B/CD1D
GO:0046651,lymphocyte proliferation,48/1244,1.64376248940646e-08,48,CD74/SDC4/HLA-A/TNFRSF21/TNFRSF9/IRF1/ICOSLG/IL6ST/CTNNB1/CORO1A/FOSL2/NCK1/TICAM1/TNFRSF14/IL23A/HLA-DRB1/CD320/CD70/LGALS9/WNT4/BID/TFRC/PSMB10/NFKBIZ/TNFRSF1B/LYN/TLR4/RAC2/SHH/IGFBP2/CEBPB/BTN2A2/CD40/BTN3A1/NFATC2/TNFSF9/CLCF1/IL4I1/PLA2G2A/PRLR/PLCL2/IL7/LGALS9B/IL15/LGALS9C/IL1B/SH2D2A/CD1D
GO:0032943,mononuclear cell proliferation,49/1244,1.64376248940646e-08,49,CD74/SDC4/HLA-A/TNFRSF21/TNFRSF9/IRF1/CSF1/ICOSLG/IL6ST/CTNNB1/CORO1A/FOSL2/NCK1/TICAM1/TNFRSF14/IL23A/HLA-DRB1/CD320/CD70/LGALS9/WNT4/BID/TFRC/PSMB10/NFKBIZ/TNFRSF1B/LYN/TLR4/RAC2/SHH/IGFBP2/CEBPB/BTN2A2/CD40/BTN3A1/NFATC2/TNFSF9/CLCF1/IL4I1/PLA2G2A/PRLR/PLCL2/IL7/LGALS9B/IL15/LGALS9C/IL1B/SH2D2A/CD1D
GO:0002253,activation of immune response,75/1244,1.74283570977602e-08,75,TNFAIP3/NFKBIA/IRAK2/TNIP1/BIRC3/HLA-A/C3/TNFRSF21/IRF1/ICOSLG/NINJ1/TNF/NFAM1/CD47/TRIM31/TRAF3/CTSS/MFHAS1/FOSL2/OAS3/NFKB1/PTPRJ/TICAM1/BCAR1/ZC3H12A/ARRB2/KCNN4/CAV1/HLA-DRB1/CLU/CFB/RIGI/SLC15A3/OAS1/NFKBIZ/CGAS/PDE4D/LYN/TLR4/BTNL8/TLR2/BTN3A3/CYLD/BTN2A2/IFIH1/CD40/BTN3A1/NMI/NFATC2/C4BPB/SVEP1/GBP2/LACC1/PIK3CD/DDX60/GBP1/TRIL/SKAP1/VAV1/C5/TLR3/LCK/CFD/GCSAM/PLCL2/TLR5/THEMIS2/CASP1/CD14/RGCC/CMTM3/IL1B/TLR6/SUSD4/KLRK1
GO:1902105,regulation of leukocyte differentiation,54/1244,1.75361345950742e-08,54,CD74/HLA-B/IL2RG/ADAM8/IRF1/CSF1/VNN1/ZFP36L1/TNF/NFAM1/JUNB/CTNNB1/MMP14/ZBTB46/GPR137/ZC3H12A/IL23A/HLA-DRB1/SOX4/IL4R/HLA-DRA/NEDD9/FOXO3/TESC/LGALS9/TFE3/PCK1/ID2/NFKBIZ/FOS/ASCL2/LYN/TLR4/SHH/CEBPB/BTN2A2/IL34/UBASH3B/CD83/TNFSF9/IL15RA/IL1RL2/DUSP10/SOX12/IL4I1/TNFRSF11B/TLR3/CYP26B1/EGR3/LOXL3/SFRP1/IL7/IL15/SLC9B2
GO:0034341,response to type II interferon,32/1244,1.84082385899939e-08,32,CD74/UBD/CCL20/CX3CL1/IFNGR1/IRF1/IFNGR2/TNF/CD47/CXCL16/ASS1/PARP14/LGALS9/EDN1/JAK1/CDC42EP2/GBP4/STX4/NLRC5/CLDN1/TLR4/GCH1/TLR2/CD40/GBP2/CCL2/CIITA/GBP1/NOS2/TLR3/CITED1/CASP1
GO:0002526,acute inflammatory response,23/1244,1.90388573395861e-08,23,ADAM8/SERPINA1/C3/VNN1/IL6ST/TNF/B4GALT1/TNFRSF11A/ASS1/PTGES/F3/TFRC/SERPINA3/CEBPB/APOL2/IL6R/C2CD4A/NUPR1/ADORA1/SAA1/TFR2/C2CD4B/IL1B
GO:0031349,positive regulation of defense response,69/1244,2.02031525496443e-08,69,TNFAIP3/NFKBIA/IRAK2/TNIP1/BIRC3/ADAM8/CX3CL1/HLA-F/C3/IRF1/OPTN/IL6ST/NINJ1/IKBKE/TNF/KLK7/CD47/TRIM31/TRAF3/CTSS/ETS1/MFHAS1/OAS3/TNFRSF11A/TICAM1/ARRB2/CAV1/IL23A/RIGI/SLC15A3/OAS1/NFKBIZ/CGAS/LGALS2/NLRC5/LYN/TLR4/GPRC5B/TLR2/CEBPB/CYLD/IFIH1/KLK5/CD40/PTGER4/NEAT1/NMI/GBP2/LACC1/LPL/DDX60/TRIL/VAV1/TLR3/C2CD4A/PLA2G2A/NUPR1/POLR3G/TLR5/GPSM3/C2CD4B/CASP1/CD14/IL15/EMILIN1/IL1B/TLR6/CD1D/KLRK1
GO:0050870,positive regulation of T cell activation,45/1244,2.10831856759212e-08,45,CD74/IL2RG/ADAM8/HLA-A/ICOSLG/VNN1/IL6ST/B2M/CD47/CORO1A/NCK1/TNFRSF14/CAV1/IL23A/HLA-DRB1/SOX4/IL4R/HLA-DRA/FOXO3/CD70/LGALS9/TFRC/PCK1/NFKBIZ/LYN/SHH/IGFBP2/BTN2A2/CD83/MAP3K8/TNFSF9/CCL2/IL1RL2/DUSP10/VAV1/HLA-DRB5/SOX12/IL4I1/LCK/EGR3/IL7/IL15/IL1B/CD1D/KLRK1
GO:0070371,ERK1 and ERK2 cascade,51/1244,2.12333322007816e-08,51,CD74/TNIP1/ITGAV/CCL20/CX3CL1/DUSP5/ICAM1/CFLAR/ZFP36L1/TNF/BMP2/MFHAS1/OXTR/TNFRSF11A/RRAS/RAP1B/ARRB2/PDGFB/HLA-DRB1/AKAP12/LGALS9/EDN1/ATF3/CCN1/LYN/TLR4/GRB10/DENND2B/WNK4/SEMA7A/BTN2A2/PTGER4/FGF2/GAREM1/CCL2/F2R/GCNT2/DUSP10/CNKSR3/FGF19/GBP1/MT3/PSCA/PLA2G2A/LMO3/CAVIN3/PDGFC/GLIPR2/FGF18/EMILIN1/IL1B
GO:0002263,cell activation involved in immune response,49/1244,2.14795146414883e-08,49,CD74/RELB/BCL3/PTAFR/HLA-F/SBNO2/ICAM1/STAT3/TNF/JUNB/CORO1A/TICAM1/ZC3H12A/TCIM/IL23A/HLA-DRB1/IL4R/HLA-DRA/LGALS9/ITGAM/TFRC/JAK1/PCK1/NFKBIZ/ASCL2/STX4/LYN/TLR4/RAC2/MSH2/MYB/PARP3/IL18R1/CD40/PTGER4/NMI/IL27RA/CLCF1/RORC/PIK3CD/SCNN1B/LFNG/PTGDR/DOCK10/IL6R/PLCL2/APLF/LOXL3/SEMA4A
GO:0042445,hormone metabolic process,43/1244,2.30064381504873e-08,43,DUOX2/DUOXA2/KLK6/DUOXA1/SDR16C5/ECE1/BMP2/AKR1C3/NFKB1/DGAT2/AKR1C2/AKR1C1/WNT4/DHRS3/DUOX1/RBP1/UGT1A7/SELENOM/UGT1A3/UGT1A9/RPE65/REN/SHH/AKR1B15/RDH5/UGT2A3/PAX8/ADH1C/AKR1B10/UGT2B17/MEP1A/CYP1A1/SCNN1B/CYP3A4/LIPE/BMP6/IL4I1/BCO1/DIO3/SLC16A10/CYP26B1/DKK3/CYP2W1
GO:0050670,regulation of lymphocyte proliferation,41/1244,2.50195574060859e-08,41,CD74/SDC4/HLA-A/TNFRSF21/TNFRSF9/IRF1/ICOSLG/IL6ST/CTNNB1/CORO1A/NCK1/TICAM1/TNFRSF14/IL23A/HLA-DRB1/CD320/CD70/LGALS9/BID/TFRC/TNFRSF1B/LYN/TLR4/RAC2/SHH/IGFBP2/CEBPB/BTN2A2/CD40/NFATC2/TNFSF9/CLCF1/IL4I1/PLA2G2A/PRLR/IL7/LGALS9B/IL15/LGALS9C/IL1B/CD1D
GO:0002274,myeloid leukocyte activation,40/1244,2.87214191568406e-08,40,CD74/UBD/RELB/CXCL8/PTAFR/CX3CL1/IFNGR1/SBNO2/IFNGR2/CSF1/ITGB8/TNF/MFHAS1/TICAM1/ZC3H12A/ITGB6/IL4R/CLU/MT1G/LGALS9/ITGAM/STX4/LYN/TLR4/RAC2/TLR2/WNK4/CSF2/NMI/SPHK1/PIK3CD/SCNN1B/PTGDR/PREX1/TLR3/PLA2G2A/CXCL6/IL15/EDN2/TLR6
GO:0002366,leukocyte activation involved in immune response,48/1244,2.9752029600986e-08,48,CD74/RELB/BCL3/PTAFR/HLA-F/SBNO2/ICAM1/STAT3/TNF/JUNB/CORO1A/TICAM1/ZC3H12A/IL23A/HLA-DRB1/IL4R/HLA-DRA/LGALS9/ITGAM/TFRC/JAK1/PCK1/NFKBIZ/ASCL2/STX4/LYN/TLR4/RAC2/MSH2/MYB/PARP3/IL18R1/CD40/PTGER4/NMI/IL27RA/CLCF1/RORC/PIK3CD/SCNN1B/LFNG/PTGDR/DOCK10/IL6R/PLCL2/APLF/LOXL3/SEMA4A
GO:0034612,response to tumor necrosis factor,48/1244,2.9752029600986e-08,48,UBD/TNFAIP3/NFKBIA/BIRC3/CXCL8/CCL20/CX3CL1/TNFRSF21/ZFP36L1/TNF/TRAF3/CXCL16/NFKB1/TNFRSF11A/ASS1/TNFRSF14/ZC3H12A/AKAP12/FOXO3/KLF2/CD70/EDN1/PCK1/FOS/SPPL2A/TNFRSF1B/TANK/CLDN1/TRAF2/ULK1/GCH1/CYLD/CD40/GBP2/CCL2/SPHK1/COL1A1/TRAIP/GBP1/SLC2A4/APOA1/TRAF1/TNFRSF19/NFATC1/SFRP1/CASP1/CD14/CCDC3
GO:0019883,antigen processing and presentation of endogenous antigen,15/1244,3.19912651489065e-08,15,CD74/HLA-B/HLA-F/TAPBP/HLA-A/TAP1/HLA-C/HLA-H/B2M/TAP2/HLA-DRB1/HLA-DRA/ERAP1/ERAP2/CD1D
GO:0031589,cell-substrate adhesion,60/1244,3.33936324586465e-08,60,ITGAV/SDC4/CX3CL1/SMAD3/PHLDB2/TACSTD2/ITGA2/CSF1/L1CAM/ITGB8/ITGA3/CTNNB1/OLFM4/AGR2/MMP14/CORO1A/LAMA5/LAMC1/PTPRJ/PLAU/RRAS/MAP4K4/PDGFB/ITGB6/NEDD9/AJUBA/NTN4/WNT4/COL16A1/ITGAM/FZD7/CCN1/VEGFA/SORBS1/RAC2/SMAD6/ACER2/CEACAM6/NID2/EPHB3/EFNA1/MELTF/GCNT2/COL1A1/GBP1/SKAP1/SPOCK2/PREX1/APOA1/TNXB/APOD/FREM1/LYPD3/SFRP1/ADAMTS9/COL5A3/EMILIN1/STRC/ITGA9/COL13A1
GO:0002685,regulation of leukocyte migration,41/1244,3.63767692600677e-08,41,CD74/CXCL8/ADAM8/CCL20/PTAFR/CX3CL1/CHST2/ITGA2/CSF1/ICAM1/TNF/CD47/MMP14/CORO1A/TNFRSF14/IL23A/NEDD9/LGALS9/EDN1/VEGFA/ASCL2/LYN/RAC2/ADTRP/SLC8B1/IL34/PTGER4/DUSP1/IL27RA/GCNT1/CCL2/C5/IL6R/GCSAM/APOD/ADORA1/GPSM3/EDN3/EMILIN1/EDN2/KLRK1
GO:0008015,blood circulation,64/1244,3.68120410999841e-08,64,ATP1B1/PTAFR/SMAD3/ATP2B4/RNF207/ABAT/PLEC/TNF/DSC2/ECE1/IER3/NAV2/OXTR/TPM1/PTPRJ/GCLC/ZC3H12A/CAV1/PDGFB/AKAP12/NOX1/GCLM/KLF2/KLK1/EDN1/ADRA2A/ID2/CYP4F12/ERAP1/CELF2/VEGFA/ERAP2/DRD1/PDE4D/REN/GCH1/RGS2/WNK4/KL/GPR37L1/SOD3/KCNMB4/ACSM3/BDKRB2/F2R/GSTM2/SCNN1B/KCNJ2/CHRM3/BMP6/NOS2/TNNT2/C2CD4A/ADRA2B/LPA/ADORA1/DMD/HTR1D/C2CD4B/UTS2/EDN3/ATP1A3/EMILIN1/EDN2
GO:1901342,regulation of vasculature development,49/1244,4.82704961404748e-08,49,TNFAIP3/CXCL8/ATP2B4/C3/ITGB8/NINJ1/STAT3/TNF/CTNNB1/ETS1/HSPG2/RRAS/ZC3H12A/CREB3L1/JCAD/F3/PML/KLF2/WNT4/SMOC2/GADD45A/JAK1/PLK2/ERAP1/THBS2/VEGFA/BTG1/CD40/FGF2/EFNA1/TSPAN12/SPHK1/PIK3CD/E2F2/HSPB6/TLR3/ANGPTL4/AQP1/TERT/SFRP1/ADAMTS9/RGCC/ADGRB2/FGF18/EMILIN1/IL1B/SEMA4A/RAPGEF3/STAB1
GO:0001906,cell killing,32/1244,4.82704961404748e-08,32,HLA-B/HLA-F/HLA-A/C3/HLA-C/ICAM1/HLA-H/NINJ1/B2M/CORO1A/TAP2/HMGN2/ARRB2/IL23A/HLA-DRB1/HLA-DRA/LGALS9/ITGAM/RNF19B/APOL1/SERPINB9/GBP2/GBP1/SCNN1B/VAV1/C5/NOS2/PLA2G2A/CXCL6/MR1/CD1D/KLRK1
GO:0010817,regulation of hormone levels,74/1244,5.61591436769914e-08,74,DUOX2/DUOXA2/KLK6/ABAT/DUOXA1/SLC25A22/DOC2B/TNF/SDR16C5/ANO1/ECE1/BMP2/AKR1C3/NFKB1/DGAT2/AKR1C2/PIM3/AKR1C1/HLA-DRB1/SOX4/SLC7A5/EDN1/WNT4/ADRA2A/SYT7/ADCY5/DHRS3/DUOX1/RBP1/FOXO1/UGT1A7/SELENOM/UGT1A3/UGT1A9/STX4/RPE65/LYN/REN/SHH/MYB/SLC8B1/WNK4/AKR1B15/RDH5/UGT2A3/PAX8/ADH1C/AKR1B10/UGT2B17/SOX8/MEP1A/CYP1A1/SCNN1B/CYP3A4/LIPE/CHRM3/BMP6/IL4I1/NOS2/BCO1/DIO3/SLC16A10/CYP26B1/DKK3/CPLX1/CYP2W1/ADORA1/AQP1/TFR2/SFRP1/EDN3/IL1B/SLC9B2/GPR27
GO:0002573,myeloid leukocyte differentiation,43/1244,5.75756302203989e-08,43,CD74/UBD/RELB/SBNO2/STAT5A/CSF1/ITGB8/ZFP36L1/TNF/JUNB/CTNNB1/BMP2/FOSL2/ZBTB46/TNFRSF11A/GPR137/IL23A/HLA-DRB1/ITGB6/NEDD9/MT1G/TESC/TFRC/TFE3/ID2/VEGFA/FOS/TSPAN2/PIR/LYN/TLR4/TLR2/CEBPB/IL34/UBASH3B/CSF2/PIK3CD/TNFRSF11B/TLR3/SNX10/SFRP1/IL15/SLC9B2
GO:0006959,humoral immune response,32/1244,6.19071663998879e-08,32,CXCL8/PI3/BCL3/CXCL1/CXCL3/HLA-A/C3/TNFRSF21/TNF/KLK7/HMGN2/CXCL2/CXCL11/HLA-DRB1/CLU/CFB/TFE3/PSMB10/KLK5/CD83/C4BPB/SVEP1/CCL2/C5/SPON2/CFD/CXCL6/DMBT1/IL7/RGCC/IL1B/SUSD4
GO:0002706,regulation of lymphocyte mediated immunity,34/1244,6.78112519019888e-08,34,HLA-B/HLA-F/HLA-A/C3/HLA-C/HLA-H/B2M/TNF/TAP2/ARRB2/IL23A/HLA-DRB1/HLA-DRA/LGALS9/TFRC/TNFRSF1B/TRAF2/MSH2/PARP3/IL18R1/CD40/SERPINB9/IL27RA/C4BPB/SVEP1/CLCF1/VAV1/IL4I1/MR1/APLF/IL1B/SUSD4/CD1D/KLRK1
GO:0045765,regulation of angiogenesis,48/1244,9.77406255098158e-08,48,TNFAIP3/CXCL8/ATP2B4/C3/ITGB8/NINJ1/STAT3/TNF/CTNNB1/ETS1/HSPG2/RRAS/ZC3H12A/CREB3L1/JCAD/F3/PML/KLF2/SMOC2/GADD45A/JAK1/PLK2/ERAP1/THBS2/VEGFA/BTG1/CD40/FGF2/EFNA1/TSPAN12/SPHK1/PIK3CD/E2F2/HSPB6/TLR3/ANGPTL4/AQP1/TERT/SFRP1/ADAMTS9/RGCC/ADGRB2/FGF18/EMILIN1/IL1B/SEMA4A/RAPGEF3/STAB1
GO:0002449,lymphocyte mediated immunity,45/1244,1.01480876501085e-07,45,CD74/HLA-B/BCL3/HLA-F/HLA-A/C3/HLA-C/ICAM1/HLA-H/B2M/TNF/CORO1A/TAP2/ARRB2/IL23A/HLA-DRB1/IL4R/CLU/HLA-DRA/CD70/LGALS9/TFRC/RNF19B/NFKBIZ/TNFRSF1B/TRAF2/MSH2/BTN3A3/PARP3/IL18R1/CD40/SERPINB9/IL27RA/C4BPB/SVEP1/CLCF1/VAV1/C5/IL4I1/MR1/APLF/IL1B/SUSD4/CD1D/KLRK1
GO:0071356,cellular response to tumor necrosis factor,44/1244,1.01480876501085e-07,44,TNFAIP3/NFKBIA/BIRC3/CXCL8/CCL20/CX3CL1/TNFRSF21/ZFP36L1/TNF/TRAF3/NFKB1/TNFRSF11A/ASS1/TNFRSF14/ZC3H12A/AKAP12/FOXO3/KLF2/CD70/EDN1/PCK1/FOS/SPPL2A/TNFRSF1B/TANK/CLDN1/TRAF2/ULK1/CYLD/CD40/GBP2/CCL2/SPHK1/COL1A1/TRAIP/GBP1/SLC2A4/APOA1/TRAF1/TNFRSF19/NFATC1/SFRP1/CASP1/CCDC3
GO:0001910,regulation of leukocyte mediated cytotoxicity,21/1244,1.11414933380152e-07,21,HLA-B/HLA-F/HLA-A/HLA-C/ICAM1/HLA-H/B2M/TAP2/ARRB2/IL23A/HLA-DRB1/HLA-DRA/LGALS9/ITGAM/SERPINB9/VAV1/NOS2/CXCL6/MR1/CD1D/KLRK1
GO:0071222,cellular response to lipopolysaccharide,38/1244,1.26456460661482e-07,38,TNFAIP3/NFKBIA/IRAK2/TNIP1/CXCL8/PTAFR/CX3CL1/CXCL1/SBNO2/CXCL3/TNF/NFKB1/ASS1/TICAM1/CXCL2/ZC3H12A/HMGCS2/CXCL11/NFKBIB/SLC7A5/NFKBIZ/TNFRSF1B/LYN/TLR4/TLR2/CD40/CSF2/GBP2/CCL2/BMP6/NOS2/SPON2/CXCL6/CASP1/CD14/IL1B/KLRK1/CMPK2
GO:0071219,cellular response to molecule of bacterial origin,39/1244,1.3239746797943e-07,39,TNFAIP3/NFKBIA/IRAK2/TNIP1/CXCL8/PTAFR/CX3CL1/CXCL1/SBNO2/CXCL3/TNF/NFKB1/ASS1/TICAM1/CXCL2/ZC3H12A/HMGCS2/CXCL11/NFKBIB/SLC7A5/NFKBIZ/TNFRSF1B/LYN/TLR4/TLR2/CD40/CSF2/GBP2/CCL2/BMP6/NOS2/SPON2/CXCL6/CASP1/CD14/IL1B/TLR6/KLRK1/CMPK2
GO:0002822,regulation of adaptive immune response based on somatic recombination of immune receptors built from immunoglobulin superfamily domains,36/1244,1.33065567947875e-07,36,TNFAIP3/HLA-B/HLA-F/HLA-A/C3/HLA-C/HLA-H/B2M/TNF/JUNB/TAP2/ZC3H12A/IL23A/HLA-DRB1/IL4R/HLA-DRA/TFRC/NFKBIZ/ASCL2/TNFRSF1B/TRAF2/MSH2/PARP3/IL18R1/CD40/IL27RA/C4BPB/SVEP1/CLCF1/IL4I1/MR1/APLF/LOXL3/IL1B/SUSD4/CD1D
GO:0003012,muscle system process,58/1244,1.53124424366077e-07,58,ATP1B1/PTAFR/SMAD3/ATP2B4/RNF207/ITGA2/ABAT/CFLAR/IL6ST/TNF/DSC2/OXTR/NMU/TPM1/ZC3H12A/CAV1/FOXO3/G6PD/EDN1/ADRA2A/GAMT/SLMAP/FOXO1/DRD1/TNFRSF1B/PDE4D/RGS2/SCO2/CACNB1/JSRP1/NMUR2/BDKRB2/F2R/TPM2/SPHK1/TMOD2/SSPN/GSTM2/FBXO32/SCNN1B/KCNJ2/CHRM3/TNNT2/ADRA2B/TMOD1/NFATC1/CCDC78/ADORA1/DMD/HTR1D/KLF15/UTS2/EDN3/RYR3/RYR1/IL1B/EDN2/CAMK2B
GO:0042060,wound healing,65/1244,1.55456353538795e-07,65,TNFAIP3/DUOX2/SDC4/SERPINA1/CX3CL1/SMAD3/PHLDB2/ITGA2/CFLAR/PLEC/IL6ST/SH2B3/TNF/DCBLD2/DST/B4GALT1/SLC7A11/TPM1/PLAU/CAV1/F3/PDGFB/ITGB6/AJUBA/EDN1/WNT4/SMOC2/ADRA2A/SYT7/FZD7/CCN1/DUOX1/VEGFA/TFPI/CLDN1/LYN/TLR4/ADTRP/SHH/TGFBR1/UBASH3B/ENTPD2/CD40/FGF2/PDIA2/C4BPB/FKBP10/F2R/CYP4F11/PROCR/VAV1/SERPINB2/PROS1/GRHL3/LCK/ADRA2B/NFATC1/PLPP3/AQP1/WNT7A/SAA1/COL5A1/ANXA8/MFSD2B/EMILIN1
GO:0002831,regulation of response to biotic stimulus,73/1244,2.47836079115689e-07,73,TNFAIP3/NFKBIA/IRAK2/HLA-B/TNIP1/BIRC3/ADAM8/CX3CL1/HLA-F/HLA-A/IRF1/OPTN/NINJ1/IKBKE/TNF/KLK7/TRIM31/TRAF3/CTSS/MFHAS1/OAS3/TICAM1/ZC3H12A/ARRB2/CAV1/PARP14/IL23A/HLA-DRB1/LGALS9/RIGI/SLC15A3/OAS1/ERAP1/TRAFD1/NFKBIZ/TRIM22/CGAS/NLRC5/LYN/TLR4/TLR2/CYLD/IFIH1/KLK5/CD40/SERPINB9/NMI/IFNLR1/GBP2/LACC1/DUSP10/ZDHHC1/DDX60/TRIL/VAV1/ISG15/BMP6/IL4I1/TLR3/CXCL6/MR1/APOBEC3G/POLR3G/TLR5/CASP1/CD14/IL15/EMILIN1/IL1B/TLR6/SUSD4/CD1D/KLRK1
GO:0097529,myeloid leukocyte migration,37/1244,2.74019890378635e-07,37,CD74/CXCL8/ADAM8/CCL20/CX3CL1/CXCL1/CXCL3/CSF1/CD47/MMP14/B4GALT1/TNFRSF11A/CXCL2/CXCL11/PDGFB/IL23A/EDN1/VEGFA/LYN/RAC2/IL34/PTGER4/DUSP1/CCL2/PIK3CD/VAV1/C5/PREX1/IL6R/CXCL6/SAA1/DPEP1/EDN3/EMILIN1/IL1B/EDN2/ITGA9
GO:0030593,neutrophil chemotaxis,22/1244,3.02826834944151e-07,22,CD74/CXCL8/CCL20/CX3CL1/CXCL1/CXCL3/CXCL2/CXCL11/IL23A/EDN1/RAC2/CCL2/PIK3CD/VAV1/PREX1/CXCL6/SAA1/DPEP1/EDN3/IL1B/EDN2/ITGA9
GO:0008217,regulation of blood pressure,33/1244,3.06364850135648e-07,33,PTAFR/SMAD3/ABAT/TNF/ECE1/IER3/NAV2/OXTR/TPM1/PDGFB/NOX1/KLK1/EDN1/ID2/CYP4F12/ERAP1/ERAP2/PDE4D/REN/GCH1/WNK4/KL/GPR37L1/ACSM3/F2R/SCNN1B/NOS2/ADRA2B/ADORA1/UTS2/EDN3/EMILIN1/EDN2
GO:0002483,antigen processing and presentation of endogenous peptide antigen,13/1244,4.31627241630653e-07,13,HLA-B/HLA-F/TAPBP/HLA-A/TAP1/HLA-C/HLA-H/B2M/TAP2/HLA-DRB1/HLA-DRA/ERAP1/ERAP2
GO:0002757,immune response-activating signaling pathway,65/1244,4.85981054271878e-07,65,TNFAIP3/NFKBIA/IRAK2/TNIP1/BIRC3/HLA-A/TNFRSF21/IRF1/ICOSLG/NINJ1/TNF/NFAM1/CD47/TRIM31/TRAF3/CTSS/MFHAS1/FOSL2/OAS3/NFKB1/PTPRJ/TICAM1/BCAR1/ZC3H12A/ARRB2/KCNN4/CAV1/HLA-DRB1/RIGI/SLC15A3/OAS1/NFKBIZ/CGAS/PDE4D/LYN/TLR4/BTNL8/TLR2/BTN3A3/CYLD/BTN2A2/IFIH1/CD40/BTN3A1/NMI/NFATC2/GBP2/LACC1/PIK3CD/DDX60/GBP1/TRIL/SKAP1/VAV1/TLR3/LCK/GCSAM/PLCL2/TLR5/THEMIS2/CASP1/CD14/CMTM3/TLR6/KLRK1
GO:0003018,vascular process in circulatory system,42/1244,5.15909823348628e-07,42,ATP2B4/PLEC/TNF/ECE1/SLC5A1/OXTR/PTPRJ/ABCB1/SLCO3A1/GCLC/CAV1/AKAP12/GCLM/KLF2/SLC7A5/EDN1/ADRA2A/TFRC/VEGFA/DRD1/SLC38A5/ABCC5/GCH1/RGS2/SOD3/FABP5/KCNMB4/BDKRB2/F2R/SCNN1B/ABCC2/CHRM3/SLC2A4/BMP6/C2CD4A/ADRA2B/ADORA1/HTR1D/C2CD4B/UTS2/EDN3/EDN2
GO:0007186,G protein-coupled receptor signaling pathway,74/1244,5.88030005033221e-07,74,CXCL8/CCL20/KLK6/PTAFR/CX3CL1/CXCL1/ATP2B4/C3/ANO1/ECE1/AKR1C3/TGM2/OXTR/NMU/BCAR1/AKR1C2/CXCL11/ARRB2/CAV1/AKAP12/EDN1/IQGAP2/ADRA2A/FZD7/ADCY5/LPAR2/DRD1/PRKACB/PDE4D/RAC2/GPRC5B/RGS2/CISH/VIPR1/PLPP1/ENTPD2/KLK5/PTGER4/RXFP4/GPR37L1/PAX8/GNA15/CCL2/NMUR2/BDKRB2/F2R/SPHK1/TMOD2/GPR176/ACKR4/VAV1/C5/PTGDR/CELSR1/CHRM3/PREX1/ADGRG7/RGS11/APOA1/ADRA2B/NPY4R2/ADORA1/ADGRE1/HTR1D/APLP1/AKAP5/PMCH/HOMER3/GPR161/ADGRB2/MFSD2B/GPR27/S1PR3/RGS5
GO:0002705,positive regulation of leukocyte mediated immunity,29/1244,5.88030005033221e-07,29,HLA-B/PTAFR/HLA-F/HLA-A/C3/HLA-C/HLA-H/B2M/TNF/TAP2/TICAM1/IL23A/HLA-DRB1/HLA-DRA/ITGAM/TFRC/RIGI/STX4/TRAF2/MSH2/IL18R1/CD40/CLCF1/VAV1/NOS2/MR1/IL1B/CD1D/KLRK1
GO:0031341,regulation of cell killing,21/1244,7.68310380859845e-07,21,HLA-B/HLA-F/HLA-A/HLA-C/ICAM1/HLA-H/B2M/TAP2/ARRB2/IL23A/HLA-DRB1/HLA-DRA/LGALS9/ITGAM/SERPINB9/VAV1/NOS2/CXCL6/MR1/CD1D/KLRK1
GO:0002764,immune response-regulating signaling pathway,66/1244,7.68310380859845e-07,66,TNFAIP3/NFKBIA/IRAK2/TNIP1/BIRC3/HLA-A/TNFRSF21/IRF1/ICOSLG/NINJ1/TNF/NFAM1/CD47/TRIM31/TRAF3/CTSS/MFHAS1/FOSL2/OAS3/NFKB1/PTPRJ/TICAM1/BCAR1/ZC3H12A/ARRB2/KCNN4/CAV1/HLA-DRB1/MAP3K1/RIGI/SLC15A3/OAS1/NFKBIZ/CGAS/PDE4D/LYN/TLR4/BTNL8/TLR2/BTN3A3/CYLD/BTN2A2/IFIH1/CD40/BTN3A1/NMI/NFATC2/GBP2/LACC1/PIK3CD/DDX60/GBP1/TRIL/SKAP1/VAV1/TLR3/LCK/GCSAM/PLCL2/TLR5/THEMIS2/CASP1/CD14/CMTM3/TLR6/KLRK1
GO:0009611,response to wounding,76/1244,7.68310380859845e-07,76,TNFAIP3/DUOX2/SDC4/KLK6/SERPINA1/CX3CL1/SMAD3/PHLDB2/ITGA2/CFLAR/PLEC/IL6ST/SH2B3/STAT3/ZFP36L1/TNF/DCBLD2/DST/B4GALT1/SLC7A11/TPM1/PLAU/CAV1/F3/PDGFB/NEFL/ITGB6/RIPOR1/AJUBA/EDN1/WNT4/SMOC2/ADRA2A/SYT7/FZD7/CCN1/DUOX1/VEGFA/NFKBIZ/TFPI/CLDN1/LYN/TLR4/ADTRP/SHH/TGFBR1/UBASH3B/ENTPD2/CD40/FGF2/PDIA2/C4BPB/POU5F1/FKBP10/F2R/CYP4F11/PROCR/VAV1/SERPINB2/PROS1/GRHL3/TLR3/LCK/ADRA2B/NFATC1/PLPP3/APOD/AQP1/WNT7A/SAA1/COL5A1/ANXA8/SIGLEC10/MFSD2B/EMILIN1/FOLR1
GO:0009410,response to xenobiotic stimulus,61/1244,8.12567831489008e-07,61,ITGA2/ABAT/UGT1A6/TNF/ITGA3/CTNNB1/GSTM4/FOSL2/OXTR/ASS1/HSPG2/NCEH1/ABCB1/GCLC/HMGCS2/AKR1C1/NPC1/CYP2B6/GCLM/EDN1/TFRC/SEMA3C/CYP4F12/NFKBIZ/FOS/UGT1A7/DRD1/UGT1A3/UGT1A9/LYN/REN/ABCC5/FECH/WNK4/IGFBP2/ACER2/ALDH3A1/NFATC2/RORC/UGT2B17/CYP1A1/COL1A1/GSTM2/SCNN1B/CYP3A4/ABCC2/VAV1/CA9/TNFRSF11B/NOS2/TLR3/LCK/CBR3/CYP26B1/UCHL1/CYP2W1/DPEP1/GSTA1/SFRP1/IL1B/TRPA1
GO:1903706,regulation of hemopoiesis,61/1244,8.12567831489008e-07,61,CD74/NFKBIA/HLA-B/IL2RG/ADAM8/IRF1/CSF1/VNN1/STAT3/B2M/ZFP36L1/TNF/NFAM1/JUNB/CTNNB1/MMP14/ETS1/ZBTB46/GPR137/ZC3H12A/TCIM/IL23A/HLA-DRB1/SOX4/IL4R/HLA-DRA/NEDD9/FOXO3/TESC/LGALS9/TFE3/PCK1/ID2/NFKBIZ/FOS/ASCL2/LYN/TLR4/SHH/MYB/CEBPB/BTN2A2/IL34/UBASH3B/CD83/TNFSF9/IL15RA/IL1RL2/DUSP10/SOX12/ISG15/IL4I1/TNFRSF11B/TLR3/CYP26B1/EGR3/LOXL3/SFRP1/IL7/IL15/SLC9B2
GO:0048002,antigen processing and presentation of peptide antigen,20/1244,9.1907439901357e-07,20,CD74/HLA-B/CTSE/HLA-F/TAPBP/HLA-A/TAP1/HLA-C/HLA-H/B2M/CTSS/TAP2/HLA-DRB1/HLA-DRA/ERAP1/ERAP2/TAPBPL/IFI30/HLA-DRB5/MR1
GO:0002285,lymphocyte activation involved in immune response,36/1244,1.04044092591402e-06,36,CD74/RELB/BCL3/HLA-F/ICAM1/STAT3/JUNB/CORO1A/ZC3H12A/IL23A/HLA-DRB1/IL4R/HLA-DRA/LGALS9/TFRC/JAK1/PCK1/NFKBIZ/ASCL2/TLR4/MSH2/MYB/PARP3/IL18R1/CD40/PTGER4/IL27RA/CLCF1/RORC/LFNG/DOCK10/IL6R/PLCL2/APLF/LOXL3/SEMA4A
GO:0002292,T cell differentiation involved in immune response,21/1244,1.06219213690637e-06,21,RELB/BCL3/STAT3/JUNB/ZC3H12A/IL23A/HLA-DRB1/IL4R/HLA-DRA/LGALS9/JAK1/PCK1/NFKBIZ/ASCL2/MYB/IL18R1/PTGER4/RORC/IL6R/LOXL3/SEMA4A
GO:0071396,cellular response to lipid,78/1244,1.06631746786902e-06,78,TNFAIP3/NFKBIA/IRAK2/TNIP1/CXCL8/PTAFR/CX3CL1/CXCL1/SBNO2/CXCL3/ITGA2/CFLAR/ZFP36L1/TNF/AKR1C3/GJB2/NFKB1/DGAT2/ASS1/TICAM1/CXCL2/AKR1C2/ZC3H12A/HMGCS2/CXCL11/AKR1C1/NPC1/TESC/NFKBIB/SLC7A5/EDN1/FZD7/PMEPA1/ADCY5/PCK1/NFKBIZ/FOS/BCL2L2/TNFRSF1B/TFPI/CLDN1/LYN/TLR4/FECH/ADTRP/MYB/TLR2/PLPP1/GRAMD1B/PER1/CD40/PTGER4/CSF2/GBP2/CCL2/RORC/LPL/COL1A1/FBXO32/SCNN1B/LBH/PTGDR/BMP6/NOS2/SPON2/CXCL6/LMO3/CYP26B1/AQP1/LTK/SFRP1/CASP1/CD14/ATP1A3/OSR1/IL1B/KLRK1/CMPK2
GO:0032102,negative regulation of response to external stimulus,62/1244,1.16497728543291e-06,62,TNFAIP3/HLA-B/CX3CL1/SMAD3/HLA-F/HLA-A/PHLDB2/SH2B3/STAT3/TNF/TRIM31/IER3/MFHAS1/OAS3/NFKB1/SEMA4B/PLAU/RHBDF2/ARRB2/SEMA4C/PARP14/PDGFB/HLA-DRB1/LGALS9/EDN1/WNT4/AOAH/SEMA3C/PLK2/OAS1/TRAFD1/CGAS/DRD1/NLRC5/TNFRSF1B/TFPI/LYN/ADTRP/SEMA7A/CYLD/UBASH3B/PTGER4/SERPINB9/FGF2/NMI/DUSP1/CCL2/DUSP10/IL22RA1/FNDC4/C5/SERPINB2/PROS1/ISG15/APOA1/SLC39A8/ADORA1/SAA1/SIGLEC10/SEMA4A/SUSD4/KLRK1
GO:0071346,cellular response to type II interferon,25/1244,1.20260074797046e-06,25,CCL20/CX3CL1/IFNGR1/IRF1/IFNGR2/TNF/CD47/ASS1/PARP14/LGALS9/EDN1/JAK1/CDC42EP2/GBP4/STX4/NLRC5/CLDN1/TLR4/TLR2/GBP2/CCL2/GBP1/NOS2/TLR3/CASP1
GO:0071621,granulocyte chemotaxis,24/1244,1.20260074797046e-06,24,CD74/CXCL8/CCL20/CX3CL1/CXCL1/CXCL3/CSF1/CXCL2/CXCL11/IL23A/EDN1/RAC2/IL34/CCL2/PIK3CD/VAV1/PREX1/CXCL6/SAA1/DPEP1/EDN3/IL1B/EDN2/ITGA9
GO:1902107,positive regulation of leukocyte differentiation,36/1244,1.20260074797046e-06,36,CD74/IL2RG/ADAM8/CSF1/VNN1/ZFP36L1/TNF/MMP14/ZBTB46/IL23A/HLA-DRB1/SOX4/IL4R/HLA-DRA/NEDD9/FOXO3/TESC/LGALS9/PCK1/ID2/NFKBIZ/FOS/SHH/BTN2A2/IL34/CD83/TNFSF9/IL15RA/IL1RL2/DUSP10/SOX12/IL4I1/EGR3/IL7/IL15/SLC9B2
GO:1903708,positive regulation of hemopoiesis,36/1244,1.20260074797046e-06,36,CD74/IL2RG/ADAM8/CSF1/VNN1/ZFP36L1/TNF/MMP14/ZBTB46/IL23A/HLA-DRB1/SOX4/IL4R/HLA-DRA/NEDD9/FOXO3/TESC/LGALS9/PCK1/ID2/NFKBIZ/FOS/SHH/BTN2A2/IL34/CD83/TNFSF9/IL15RA/IL1RL2/DUSP10/SOX12/IL4I1/EGR3/IL7/IL15/SLC9B2
GO:0002287,alpha-beta T cell activation involved in immune response,20/1244,1.24165033405475e-06,20,RELB/BCL3/STAT3/JUNB/ZC3H12A/IL23A/HLA-DRB1/IL4R/HLA-DRA/LGALS9/JAK1/NFKBIZ/ASCL2/MYB/IL18R1/PTGER4/RORC/IL6R/LOXL3/SEMA4A
GO:0002293,alpha-beta T cell differentiation involved in immune response,20/1244,1.24165033405475e-06,20,RELB/BCL3/STAT3/JUNB/ZC3H12A/IL23A/HLA-DRB1/IL4R/HLA-DRA/LGALS9/JAK1/NFKBIZ/ASCL2/MYB/IL18R1/PTGER4/RORC/IL6R/LOXL3/SEMA4A
GO:0002294,"CD4-positive, alpha-beta T cell differentiation involved in immune response",20/1244,1.24165033405475e-06,20,RELB/BCL3/STAT3/JUNB/ZC3H12A/IL23A/HLA-DRB1/IL4R/HLA-DRA/LGALS9/JAK1/NFKBIZ/ASCL2/MYB/IL18R1/PTGER4/RORC/IL6R/LOXL3/SEMA4A
GO:0010720,positive regulation of cell development,64/1244,1.41000623539801e-06,64,CD74/IL2RG/ADAM8/CX3CL1/CSF1/L1CAM/PLXNB2/VNN1/IL6ST/ZFP36L1/TNF/CTNNB1/BMP2/MMP14/TGM2/ZBTB46/NEFL/IL23A/HLA-DRB1/SOX4/IL4R/HLA-DRA/NEDD9/FOXO3/TESC/LGALS9/SLC7A5/PCK1/ID2/VEGFA/NFKBIZ/FOS/NTRK2/TNFRSF1B/LYN/HAPLN3/SHH/MYB/METRN/TLR2/SEMA7A/BTN2A2/IL34/CD83/FGF2/TNFSF9/ZNF488/ID4/CLCF1/SHANK3/SOX8/IL15RA/IL1RL2/DUSP10/SOX12/IL4I1/EGR3/TIAM2/IL7/IL15/IL1B/NTN1/SLC9B2/CAMK2B
GO:0006953,acute-phase response,13/1244,1.60205593862752e-06,13,SERPINA1/TNF/TNFRSF11A/ASS1/PTGES/TFRC/SERPINA3/CEBPB/APOL2/IL6R/SAA1/TFR2/IL1B
GO:0055082,intracellular chemical homeostasis,88/1244,1.60205593862752e-06,88,ATP1B1/CX3CL1/ATP2B4/ICAM1/B2M/MT1E/ANO1/CORO1A/TGM2/CLIC4/ERO1A/CEMIP/ANKRD9/DGAT2/SLC7A11/GCLC/PIM3/CXCL11/CAV1/SLC12A7/PML/HLA-DRB1/CALB2/SOX4/NOX1/MT1G/GCLM/MT2A/EDN1/SLC9A7/ADRA2A/TFRC/ADCY5/PCK1/TPCN1/GRINA/TMEM9/FOXO1/CAV2/DRD1/STX4/PDE4D/LYN/STEAP2/SLC8B1/HKDC1/WNK4/ERN1/MLXIPL/UBASH3B/SCO2/CD40/FOXA3/FGF2/ATP2C2/MT1A/LACC1/JSRP1/MT1X/F2R/GSTM2/SCNN1B/KCNJ2/ZBTB20/MT3/CA7/BMP6/TMC8/LCK/SLC39A8/SV2B/SLC34A3/ADORA1/DMD/AQP1/KLF15/TFR2/CDH23/EDN3/ATP1A3/SLC31A2/RYR3/RYR1/EDN2/TMPRSS3/SLC9B2/GPR27/TRPA1
GO:0002700,regulation of production of molecular mediator of immune response,34/1244,1.63679576514969e-06,34,CD74/HLA-F/HLA-A/B2M/TNF/KLK7/TICAM1/TNFRSF14/IL4R/SLC7A5/TFRC/RIGI/CGAS/STX4/TNFRSF1B/TRAF2/TLR4/GPRC5B/MSH2/PARP3/SEMA7A/PANX1/IL18R1/KLK5/CD40/IL27RA/CLCF1/LACC1/TRIL/TLR3/SPON2/APOA1/APLF/IL1B
GO:0050878,regulation of body fluid levels,53/1244,1.89955716125631e-06,53,SERPINA1/STAT5A/ITGA2/IL6ST/SH2B3/ANO1/AGR2/FOSL2/OXTR/SLC7A11/AQP5/PLAU/KCNN4/CAV1/F3/XDH/PDGFB/EDN1/ADRA2A/CYP4F12/VEGFA/PRKACB/TFPI/LYN/TLR4/ADTRP/SHH/WNK4/UBASH3B/ENTPD2/CD40/PDIA2/C4BPB/AQP3/F2R/SCNN1B/CYP4F11/PROCR/VAV1/SERPINB2/PROS1/CHRM3/LCK/ADRA2B/PRLR/ADORA1/AQP1/SAA1/ANXA8/MFSD2B/EMILIN1/BTC/SOCS2
GO:0034762,regulation of transmembrane transport,67/1244,1.90057381140386e-06,67,ATP1B1/CX3CL1/ATP2B4/RNF207/C3/TNF/CTSS/CORO1A/ANO9/CLIC4/CEMIP/ABCB1/ARL6IP5/CXCL11/KCNN4/CAV1/PML/SLC43A2/NOX1/TESC/G6PD/SLC7A5/EDN1/ADRA2A/TMEM37/TPCN1/SLMAP/SORBS1/DRD1/CACNG8/PDE4D/LYN/SLC43A1/GRB10/RGS2/WNK4/UBASH3B/SESTD1/CACNA2D3/CLIC6/FABP5/CACNB1/SHANK3/CCL2/JSRP1/F2R/FGF19/CABP1/GSTM2/KCNJ2/CHRM3/CRACR2A/KCNA2/CNIH3/KCNQ4/KCNAB2/DMD/KLF15/TERT/AKAP5/CHP2/EDN3/SLC31A2/OSR1/KCNV1/IL1B/LRRC26
GO:0043269,regulation of monoatomic ion transport,63/1244,1.94385112364967e-06,63,ATP1B1/CX3CL1/ATP2B4/RNF207/B2M/CTNNB1/CTSS/CORO1A/ANO9/CLIC4/CEMIP/ABCB1/CXCL11/KCNN4/CAV1/PDGFB/PML/NOX1/TESC/G6PD/EDN1/ADRA2A/TMEM37/TPCN1/SLMAP/DRD1/CACNG8/PDE4D/LYN/SLC8B1/WNK4/UBASH3B/SESTD1/CACNA2D3/PER1/CLDN10/CLIC6/CACNB1/SHANK3/ATP2C2/CCL2/JSRP1/F2R/CNKSR3/CABP1/GSTM2/KCNJ2/CA7/CRACR2A/KCNA2/KCNQ4/ADORA1/KCNAB2/DMD/AKAP5/CHP2/HOMER3/EDN3/SLC31A2/OSR1/KCNV1/LRRC26/CAMK2B
GO:0070372,regulation of ERK1 and ERK2 cascade,43/1244,1.95249622064966e-06,43,CD74/TNIP1/CCL20/CX3CL1/ICAM1/CFLAR/TNF/BMP2/MFHAS1/TNFRSF11A/RRAS/RAP1B/ARRB2/PDGFB/HLA-DRB1/AKAP12/LGALS9/ATF3/CCN1/LYN/TLR4/DENND2B/SEMA7A/BTN2A2/FGF2/GAREM1/CCL2/F2R/GCNT2/DUSP10/CNKSR3/FGF19/GBP1/MT3/PSCA/PLA2G2A/LMO3/CAVIN3/PDGFC/GLIPR2/FGF18/EMILIN1/IL1B
GO:0007162,negative regulation of cell adhesion,46/1244,2.57716975804052e-06,46,CD74/SDC4/CX3CL1/TNFRSF21/PHLDB2/IRF1/TACSTD2/PLXNB2/SH2B3/BMP2/MMP14/ASS1/HSPG2/TNFRSF14/ZC3H12A/MAP4K4/HLA-DRB1/IL4R/LGALS9/ARHGDIG/FZD7/VEGFA/ASCL2/ADTRP/SHH/CEBPB/BTN2A2/UBASH3B/ACER2/DUSP1/MELTF/GCNT2/COL1A1/GBP1/TIGIT/ADAM22/BMP6/IL4I1/APOA1/PLA2G2A/APOD/LOXL3/LGALS9B/DAPL1/RGCC/LGALS9C
GO:0071674,mononuclear cell migration,31/1244,2.60715295860215e-06,31,ADAM8/CCL20/CX3CL1/CSF1/ICAM1/PLEC/TNF/CD47/CORO1A/CXCL16/TNFRSF11A/TNFRSF14/CXCL11/PDGFB/NEDD9/LGALS9/HSD3B7/ASCL2/LYN/ADTRP/SLC8B1/IL34/DUSP1/IL27RA/CCL2/PIK3CD/IL6R/GCSAM/APOD/SAA1/KLRK1
GO:0001909,leukocyte mediated cytotoxicity,24/1244,2.67163966522139e-06,24,HLA-B/HLA-F/HLA-A/HLA-C/ICAM1/HLA-H/B2M/CORO1A/TAP2/ARRB2/IL23A/HLA-DRB1/HLA-DRA/LGALS9/ITGAM/RNF19B/SERPINB9/SCNN1B/VAV1/NOS2/CXCL6/MR1/CD1D/KLRK1
GO:0042129,regulation of T cell proliferation,31/1244,3.21599988738526e-06,31,SDC4/HLA-A/TNFRSF21/TNFRSF9/IRF1/ICOSLG/IL6ST/CTNNB1/CORO1A/NCK1/TNFRSF14/IL23A/HLA-DRB1/CD70/LGALS9/BID/TFRC/TNFRSF1B/RAC2/SHH/IGFBP2/CEBPB/BTN2A2/TNFSF9/IL4I1/PLA2G2A/LGALS9B/IL15/LGALS9C/IL1B/CD1D
GO:0001912,positive regulation of leukocyte mediated cytotoxicity,16/1244,3.38043201988365e-06,16,HLA-B/HLA-F/HLA-A/HLA-C/HLA-H/B2M/TAP2/IL23A/HLA-DRB1/HLA-DRA/ITGAM/VAV1/NOS2/MR1/CD1D/KLRK1
GO:0050866,negative regulation of cell activation,33/1244,3.41682858337679e-06,33,CD74/TNFAIP3/SDC4/CX3CL1/HLA-F/TNFRSF21/IRF1/SH2B3/ZBTB46/TNFRSF14/GCLC/ZC3H12A/PDGFB/HLA-DRB1/IL4R/LGALS9/ID2/ASCL2/LYN/SHH/PARP3/CEBPB/BTN2A2/UBASH3B/TIGIT/IL4I1/PLA2G2A/LOXL3/SFRP1/LGALS9B/DAPL1/LGALS9C/EMILIN1
GO:0070665,positive regulation of leukocyte proliferation,29/1244,3.41682858337679e-06,29,CD74/HLA-A/CSF1/ICOSLG/IL6ST/CORO1A/NCK1/TICAM1/IL23A/CD320/CD70/LGALS9/TFRC/LYN/TLR4/RAC2/SHH/IGFBP2/IL34/CD40/CSF2/NFATC2/TNFSF9/CLCF1/PRLR/IL7/IL15/IL1B/CD1D
GO:0043367,"CD4-positive, alpha-beta T cell differentiation",22/1244,3.66258350815685e-06,22,RELB/IL2RG/BCL3/STAT3/JUNB/ZC3H12A/IL23A/HLA-DRB1/IL4R/HLA-DRA/LGALS9/JAK1/NFKBIZ/ASCL2/MYB/IL18R1/CD83/PTGER4/RORC/IL6R/LOXL3/SEMA4A
GO:0019882,antigen processing and presentation,25/1244,4.22200568220912e-06,25,CD74/RELB/HLA-B/CTSE/HLA-F/TAPBP/HLA-A/TAP1/HLA-C/ICAM1/HLA-H/B2M/CTSS/TAP2/HLA-DRB1/HLA-DRA/PSME1/RAB32/ERAP1/ERAP2/TAPBPL/IFI30/HLA-DRB5/MR1/CD1D
GO:0050673,epithelial cell proliferation,59/1244,4.24332498016846e-06,59,TNFAIP3/SGPP2/SMAD3/TACSTD2/STAT5A/IGFBP3/CFLAR/SAV1/STAT3/B2M/ZFP36L1/TNF/SDR16C5/CTNNB1/MMP14/LAMA5/B4GALT1/TGFA/HSPG2/LAMC1/IGFBP4/JCAD/CAV1/FA2H/F3/XDH/PDGFB/BID/FZD7/ID2/VEGFA/CAV2/NFKBIZ/BCL2L2/CDKN2B/CLDN1/SHH/CEBPB/TGFBR1/ERN1/NEAT1/FGF2/ST8SIA1/RASGRF1/CCL2/DUSP10/PIK3CD/PROX1/BMP6/APOA1/NUPR1/EGR3/WNT7A/SFRP1/RGCC/SIX4/OSR1/DACH1/MTSS1
GO:0042093,T-helper cell differentiation,19/1244,4.29611588087618e-06,19,RELB/BCL3/STAT3/JUNB/ZC3H12A/IL23A/HLA-DRB1/IL4R/HLA-DRA/JAK1/NFKBIZ/ASCL2/MYB/IL18R1/PTGER4/RORC/IL6R/LOXL3/SEMA4A
GO:0007249,canonical NF-kappaB signal transduction,52/1244,4.33188454102591e-06,52,CD74/SQSTM1/UBD/LTB/TNFAIP3/NFKBIA/IRAK2/NFKB2/RELB/TNIP1/BIRC3/BCL3/CX3CL1/CFLAR/TNFRSF10B/OPTN/IKBKE/TNF/CTNNB1/TRAF3/NFKB1/TNFSF10/TICAM1/ZC3H12A/ARRB2/HLA-DRB1/AJUBA/NFKBIB/LGALS9/EDN1/TFRC/PLK2/TRIM22/TANK/TRAF2/TLR4/GPRC5B/TLR2/PER1/CD40/F2R/APOL3/CTH/TLR3/TRAF1/TNFRSF19/EDAR/SLC39A8/CASP1/IL1B/TLR6/MID2
GO:0030855,epithelial cell differentiation,85/1244,4.60131655677671e-06,85,SMAD3/TRIM16/ITGA2/KRT7/ICAM1/CFLAR/PLEC/SAV1/IL6ST/SPDEF/ZFP36L1/TNF/CTNNB1/BMP2/AGR2/AKR1C3/CLIC4/FOSL2/B4GALT1/MAFF/SLC7A11/RAP1B/AKR1C2/AFDN/CAV1/FA2H/XDH/PDGFB/AKR1C1/SOX4/KLF2/WNT4/MAFG/FZD7/WWTR1/PCK1/ID2/SIPA1L3/VEGFA/NFKBIZ/BTG1/KDM6B/ETV4/CDKN2B/PDE4D/CLDN1/CEBPB/PLAAT4/CDHR2/KLK5/FGF2/PAX8/ZBED2/AQP3/HRNR/SOX8/E2F8/CYP1A1/LIPM/KRT6B/LBH/PROX1/FLG/BMP6/TGFB1I1/PRLR/SLITRK6/TMOD1/CCDC78/CITED1/CYP26B1/NPHS1/WNT7A/LAMA1/KLF15/GSTA1/DMBT1/CDH23/OSR1/IL1B/STRC/SOSTDC1/RAPGEF3/S1PR3/MTSS1
GO:0046631,alpha-beta T cell activation,31/1244,4.62391524448902e-06,31,RELB/IL2RG/BCL3/HLA-A/IRF1/STAT3/JUNB/FOSL2/TNFRSF14/ZC3H12A/IL23A/HLA-DRB1/IL4R/HLA-DRA/LGALS9/JAK1/NFKBIZ/ASCL2/SHH/MYB/IL18R1/CD83/PTGER4/RORC/IL6R/LOXL3/LGALS9B/DAPL1/IL15/LGALS9C/SEMA4A
GO:0002286,T cell activation involved in immune response,23/1244,4.62391524448902e-06,23,CD74/RELB/BCL3/ICAM1/STAT3/JUNB/ZC3H12A/IL23A/HLA-DRB1/IL4R/HLA-DRA/LGALS9/JAK1/PCK1/NFKBIZ/ASCL2/MYB/IL18R1/PTGER4/RORC/IL6R/LOXL3/SEMA4A
GO:0006936,muscle contraction,45/1244,4.64872884083506e-06,45,ATP1B1/PTAFR/ATP2B4/RNF207/ITGA2/ABAT/TNF/DSC2/OXTR/NMU/TPM1/ZC3H12A/CAV1/EDN1/ADRA2A/GAMT/SLMAP/DRD1/PDE4D/RGS2/CACNB1/JSRP1/NMUR2/BDKRB2/F2R/TPM2/SPHK1/TMOD2/SSPN/GSTM2/SCNN1B/KCNJ2/CHRM3/TNNT2/ADRA2B/TMOD1/CCDC78/ADORA1/DMD/HTR1D/UTS2/EDN3/RYR3/RYR1/EDN2
GO:0032612,interleukin-1 production,22/1244,4.66808704831691e-06,22,TNFAIP3/CX3CL1/SMAD3/TRIM16/STAT3/TNF/ZC3H12A/ARRB2/PML/LGALS9/TLR4/PANX1/IL1R2/F2R/PANX2/LPL/SPHK1/APOA1/SAA1/CASP1/TLR6/S1PR3
GO:0032652,regulation of interleukin-1 production,22/1244,4.66808704831691e-06,22,TNFAIP3/CX3CL1/SMAD3/TRIM16/STAT3/TNF/ZC3H12A/ARRB2/PML/LGALS9/TLR4/PANX1/IL1R2/F2R/PANX2/LPL/SPHK1/APOA1/SAA1/CASP1/TLR6/S1PR3
GO:0042098,T cell proliferation,35/1244,4.69460702077372e-06,35,SDC4/HLA-A/TNFRSF21/TNFRSF9/IRF1/ICOSLG/IL6ST/CTNNB1/CORO1A/NCK1/TNFRSF14/IL23A/HLA-DRB1/CD70/LGALS9/WNT4/BID/TFRC/PSMB10/TNFRSF1B/RAC2/SHH/IGFBP2/CEBPB/BTN2A2/BTN3A1/TNFSF9/IL4I1/PLA2G2A/LGALS9B/IL15/LGALS9C/IL1B/SH2D2A/CD1D
GO:0045987,positive regulation of smooth muscle contraction,11/1244,5.0821764018388e-06,11,PTAFR/ITGA2/ABAT/OXTR/NMU/EDN1/F2R/SPHK1/CHRM3/ADRA2B/EDN2
GO:0002474,antigen processing and presentation of peptide antigen via MHC class I,14/1244,5.40487859365214e-06,14,HLA-B/HLA-F/TAPBP/HLA-A/TAP1/HLA-C/HLA-H/B2M/TAP2/ERAP1/ERAP2/TAPBPL/IFI30/MR1
GO:0070555,response to interleukin-1,26/1244,5.83031658167967e-06,26,NFKBIA/IRAK2/CXCL8/CCL20/CX3CL1/CD47/NFKB1/TNFRSF11A/GCLC/ZC3H12A/AKAP12/KLF2/LGALS9/EDN1/PCK1/TANK/CD40/MAPK11/IL1R2/GBP2/CCL2/IL1RL2/GBP1/CITED1/SFRP1/IL1B
GO:0097530,granulocyte migration,26/1244,5.83031658167967e-06,26,CD74/CXCL8/ADAM8/CCL20/CX3CL1/CXCL1/CXCL3/CSF1/CXCL2/CXCL11/IL23A/EDN1/RAC2/IL34/PTGER4/CCL2/PIK3CD/VAV1/PREX1/CXCL6/SAA1/DPEP1/EDN3/IL1B/EDN2/ITGA9
GO:0032635,interleukin-6 production,29/1244,6.03299289478562e-06,29,CD74/TNFAIP3/HLA-B/PTAFR/CX3CL1/STAT3/TNF/CD47/TICAM1/ZC3H12A/ARRB2/KLF2/LGALS9/RIGI/TLR4/TLR2/CEBPB/IFIH1/IL27RA/F2R/IL1RL2/LPL/ZBTB20/IL6R/NOS2/TLR3/SPON2/IL1B/TLR6
GO:0032675,regulation of interleukin-6 production,29/1244,6.03299289478562e-06,29,CD74/TNFAIP3/HLA-B/PTAFR/CX3CL1/STAT3/TNF/CD47/TICAM1/ZC3H12A/ARRB2/KLF2/LGALS9/RIGI/TLR4/TLR2/CEBPB/IFIH1/IL27RA/F2R/IL1RL2/LPL/ZBTB20/IL6R/NOS2/TLR3/SPON2/IL1B/TLR6
GO:0070374,positive regulation of ERK1 and ERK2 cascade,30/1244,6.32161414382203e-06,30,CD74/CCL20/CX3CL1/ICAM1/CFLAR/TNF/BMP2/MFHAS1/TNFRSF11A/RAP1B/ARRB2/PDGFB/HLA-DRB1/AKAP12/LGALS9/TLR4/DENND2B/SEMA7A/FGF2/GAREM1/CCL2/F2R/GCNT2/FGF19/MT3/PLA2G2A/CAVIN3/PDGFC/GLIPR2/FGF18
GO:0031343,positive regulation of cell killing,16/1244,7.24769858117145e-06,16,HLA-B/HLA-F/HLA-A/HLA-C/HLA-H/B2M/TAP2/IL23A/HLA-DRB1/HLA-DRA/ITGAM/VAV1/NOS2/MR1/CD1D/KLRK1
GO:0002687,positive regulation of leukocyte migration,26/1244,7.25598710135474e-06,26,CD74/CXCL8/ADAM8/CCL20/PTAFR/CX3CL1/ITGA2/CSF1/ICAM1/TNF/CD47/MMP14/CORO1A/TNFRSF14/IL23A/NEDD9/LGALS9/EDN1/VEGFA/ASCL2/RAC2/IL34/IL6R/GPSM3/EDN3/EDN2
GO:1990266,neutrophil migration,23/1244,7.51000309147916e-06,23,CD74/CXCL8/ADAM8/CCL20/CX3CL1/CXCL1/CXCL3/CXCL2/CXCL11/IL23A/EDN1/RAC2/CCL2/PIK3CD/VAV1/PREX1/CXCL6/SAA1/DPEP1/EDN3/IL1B/EDN2/ITGA9
GO:0071216,cellular response to biotic stimulus,39/1244,7.67127042578701e-06,39,TNFAIP3/NFKBIA/IRAK2/TNIP1/CXCL8/PTAFR/CX3CL1/CXCL1/SBNO2/CXCL3/TNF/NFKB1/ASS1/TICAM1/CXCL2/ZC3H12A/HMGCS2/CXCL11/NFKBIB/SLC7A5/NFKBIZ/TNFRSF1B/LYN/TLR4/TLR2/CD40/CSF2/GBP2/CCL2/BMP6/NOS2/SPON2/CXCL6/CASP1/CD14/IL1B/TLR6/KLRK1/CMPK2
GO:1902075,cellular response to salt,34/1244,7.81123826428674e-06,34,ATP2B4/PLEC/B2M/JUNB/AKR1C3/TGM2/PPP1R1B/CLIC4/GCLC/ZC3H12A/PDGFB/GCLM/EDN1/SYT7/SYT12/FOS/CLDN1/PNPLA3/SHH/ACHE/ITPKC/NFATC2/GNA15/COL1A1/SYT1/NFATC4/CPNE7/CHRM3/CPNE5/DPEP1/SYT8/CHP2/RYR3/RYR1
GO:0006775,fat-soluble vitamin metabolic process,14/1244,8.55965196811776e-06,14,TNF/NFKB1/CYP4F12/RBP1/UGT1A4/UGT1A3/RPE65/CYP1A1/CYP3A4/CYP4F11/BCO1/CYP26B1/CYP2W1/TTPA
GO:0002768,immune response-regulating cell surface receptor signaling pathway,45/1244,8.79148509682403e-06,45,TNFAIP3/NFKBIA/IRAK2/HLA-A/TNFRSF21/ICOSLG/NINJ1/NFAM1/CD47/MFHAS1/FOSL2/NFKB1/PTPRJ/BCAR1/ZC3H12A/KCNN4/HLA-DRB1/MAP3K1/OAS1/NFKBIZ/PDE4D/LYN/TLR4/BTNL8/TLR2/BTN3A3/BTN2A2/CD40/BTN3A1/NMI/NFATC2/PIK3CD/GBP1/TRIL/SKAP1/VAV1/LCK/GCSAM/PLCL2/TLR5/THEMIS2/CD14/CMTM3/TLR6/KLRK1
GO:0071706,tumor necrosis factor superfamily cytokine production,29/1244,8.83458640544652e-06,29,TNFAIP3/ADAM8/BCL3/PTAFR/CX3CL1/IFNGR1/STAT3/CD47/OAS3/PTPRJ/TICAM1/ZC3H12A/ARRB2/IL23A/AKAP12/CLU/LGALS9/RIGI/OAS1/TLR4/TLR2/IFIH1/IL27RA/LPL/ZBTB20/NFATC4/TLR3/SPON2/CD14
GO:1903555,regulation of tumor necrosis factor superfamily cytokine production,29/1244,8.83458640544652e-06,29,TNFAIP3/ADAM8/BCL3/PTAFR/CX3CL1/IFNGR1/STAT3/CD47/OAS3/PTPRJ/TICAM1/ZC3H12A/ARRB2/IL23A/AKAP12/CLU/LGALS9/RIGI/OAS1/TLR4/TLR2/IFIH1/IL27RA/LPL/ZBTB20/NFATC4/TLR3/SPON2/CD14
GO:0019885,antigen processing and presentation of endogenous peptide antigen via MHC class I,11/1244,9.88537663595268e-06,11,HLA-B/HLA-F/TAPBP/HLA-A/TAP1/HLA-C/HLA-H/B2M/TAP2/ERAP1/ERAP2
GO:0045596,negative regulation of cell differentiation,78/1244,9.88871210536656e-06,78,CD74/NFKBIA/ITGAV/SMAD3/IRF1/SPDEF/STAT3/B2M/ZFP36L1/TNF/CTNNB1/BMP2/ZBTB46/SEMA4B/RFLNA/GPR137/ZC3H12A/BHLHE41/CAV1/SEMA4C/XDH/PDGFB/DKK1/SOX4/IL4R/G6PD/WNT4/SEMA3C/ZNF664-RFLNA/FZD7/WWTR1/ID2/FOXO1/VEGFA/ASCL2/CDKN2B/LYN/TLR4/SHH/SMAD6/MYB/ULK1/RGS2/ABCG1/SEMA7A/TGFBR1/UBASH3B/NFATC2/GPR37L1/TRIB2/ID4/EFNA1/MBNL3/SOX8/DUSP10/LBH/NFATC4/MT3/PROX1/TNFRSF11B/TLR3/TGFB1I1/MAP2/NFATC1/CITED1/LOXL3/TTPA/LDLRAD4/WNT7A/COL5A1/SFRP1/SIX4/OSR1/IL1B/SEMA4A/NTN1/SOSTDC1/S1PR3
GO:1903557,positive regulation of tumor necrosis factor superfamily cytokine production,22/1244,1.00073341344071e-05,22,ADAM8/PTAFR/IFNGR1/STAT3/OAS3/PTPRJ/TICAM1/IL23A/AKAP12/CLU/LGALS9/RIGI/OAS1/TLR4/TLR2/IFIH1/LPL/ZBTB20/NFATC4/TLR3/SPON2/CD14
GO:0045619,regulation of lymphocyte differentiation,36/1244,1.00073341344071e-05,36,CD74/IL2RG/ADAM8/IRF1/VNN1/ZFP36L1/NFAM1/JUNB/MMP14/ZC3H12A/IL23A/HLA-DRB1/SOX4/IL4R/HLA-DRA/FOXO3/LGALS9/PCK1/ID2/NFKBIZ/ASCL2/SHH/BTN2A2/CD83/TNFSF9/IL15RA/IL1RL2/DUSP10/SOX12/IL4I1/CYP26B1/EGR3/LOXL3/SFRP1/IL7/IL15
GO:0090257,regulation of muscle system process,36/1244,1.00073341344071e-05,36,ATP1B1/PTAFR/SMAD3/ATP2B4/RNF207/ITGA2/ABAT/IL6ST/DSC2/OXTR/NMU/TPM1/ZC3H12A/CAV1/FOXO3/G6PD/EDN1/ADRA2A/FOXO1/TNFRSF1B/PDE4D/RGS2/CACNB1/NMUR2/F2R/SPHK1/GSTM2/FBXO32/KCNJ2/CHRM3/TNNT2/ADRA2B/ADORA1/DMD/EDN2/CAMK2B
GO:0002429,immune response-activating cell surface receptor signaling pathway,43/1244,1.00319265103471e-05,43,TNFAIP3/NFKBIA/IRAK2/HLA-A/TNFRSF21/ICOSLG/NINJ1/NFAM1/CD47/MFHAS1/FOSL2/NFKB1/PTPRJ/BCAR1/ZC3H12A/KCNN4/HLA-DRB1/OAS1/NFKBIZ/PDE4D/LYN/TLR4/BTNL8/TLR2/BTN3A3/BTN2A2/BTN3A1/NMI/NFATC2/PIK3CD/GBP1/TRIL/SKAP1/VAV1/LCK/GCSAM/PLCL2/TLR5/THEMIS2/CD14/CMTM3/TLR6/KLRK1
GO:0032611,interleukin-1 beta production,19/1244,1.01197731907508e-05,19,TNFAIP3/CX3CL1/SMAD3/TRIM16/STAT3/TNF/ZC3H12A/ARRB2/PML/LGALS9/TLR4/PANX1/F2R/LPL/SPHK1/APOA1/CASP1/TLR6/S1PR3
GO:0032651,regulation of interleukin-1 beta production,19/1244,1.01197731907508e-05,19,TNFAIP3/CX3CL1/SMAD3/TRIM16/STAT3/TNF/ZC3H12A/ARRB2/PML/LGALS9/TLR4/PANX1/F2R/LPL/SPHK1/APOA1/CASP1/TLR6/S1PR3
GO:0032609,type II interferon production,21/1244,1.01197731907508e-05,21,BCL3/HLA-A/TNF/CD47/ZC3H12A/IL23A/HLA-DRB1/LGALS9/SLC7A5/PDE4D/TLR4/IL18R1/BTN3A1/IL27RA/ISG15/TLR3/LGALS9B/CD14/LGALS9C/IL1B/KLRK1
GO:0032649,regulation of type II interferon production,21/1244,1.01197731907508e-05,21,BCL3/HLA-A/TNF/CD47/ZC3H12A/IL23A/HLA-DRB1/LGALS9/SLC7A5/PDE4D/TLR4/IL18R1/BTN3A1/IL27RA/ISG15/TLR3/LGALS9B/CD14/LGALS9C/IL1B/KLRK1
GO:0001523,retinoid metabolic process,20/1244,1.02146012429791e-05,20,SDR16C5/AKR1C3/DGAT2/AKR1C1/DHRS3/RBP1/UGT1A7/UGT1A3/UGT1A9/RPE65/AKR1B15/RDH5/ADH1C/AKR1B10/CYP1A1/CYP3A4/LIPE/BCO1/CYP26B1/CYP2W1
GO:0120254,olefinic compound metabolic process,29/1244,1.02146012429791e-05,29,SDR16C5/GPX4/BMP2/AKR1C3/DGAT2/AKR1C2/AKR1C1/CYP2B6/WNT4/DHRS3/PLA2G4C/CYP4F12/CYP4F3/RPE65/AKR1B15/RDH5/ADH1C/AKR1B10/CYP1A1/EPHX2/GSTM2/SCNN1B/CYP3A4/CYP4F11/LIPE/BMP6/BCO1/DKK3/GSTA1
GO:0046632,alpha-beta T cell differentiation,25/1244,1.20185130109742e-05,25,RELB/IL2RG/BCL3/IRF1/STAT3/JUNB/FOSL2/ZC3H12A/IL23A/HLA-DRB1/IL4R/HLA-DRA/LGALS9/JAK1/NFKBIZ/ASCL2/SHH/MYB/IL18R1/CD83/PTGER4/RORC/IL6R/LOXL3/SEMA4A
GO:0071347,cellular response to interleukin-1,22/1244,1.25722769445076e-05,22,NFKBIA/IRAK2/CXCL8/CCL20/CX3CL1/CD47/NFKB1/ZC3H12A/AKAP12/KLF2/EDN1/PCK1/TANK/CD40/MAPK11/IL1R2/GBP2/CCL2/IL1RL2/GBP1/SFRP1/IL1B
GO:0019884,antigen processing and presentation of exogenous antigen,14/1244,1.27171566336914e-05,14,CD74/CTSE/HLA-F/HLA-A/B2M/CTSS/TAP2/HLA-DRB1/HLA-DRA/PSME1/IFI30/HLA-DRB5/MR1/CD1D
GO:0051046,regulation of secretion,75/1244,1.27753095423462e-05,75,CD74/ADAM8/SDC4/TMEM132A/PTAFR/HLA-F/PRKCG/ABAT/SLC25A22/DOC2B/TNF/ANO1/BMP2/SNCG/LLGL2/OXTR/TNFRSF11A/RAP1B/PIM3/PTGES/RHBDF2/KCNN4/HLA-DRB1/SOX4/IL4R/LGALS9/EDN1/ITGAM/ADRA2A/SYT7/SYT12/ADCY5/FOXO1/PLA2R1/STX4/TNFRSF1B/LYN/REN/TLR4/RAC2/ADTRP/MYB/SLC8B1/ABCG1/TLR2/WNK4/STXBP6/ACHE/RAB15/PAX8/ASIC1/KCNMB4/F2R/TFF2/SYT1/CADPS2/CHRM3/BMP6/NOS2/ADRA2B/KCNA2/SV2B/CPLX1/ADORA1/AQP1/WNT7A/SAA1/TFR2/SYT8/SFRP1/RGCC/EDN3/IL1B/SLC9B2/GPR27
GO:0010721,negative regulation of cell development,41/1244,1.29945935260248e-05,41,CD74/IRF1/B2M/TNF/CTNNB1/ZBTB46/SEMA4B/RFLNA/GPR137/ZC3H12A/SEMA4C/IL4R/SEMA3C/ZNF664-RFLNA/ID2/VEGFA/ASCL2/CDKN2B/LYN/TLR4/SHH/ULK1/SEMA7A/UBASH3B/GPR37L1/ID4/DUSP10/NFATC4/MT3/PROX1/TNFRSF11B/TLR3/MAP2/LOXL3/TTPA/WNT7A/SFRP1/IL1B/SEMA4A/NTN1/S1PR3
GO:0035710,"CD4-positive, alpha-beta T cell activation",24/1244,1.3241773337138e-05,24,RELB/IL2RG/BCL3/STAT3/JUNB/ZC3H12A/IL23A/HLA-DRB1/IL4R/HLA-DRA/LGALS9/JAK1/NFKBIZ/ASCL2/MYB/IL18R1/CD83/PTGER4/RORC/IL6R/LOXL3/LGALS9B/LGALS9C/SEMA4A
GO:1902074,response to salt,50/1244,1.37534624979987e-05,50,PRKCG/ATP2B4/ITGA2/ABAT/PLEC/B2M/TNF/JUNB/AKR1C3/TGM2/PPP1R1B/CLIC4/OXTR/GCLC/ZC3H12A/HMGCS2/CAV1/PDGFB/NEFL/GCLM/G6PD/EDN1/SYT7/SYT12/FOS/DRD1/CLDN1/PNPLA3/SHH/PANX1/ACHE/ITPKC/NFATC2/GNA15/KCNMB4/AQP3/CYP1A1/COL1A1/SYT1/NFATC4/CPNE7/CHRM3/TNNT2/CPNE5/DPEP1/SYT8/CHP2/RYR3/RYR1/IL1B
GO:0034765,regulation of monoatomic ion transmembrane transport,51/1244,1.38339661564579e-05,51,ATP1B1/CX3CL1/ATP2B4/RNF207/CTSS/CORO1A/ANO9/CLIC4/CEMIP/ABCB1/CXCL11/KCNN4/CAV1/PML/NOX1/TESC/G6PD/EDN1/ADRA2A/TMEM37/TPCN1/SLMAP/DRD1/CACNG8/PDE4D/LYN/WNK4/UBASH3B/SESTD1/CACNA2D3/CLIC6/CACNB1/SHANK3/CCL2/JSRP1/F2R/CABP1/GSTM2/KCNJ2/CRACR2A/KCNA2/KCNQ4/KCNAB2/DMD/AKAP5/CHP2/EDN3/SLC31A2/OSR1/KCNV1/LRRC26
GO:0098771,inorganic ion homeostasis,65/1244,1.39821631782343e-05,65,ATP1B1/CX3CL1/ATP2B4/B2M/MT1E/CORO1A/TGM2/ERO1A/CEMIP/ANKRD9/CXCL11/CAV1/SLC12A7/PML/CALB2/MT1G/MT2A/EDN1/TFRC/TPCN1/GRINA/CYP4F12/CAV2/DRD1/PDE4D/LYN/FECH/STEAP2/TMTC2/SLC8B1/WNK4/UBASH3B/SCO2/CD40/KL/FGF2/ATP2C2/MT1A/JSRP1/MT1X/F2R/GSTM2/SCNN1B/KCNJ2/MT3/BMP6/TMC8/LCK/SNX10/SLC39A8/SV2B/SLC34A3/ADORA1/DMD/TFR2/CDH23/EDN3/ATP1A3/SLC31A2/RYR3/RYR1/EDN2/TMPRSS3/SLC9B2/TRPA1
GO:1901615,organic hydroxy compound metabolic process,72/1244,1.56984053029734e-05,72,DUOX2/DUOXA2/SGPP2/PTAFR/ABAT/DUOXA1/TNF/SDR16C5/BMP2/AKR1C3/NFKB1/DGAT2/SLC7A11/AKR1C2/HMGCS2/AKR1C1/NPC1/G6PD/WNT4/ITGAM/SEC14L2/PCK1/DHRS3/CYP4F12/DUOX1/CYP4F3/HSD3B7/DEGS2/UGT1A4/DRD1/UGT1A3/RPE65/FECH/GCH1/ABCG1/PLPP1/APOL1/ACER2/AKR1B15/RDH5/ITPKC/APOL2/KL/FGF2/PAX8/ACOX2/ADH1C/APOBR/AKR1B10/SPHK1/CYP1A1/ALDH3B2/EPHX2/FGF19/SCNN1B/CYP3A4/LIPE/PROX1/BMP6/BCO1/DIO3/APOA1/PLPP3/SLC16A10/CITED1/CYP26B1/DKK3/TTPA/SLC27A5/SOAT1/MOXD1/PMEL
GO:0030316,osteoclast differentiation,22/1244,1.57906806507624e-05,22,SBNO2/CSF1/TNF/JUNB/CTNNB1/BMP2/FOSL2/TNFRSF11A/GPR137/IL23A/NEDD9/TFRC/TFE3/FOS/TLR4/CEBPB/UBASH3B/TNFRSF11B/TLR3/SNX10/SFRP1/SLC9B2
GO:0002702,positive regulation of production of molecular mediator of immune response,26/1244,1.57906806507624e-05,26,CD74/HLA-F/HLA-A/B2M/KLK7/TICAM1/TNFRSF14/IL4R/SLC7A5/TFRC/RIGI/STX4/TRAF2/TLR4/GPRC5B/MSH2/SEMA7A/PANX1/IL18R1/KLK5/CD40/CLCF1/LACC1/TLR3/SPON2/IL1B
GO:0006939,smooth muscle contraction,21/1244,1.68217176373869e-05,21,PTAFR/ATP2B4/ITGA2/ABAT/OXTR/NMU/CAV1/EDN1/ADRA2A/DRD1/RGS2/NMUR2/BDKRB2/F2R/SPHK1/SCNN1B/CHRM3/ADRA2B/HTR1D/EDN3/EDN2
GO:0051952,regulation of amine transport,18/1244,1.71817278241017e-05,18,ABAT/TNF/SNCG/OXTR/ARL6IP5/SLC43A2/SLC7A5/ADRA2A/SYT7/SYT12/DRD1/SLC43A1/RGS2/SYT1/ADRA2B/KCNA2/ADORA1/SYT8
GO:0032640,tumor necrosis factor production,28/1244,1.71817278241017e-05,28,TNFAIP3/BCL3/PTAFR/CX3CL1/IFNGR1/STAT3/CD47/OAS3/PTPRJ/TICAM1/ZC3H12A/ARRB2/IL23A/AKAP12/CLU/LGALS9/RIGI/OAS1/TLR4/TLR2/IFIH1/IL27RA/LPL/ZBTB20/NFATC4/TLR3/SPON2/CD14
GO:0032680,regulation of tumor necrosis factor production,28/1244,1.71817278241017e-05,28,TNFAIP3/BCL3/PTAFR/CX3CL1/IFNGR1/STAT3/CD47/OAS3/PTPRJ/TICAM1/ZC3H12A/ARRB2/IL23A/AKAP12/CLU/LGALS9/RIGI/OAS1/TLR4/TLR2/IFIH1/IL27RA/LPL/ZBTB20/NFATC4/TLR3/SPON2/CD14
GO:0071260,cellular response to mechanical stimulus,20/1244,1.7261108983104e-05,20,IRF1/ITGA2/TNFRSF10B/PLEC/NFKB1/GCLC/MAP3K1/GADD45A/TLR4/CD40/PTGER4/FGF2/COL1A1/KCNJ2/BMP6/TLR3/TLR5/AQP1/CASP1/IL1B
GO:0014013,regulation of gliogenesis,22/1244,1.968699035597e-05,22,IL6ST/TNF/CTNNB1/BMP2/SLC7A5/ID2/ASCL2/TNFRSF1B/CDKN2B/LYN/SHH/MYB/TLR2/IL34/GPR37L1/ZNF488/ID4/CLCF1/SOX8/DUSP10/IL1B/NTN1
GO:1903530,regulation of secretion by cell,70/1244,1.968699035597e-05,70,ADAM8/SDC4/TMEM132A/PTAFR/HLA-F/PRKCG/ABAT/SLC25A22/DOC2B/TNF/ANO1/BMP2/SNCG/LLGL2/OXTR/TNFRSF11A/RAP1B/PIM3/PTGES/RHBDF2/KCNN4/HLA-DRB1/SOX4/IL4R/LGALS9/EDN1/ITGAM/ADRA2A/SYT7/SYT12/ADCY5/FOXO1/STX4/TNFRSF1B/LYN/REN/TLR4/RAC2/ADTRP/MYB/SLC8B1/ABCG1/TLR2/STXBP6/ACHE/RAB15/PAX8/ASIC1/KCNMB4/F2R/SYT1/CADPS2/CHRM3/BMP6/NOS2/ADRA2B/KCNA2/SV2B/CPLX1/ADORA1/WNT7A/SAA1/TFR2/SYT8/SFRP1/RGCC/EDN3/IL1B/SLC9B2/GPR27
GO:0050920,regulation of chemotaxis,33/1244,1.968699035597e-05,33,CD74/CXCL8/SMAD3/ITGA2/CSF1/SEMA4B/SEMA4C/F3/PDGFB/IL23A/NEDD9/LGALS9/EDN1/SMOC2/SEMA3C/VEGFA/STX4/LYN/RAC2/SLC8B1/SEMA7A/IL34/FGF2/DUSP1/CCL2/C5/IL6R/GPSM3/EDN3/FGF18/EDN2/SEMA4A/KLRK1
GO:1990868,response to chemokine,16/1244,1.968699035597e-05,16,CXCL8/CCL20/CX3CL1/CXCL1/CXCL3/SH2B3/CXCL2/ZC3H12A/CXCL11/EDN1/LYN/DUSP1/CCL2/TFF2/ACKR4/CXCL6
GO:1990869,cellular response to chemokine,16/1244,1.968699035597e-05,16,CXCL8/CCL20/CX3CL1/CXCL1/CXCL3/SH2B3/CXCL2/ZC3H12A/CXCL11/EDN1/LYN/DUSP1/CCL2/TFF2/ACKR4/CXCL6
GO:0010035,response to inorganic substance,69/1244,2.04136064135303e-05,69,TNFAIP3/ATP2B4/ABAT/CFLAR/PLEC/B2M/MT1E/JUNB/SLC5A1/AKR1C3/CLIC4/ASS1/GCLC/ZC3H12A/HMGCS2/CAV1/NEFL/NPC1/MT1G/MT2A/KLF2/G6PD/EDN1/SYT7/TFRC/SYT12/FOXO1/FOS/SELENOM/KDM6B/CLDN1/TRAF2/FECH/SHH/MYB/GCH1/ERN1/ITPKC/CSF2/NFATC2/SOD3/KCNMB4/AQP3/MT1A/MT1X/SPHK1/CYP1A1/COL1A1/SYT1/NFATC4/MT3/CPNE7/BMP6/TFAP2A/TNFRSF11B/TNNT2/CPNE5/SLC39A8/ADORA1/AQP1/TERT/TFR2/DPEP1/SYT8/CHP2/CD14/RYR3/RYR1/TRPA1
GO:0032760,positive regulation of tumor necrosis factor production,21/1244,2.1121762112394e-05,21,PTAFR/IFNGR1/STAT3/OAS3/PTPRJ/TICAM1/IL23A/AKAP12/CLU/LGALS9/RIGI/OAS1/TLR4/TLR2/IFIH1/LPL/ZBTB20/NFATC4/TLR3/SPON2/CD14
GO:0016101,diterpenoid metabolic process,20/1244,2.23529685335557e-05,20,SDR16C5/AKR1C3/DGAT2/AKR1C1/DHRS3/RBP1/UGT1A7/UGT1A3/UGT1A9/RPE65/AKR1B15/RDH5/ADH1C/AKR1B10/CYP1A1/CYP3A4/LIPE/BCO1/CYP26B1/CYP2W1
GO:0042063,gliogenesis,47/1244,2.27914706511341e-05,47,CX3CL1/IFNGR1/TNFRSF21/CSF1/PLEC/IL6ST/STAT3/TNF/ANO1/CTNNB1/BMP2/MMP14/RRAS/FA2H/SOX4/CLU/SLC7A5/ID2/ASCL2/NTRK2/DRD1/TSPAN2/TNFRSF1B/CDKN2B/LYN/TLR4/HAPLN3/SHH/MYB/METRN/TLR2/IL34/FGF2/GPR37L1/SH3TC2/ZNF488/ID4/CLCF1/CCL2/SOX8/DUSP10/PLPP3/PRX/KLF15/CNTNAP1/IL1B/NTN1
GO:0002833,positive regulation of response to biotic stimulus,51/1244,2.33885805021825e-05,51,TNFAIP3/NFKBIA/IRAK2/TNIP1/BIRC3/ADAM8/HLA-F/IRF1/NINJ1/IKBKE/TNF/KLK7/TRIM31/TRAF3/CTSS/MFHAS1/OAS3/TICAM1/ARRB2/CAV1/HLA-DRB1/RIGI/SLC15A3/OAS1/NFKBIZ/CGAS/NLRC5/LYN/TLR4/TLR2/CYLD/IFIH1/KLK5/CD40/NMI/GBP2/LACC1/DDX60/TRIL/VAV1/BMP6/TLR3/MR1/POLR3G/TLR5/CASP1/CD14/EMILIN1/TLR6/CD1D/KLRK1
GO:0043405,regulation of MAP kinase activity,28/1244,2.45908579925937e-05,28,ADAM8/TNF/BMP2/TNFRSF11A/PTPRJ/PDGFB/DUSP16/DKK1/EDN1/ADRA2A/VEGFA/TRAF2/LYN/TLR4/RGS2/ERN1/IL34/CD40/FGF2/DUSP1/TRIB2/DUSP10/UCHL1/PDGFC/EDN3/FGF18/IL1B/TLR6
GO:0009636,response to toxic substance,39/1244,2.49869767786106e-05,39,DUOX2/PRKCG/GPX2/TNF/MT1E/GPX4/ABTB2/TXNRD1/ASS1/SLC7A11/ABCB1/PTGES/NEFL/MT1G/MT2A/SRXN1/DUOX1/FOS/KDM6B/CLDN1/LYN/FECH/GCH1/TLR2/SLC6A14/SOD3/MT1A/AKR1B10/MT1X/CYP1A1/EPHX2/GSTM2/GPX3/MT3/TRPM6/NUPR1/SLC39A8/TTPA/GSTA1
GO:0001934,positive regulation of protein phosphorylation,72/1244,2.50571754810216e-05,72,CD74/SQSTM1/ADAM8/CX3CL1/ATP2B4/C3/CSF1/TNFRSF10B/IL6ST/MRNIP/TNF/BMP2/TNFSF15/CEMIP/TGFA/TNFRSF11A/DOK7/PTPRJ/TNFRSF14/SLCO3A1/TNKS1BP1/ARRB2/TCIM/CAV1/PARP14/PDGFB/IL23A/HLA-DRB1/DKK1/CLU/NEDD9/EDN1/ADRA2A/TFRC/CCN1/VEGFA/NTRK2/TRAF2/LYN/TLR4/GPRC5B/ADTRP/PRR5L/SEMA7A/ERN1/IL34/HSPA2/CD40/CSF2/FGF2/MMD/EFNA1/CLCF1/CAMKK1/SPHK1/FGF19/MT3/PROX1/BMP6/IL6R/TLR3/ADRA2B/PRLR/PLPP3/PDGFC/RGCC/IL15/EDN3/FGF18/IL1B/TLR6/AGAP2
GO:0002821,positive regulation of adaptive immune response,25/1244,2.65922519735838e-05,25,HLA-B/HLA-F/HLA-A/C3/HLA-C/HLA-H/IL6ST/B2M/TNF/TAP2/IL23A/HLA-DRB1/HLA-DRA/TFRC/NFKBIZ/TRAF2/MSH2/IL18R1/CD40/IL27RA/CLCF1/SKAP1/MR1/IL1B/CD1D
GO:0072676,lymphocyte migration,21/1244,2.68127691406489e-05,21,ADAM8/CCL20/CX3CL1/ICAM1/PLEC/CORO1A/CXCL16/TNFRSF14/CXCL11/NEDD9/HSD3B7/ASCL2/ADTRP/SLC8B1/IL27RA/CCL2/PIK3CD/GCSAM/APOD/SAA1/KLRK1
GO:0051953,negative regulation of amine transport,9/1244,2.81954552968254e-05,9,ABAT/TNF/ARL6IP5/SLC43A2/ADRA2A/SLC43A1/RGS2/ADRA2B/ADORA1
GO:2001236,regulation of extrinsic apoptotic signaling pathway,31/1244,2.84237434229822e-05,31,LTB/TNFAIP3/ITGAV/CX3CL1/ICAM1/IFI6/CFLAR/TNF/TNFSF10/GCLC/CAV1/PML/GCLM/FAIM2/BID/ATF3/PMAIP1/STX4/TRAF2/TLR4/CYLD/TGFBR1/CSF2/TMC8/TRAF1/TERT/SFRP1/IL7/DEPTOR/IL1B/TLR6
GO:0035150,regulation of tube size,24/1244,3.01645254482786e-05,24,TNF/ECE1/OXTR/GCLC/CAV1/GCLM/KLF2/EDN1/ADRA2A/DRD1/GCH1/RGS2/SOD3/KCNMB4/BDKRB2/F2R/SCNN1B/CHRM3/ADRA2B/ADORA1/HTR1D/UTS2/EDN3/EDN2
GO:0035296,regulation of tube diameter,24/1244,3.01645254482786e-05,24,TNF/ECE1/OXTR/GCLC/CAV1/GCLM/KLF2/EDN1/ADRA2A/DRD1/GCH1/RGS2/SOD3/KCNMB4/BDKRB2/F2R/SCNN1B/CHRM3/ADRA2B/ADORA1/HTR1D/UTS2/EDN3/EDN2
GO:0097746,blood vessel diameter maintenance,24/1244,3.01645254482786e-05,24,TNF/ECE1/OXTR/GCLC/CAV1/GCLM/KLF2/EDN1/ADRA2A/DRD1/GCH1/RGS2/SOD3/KCNMB4/BDKRB2/F2R/SCNN1B/CHRM3/ADRA2B/ADORA1/HTR1D/UTS2/EDN3/EDN2
GO:0001916,positive regulation of T cell mediated cytotoxicity,12/1244,3.17990279430529e-05,12,HLA-B/HLA-F/HLA-A/HLA-C/HLA-H/B2M/TAP2/IL23A/HLA-DRB1/HLA-DRA/MR1/CD1D
GO:0002708,positive regulation of lymphocyte mediated immunity,23/1244,3.45280309301978e-05,23,HLA-B/HLA-F/HLA-A/C3/HLA-C/HLA-H/B2M/TNF/TAP2/IL23A/HLA-DRB1/HLA-DRA/TFRC/TRAF2/MSH2/IL18R1/CD40/CLCF1/VAV1/MR1/IL1B/CD1D/KLRK1
GO:0044057,regulation of system process,58/1244,3.45280309301978e-05,58,ATP1B1/PTAFR/SMAD3/ATP2B4/RNF207/TNFRSF21/TYMP/ITGA2/ABAT/IL6ST/TNF/DSC2/ECE1/OXTR/NMU/TPM1/ZC3H12A/CAV1/PDGFB/FOXO3/G6PD/EDN1/ADRA2A/FOXO1/CELF2/TNFRSF1B/PDE4D/REN/GCH1/RGS2/WNK4/FABP5/ZNF488/CACNB1/SHANK3/KCNMB4/NMUR2/BDKRB2/F2R/SPHK1/TFF2/GSTM2/FBXO32/KCNJ2/CHRM3/BMP6/TNNT2/APOA1/ADRA2B/ADORA1/SYNE1/DMD/AQP1/WNT7A/EDN3/ATP1A3/EDN2/CAMK2B
GO:0045766,positive regulation of angiogenesis,28/1244,3.45280309301978e-05,28,CXCL8/C3/ITGB8/NINJ1/STAT3/ETS1/RRAS/ZC3H12A/JCAD/F3/SMOC2/JAK1/ERAP1/VEGFA/BTG1/CD40/FGF2/SPHK1/PIK3CD/HSPB6/TLR3/ANGPTL4/AQP1/TERT/FGF18/EMILIN1/IL1B/RAPGEF3
GO:1904018,positive regulation of vasculature development,28/1244,3.45280309301978e-05,28,CXCL8/C3/ITGB8/NINJ1/STAT3/ETS1/RRAS/ZC3H12A/JCAD/F3/SMOC2/JAK1/ERAP1/VEGFA/BTG1/CD40/FGF2/SPHK1/PIK3CD/HSPB6/TLR3/ANGPTL4/AQP1/TERT/FGF18/EMILIN1/IL1B/RAPGEF3
GO:0071466,cellular response to xenobiotic stimulus,33/1244,3.57914075129653e-05,33,UGT1A6/GSTM4/NCEH1/ABCB1/AKR1C1/CYP2B6/EDN1/TFRC/CYP4F12/UGT1A7/UGT1A3/UGT1A9/REN/ABCC5/WNK4/ACER2/ALDH3A1/RORC/UGT2B17/CYP1A1/GSTM2/CYP3A4/ABCC2/VAV1/NOS2/TLR3/CBR3/CYP26B1/UCHL1/CYP2W1/DPEP1/GSTA1/IL1B
GO:2000027,regulation of animal organ morphogenesis,24/1244,3.68811580797766e-05,24,TACSTD2/CSF1/TNF/CTNNB1/BMP2/DKK1/NTN4/EDN1/WNT4/FZD7/VEGFA/SHH/FGF2/WNT10A/PAX8/SAPCD2/SOX8/VANGL2/CELSR1/GRHL3/TNFRSF11B/WNT7A/SFRP1/SIX4
GO:0032946,positive regulation of mononuclear cell proliferation,25/1244,3.90451027322629e-05,25,CD74/HLA-A/CSF1/ICOSLG/IL6ST/CORO1A/NCK1/TICAM1/IL23A/CD320/CD70/LGALS9/TFRC/TLR4/SHH/IGFBP2/CD40/NFATC2/TNFSF9/CLCF1/PRLR/IL7/IL15/IL1B/CD1D
GO:0008544,epidermis development,49/1244,3.94699749527884e-05,49,LAMC2/LAMA3/LAMB3/TRIM16/KRT7/CFLAR/PLEC/SAV1/ZFP36L1/TNF/KLK7/CTNNB1/AKR1C3/CLIC4/FOSL2/LAMA5/MAFF/FA2H/HLA-DRB1/DKK1/MAFG/NFKBIZ/ETV4/CLDN1/SHH/PLAAT4/KLK5/FGF2/COL7A1/WNT10A/FABP5/SVEP1/ZBED2/AQP3/HRNR/CYSRT1/LIPM/FLG2/KRT6B/FLG/GRHL3/TNFRSF19/SLITRK6/EDAR/CYP26B1/CDH23/STRC/SOSTDC1/GJB5
GO:0045621,positive regulation of lymphocyte differentiation,26/1244,4.00353621832386e-05,26,CD74/IL2RG/ADAM8/VNN1/MMP14/IL23A/HLA-DRB1/SOX4/IL4R/HLA-DRA/FOXO3/LGALS9/PCK1/NFKBIZ/SHH/BTN2A2/CD83/TNFSF9/IL15RA/IL1RL2/DUSP10/SOX12/IL4I1/EGR3/IL7/IL15
GO:0051250,negative regulation of lymphocyte activation,26/1244,4.00353621832386e-05,26,CD74/TNFAIP3/SDC4/HLA-F/TNFRSF21/IRF1/TNFRSF14/ZC3H12A/HLA-DRB1/IL4R/LGALS9/ID2/ASCL2/LYN/SHH/PARP3/CEBPB/BTN2A2/TIGIT/IL4I1/PLA2G2A/LOXL3/SFRP1/LGALS9B/DAPL1/LGALS9C
GO:0002761,regulation of myeloid leukocyte differentiation,23/1244,4.19731352329697e-05,23,CD74/CSF1/ZFP36L1/TNF/CTNNB1/ZBTB46/GPR137/IL23A/HLA-DRB1/NEDD9/TESC/TFE3/ID2/FOS/LYN/TLR4/CEBPB/IL34/UBASH3B/TNFRSF11B/TLR3/SFRP1/SLC9B2
GO:0006721,terpenoid metabolic process,21/1244,4.21705487197403e-05,21,SDR16C5/AKR1C3/DGAT2/HMGCS2/AKR1C1/DHRS3/RBP1/UGT1A7/UGT1A3/UGT1A9/RPE65/AKR1B15/RDH5/ADH1C/AKR1B10/CYP1A1/CYP3A4/LIPE/BCO1/CYP26B1/CYP2W1
GO:0045933,positive regulation of muscle contraction,13/1244,4.60900591857537e-05,13,PTAFR/ITGA2/ABAT/OXTR/NMU/EDN1/RGS2/CACNB1/F2R/SPHK1/CHRM3/ADRA2B/EDN2
GO:0006940,regulation of smooth muscle contraction,15/1244,4.64708702627314e-05,15,PTAFR/ITGA2/ABAT/OXTR/NMU/CAV1/EDN1/ADRA2A/RGS2/NMUR2/F2R/SPHK1/CHRM3/ADRA2B/EDN2
GO:0045428,regulation of nitric oxide biosynthetic process,15/1244,4.64708702627314e-05,15,SMAD3/ATP2B4/TNF/CD47/ASS1/TICAM1/ZC3H12A/CAV1/CLU/KLF2/EDN1/TLR4/IL1B/TLR6/KLRK1
GO:0045860,positive regulation of protein kinase activity,43/1244,4.64708702627314e-05,43,ADAM8/ATP2B4/CSF1/TNFRSF10B/MRNIP/TNF/TNFSF15/CEMIP/TNFRSF11A/DOK7/TCIM/PDGFB/IL23A/DKK1/CLU/NEDD9/EDN1/ADRA2A/CCN1/VEGFA/TRAF2/TLR4/GPRC5B/ERN1/IL34/CD40/FGF2/MMD/EFNA1/CAMKK1/MT3/PROX1/IL6R/TLR3/ADRA2B/PRLR/PDGFC/RGCC/EDN3/FGF18/IL1B/TLR6/AGAP2
GO:0050864,regulation of B cell activation,25/1244,4.64708702627314e-05,25,CD74/TNFAIP3/IL2RG/TNFRSF21/ZFP36L1/NFAM1/MMP14/TICAM1/CD320/TFRC/ID2/LYN/TLR4/MSH2/PARP3/CD40/IL27RA/NFATC2/CLCF1/IL4I1/PRLR/APLF/SFRP1/THEMIS2/IL7
GO:0071248,cellular response to metal ion,33/1244,4.73445689591723e-05,33,B2M/MT1E/JUNB/AKR1C3/CLIC4/MT1G/MT2A/EDN1/SYT7/SYT12/FOS/CLDN1/SHH/ITPKC/NFATC2/MT1A/MT1X/CYP1A1/SYT1/NFATC4/MT3/CPNE7/BMP6/TFAP2A/CPNE5/SLC39A8/AQP1/TFR2/DPEP1/SYT8/CHP2/RYR3/RYR1
GO:0098586,cellular response to virus,16/1244,5.04846687483174e-05,16,SMAD3/IFNGR1/IFNGR2/IFI6/IKBKE/NFKB1/ZC3H12A/IFNAR2/LGALS9/JAK1/OAS1/IFIH1/MAPK11/IFNLR1/TLR3/VWCE
GO:0015837,amine transport,18/1244,5.11327033263896e-05,18,ABAT/TNF/SNCG/OXTR/ARL6IP5/SLC43A2/SLC7A5/ADRA2A/SYT7/SYT12/DRD1/SLC43A1/RGS2/SYT1/ADRA2B/KCNA2/ADORA1/SYT8
GO:0010959,regulation of metal ion transport,46/1244,5.38488336555772e-05,46,ATP1B1/CX3CL1/ATP2B4/RNF207/B2M/CTNNB1/CORO1A/CEMIP/CXCL11/KCNN4/CAV1/PDGFB/PML/TESC/G6PD/ADRA2A/SLMAP/DRD1/PDE4D/LYN/SLC8B1/WNK4/UBASH3B/SESTD1/PER1/CACNB1/ATP2C2/CCL2/JSRP1/F2R/CNKSR3/CABP1/GSTM2/KCNJ2/CRACR2A/ADORA1/KCNAB2/DMD/AKAP5/CHP2/HOMER3/EDN3/SLC31A2/OSR1/LRRC26/CAMK2B
GO:0009612,response to mechanical stimulus,33/1244,5.49332193035784e-05,33,NFKBIA/IRF1/ITGA2/TNFRSF10B/PLEC/TNF/CTNNB1/MMP14/NFKB1/TNFRSF11A/GCLC/EDN1/MAP3K1/GADD45A/FOS/TLR4/IGFBP2/CD40/PTGER4/FGF2/SHANK3/COL1A1/KCNJ2/BMP6/TLR3/SLITRK6/TLR5/DMD/AQP1/CASP1/IL1B/STRC/TRPA1
GO:0002440,production of molecular mediator of immune response,35/1244,5.55539964556862e-05,35,CD74/HLA-F/HLA-A/B2M/TNF/KLK7/TICAM1/TNFRSF14/IL4R/SLC7A5/TFRC/RIGI/NFKBIZ/CGAS/STX4/TNFRSF1B/TRAF2/TLR4/GPRC5B/MSH2/PARP3/SEMA7A/PANX1/IL18R1/KLK5/CD40/IL27RA/CLCF1/LACC1/TRIL/TLR3/SPON2/APOA1/APLF/IL1B
GO:0002695,negative regulation of leukocyte activation,28/1244,5.67886659825929e-05,28,CD74/TNFAIP3/SDC4/CX3CL1/HLA-F/TNFRSF21/IRF1/ZBTB46/TNFRSF14/ZC3H12A/HLA-DRB1/IL4R/LGALS9/ID2/ASCL2/LYN/SHH/PARP3/CEBPB/BTN2A2/TIGIT/IL4I1/PLA2G2A/LOXL3/SFRP1/LGALS9B/DAPL1/LGALS9C
GO:0042116,macrophage activation,20/1244,5.77048522910506e-05,20,CD74/CX3CL1/IFNGR1/SBNO2/IFNGR2/TNF/MFHAS1/TICAM1/ZC3H12A/IL4R/CLU/ITGAM/TLR4/TLR2/WNK4/NMI/SPHK1/TLR3/EDN2/TLR6
GO:0033674,positive regulation of kinase activity,48/1244,5.93526941960786e-05,48,CD74/ADAM8/ATP2B4/CSF1/TNFRSF10B/MRNIP/TNF/TNFSF15/CEMIP/TNFRSF11A/DOK7/TCIM/PDGFB/IL23A/HLA-DRB1/DKK1/CLU/NEDD9/EDN1/ADRA2A/CCN1/VEGFA/NTRK2/TRAF2/TLR4/GPRC5B/ERN1/IL34/CD40/FGF2/MMD/EFNA1/CAMKK1/MT3/PROX1/EEF1A2/IL6R/TLR3/ADRA2B/PRLR/PDGFC/LTK/RGCC/EDN3/FGF18/IL1B/TLR6/AGAP2
GO:0055080,monoatomic cation homeostasis,70/1244,5.9493092332345e-05,70,ATP1B1/CX3CL1/ATP2B4/B2M/MT1E/CORO1A/TGM2/CLIC4/ERO1A/CEMIP/ANKRD9/CXCL11/CAV1/SLC12A7/PML/CALB2/NOX1/MT1G/MT2A/EDN1/SLC9A7/TFRC/TPCN1/GRINA/CYP4F12/TMEM9/CAV2/DRD1/PDE4D/LYN/FECH/STEAP2/TMTC2/SLC8B1/WNK4/UBASH3B/SCO2/CD40/KL/FGF2/ATP2C2/MT1A/LACC1/JSRP1/MT1X/F2R/GSTM2/SCNN1B/KCNJ2/MT3/CA7/BMP6/TMC8/LCK/SNX10/SLC39A8/SV2B/ADORA1/DMD/TFR2/CDH23/EDN3/ATP1A3/SLC31A2/RYR3/RYR1/EDN2/TMPRSS3/SLC9B2/TRPA1
GO:0010001,glial cell differentiation,37/1244,6.20324368459642e-05,37,IFNGR1/TNFRSF21/PLEC/IL6ST/STAT3/TNF/ANO1/CTNNB1/BMP2/FA2H/SOX4/CLU/ID2/NTRK2/DRD1/TSPAN2/TNFRSF1B/LYN/TLR4/HAPLN3/SHH/METRN/TLR2/IL34/FGF2/GPR37L1/SH3TC2/ZNF488/ID4/CLCF1/SOX8/DUSP10/PLPP3/PRX/KLF15/CNTNAP1/IL1B
GO:0003073,regulation of systemic arterial blood pressure,19/1244,6.21530839371703e-05,19,TNF/ECE1/IER3/NAV2/OXTR/TPM1/PDGFB/NOX1/KLK1/EDN1/CYP4F12/PDE4D/REN/KL/GPR37L1/F2R/ADORA1/EDN3/EDN2
GO:0050671,positive regulation of lymphocyte proliferation,24/1244,6.52032006475373e-05,24,CD74/HLA-A/ICOSLG/IL6ST/CORO1A/NCK1/TICAM1/IL23A/CD320/CD70/LGALS9/TFRC/TLR4/SHH/IGFBP2/CD40/NFATC2/TNFSF9/CLCF1/PRLR/IL7/IL15/IL1B/CD1D
GO:0002720,positive regulation of cytokine production involved in immune response,18/1244,6.58005501493766e-05,18,CD74/HLA-F/HLA-A/B2M/TICAM1/TNFRSF14/SLC7A5/RIGI/TRAF2/TLR4/GPRC5B/SEMA7A/PANX1/IL18R1/LACC1/TLR3/SPON2/IL1B
GO:0002675,positive regulation of acute inflammatory response,8/1244,6.58005501493766e-05,8,ADAM8/C3/IL6ST/TNF/TNFRSF11A/C2CD4A/C2CD4B/IL1B
GO:0048247,lymphocyte chemotaxis,13/1244,6.62134019768013e-05,13,ADAM8/CCL20/CX3CL1/PLEC/CXCL16/CXCL11/NEDD9/HSD3B7/SLC8B1/CCL2/PIK3CD/SAA1/KLRK1
GO:0071241,cellular response to inorganic substance,36/1244,6.62508664518699e-05,36,CFLAR/B2M/MT1E/JUNB/AKR1C3/CLIC4/MT1G/MT2A/EDN1/SYT7/SYT12/FOXO1/FOS/CLDN1/TRAF2/SHH/ITPKC/NFATC2/MT1A/MT1X/CYP1A1/SYT1/NFATC4/MT3/CPNE7/BMP6/TFAP2A/CPNE5/SLC39A8/AQP1/TFR2/DPEP1/SYT8/CHP2/RYR3/RYR1
GO:0006937,regulation of muscle contraction,27/1244,6.66494477522561e-05,27,ATP1B1/PTAFR/RNF207/ITGA2/ABAT/DSC2/OXTR/NMU/TPM1/ZC3H12A/CAV1/EDN1/ADRA2A/PDE4D/RGS2/CACNB1/NMUR2/F2R/SPHK1/GSTM2/KCNJ2/CHRM3/TNNT2/ADRA2B/ADORA1/DMD/EDN2
GO:0030099,myeloid cell differentiation,58/1244,6.93368755671255e-05,58,CD74/UBD/NFKBIA/RELB/SBNO2/STAT5A/CSF1/CFLAR/ITGB8/SH2B3/STAT3/B2M/ZFP36L1/TNF/JUNB/CTNNB1/BMP2/ETS1/MFHAS1/FOSL2/ZBTB46/TNFRSF11A/GPR137/PML/IL23A/HLA-DRB1/ITGB6/NEDD9/MT1G/FOXO3/TESC/KLF2/G6PD/TFRC/TFE3/ID2/VEGFA/FOS/TSPAN2/PIR/CDKN2B/LYN/TLR4/FECH/MYB/TLR2/CEBPB/IL34/UBASH3B/CSF2/PIK3CD/ISG15/TNFRSF11B/TLR3/SNX10/SFRP1/IL15/SLC9B2
GO:0002718,regulation of cytokine production involved in immune response,22/1244,6.9820875343001e-05,22,CD74/HLA-F/HLA-A/B2M/TNF/TICAM1/TNFRSF14/SLC7A5/RIGI/TNFRSF1B/TRAF2/TLR4/GPRC5B/SEMA7A/PANX1/IL18R1/LACC1/TRIL/TLR3/SPON2/APOA1/IL1B
GO:0042476,odontogenesis,22/1244,6.9820875343001e-05,22,CSF1/CTNNB1/BMP2/LAMA5/AQP5/ITGB6/EDN1/TMT1A/SHH/KLK5/RELT/WNT10A/AQP3/COL1A1/TFAP2A/TNFRSF11B/SNX10/SSUH2/EDAR/AQP1/OSR1/SOSTDC1
GO:0099537,trans-synaptic signaling,73/1244,7.38110644872797e-05,73,SQSTM1/CX3CL1/PRKCG/ABAT/DOC2B/TNF/CTNNB1/SNCG/RNF19A/UNC13A/OXTR/NMU/SLC7A11/RAP1B/ARRB2/SLC12A7/NEFL/DKK1/CALB2/AKAP12/APBA3/EDN1/ADRA2A/SYT7/SYT12/PLK2/KCTD13/NTRK2/DRD1/NPTX2/STX4/CACNG8/PRRT2/GABRP/HIP1/ACHE/PMP22/PDLIM4/FABP5/ASIC1/CACNB1/RASGRF1/SHANK3/KCNMB4/CCL2/F2R/PPFIA3/TMOD2/GPR176/SYT1/CADPS2/NFATC4/CA7/CHRM3/PLCL2/EGR3/SV2B/CPLX1/ADORA1/SYNE1/HTR1D/WNT7A/AKAP5/SYT8/PMCH/UTS2/BRSK1/SYN2/LRRC4/IL1B/MAP1A/RASD2/CAMK2B
GO:0002824,positive regulation of adaptive immune response based on somatic recombination of immune receptors built from immunoglobulin superfamily domains,23/1244,7.43291257305425e-05,23,HLA-B/HLA-F/HLA-A/C3/HLA-C/HLA-H/B2M/TNF/TAP2/IL23A/HLA-DRB1/HLA-DRA/TFRC/NFKBIZ/TRAF2/MSH2/IL18R1/CD40/IL27RA/CLCF1/MR1/IL1B/CD1D
GO:0042327,positive regulation of phosphorylation,75/1244,7.67309852733323e-05,75,CD74/SQSTM1/ADAM8/CX3CL1/ATP2B4/C3/CSF1/TNFRSF10B/IL6ST/MRNIP/TNF/BMP2/TNFSF15/CEMIP/TGFA/TNFRSF11A/DOK7/PTPRJ/TNFRSF14/SLCO3A1/TNKS1BP1/ARRB2/TCIM/CAV1/PARP14/PDGFB/IL23A/HLA-DRB1/DKK1/CLU/NEDD9/EDN1/ADRA2A/TFRC/FZD7/CCN1/VEGFA/NTRK2/TRAF2/LYN/TLR4/GPRC5B/ADTRP/PRR5L/SEMA7A/ERN1/IL34/HSPA2/CD40/CSF2/FGF2/MMD/EFNA1/CLCF1/CAMKK1/SPHK1/FGF19/MT3/PROX1/EEF1A2/BMP6/IL6R/TLR3/ADRA2B/PRLR/PLPP3/PDGFC/LTK/RGCC/IL15/EDN3/FGF18/IL1B/TLR6/AGAP2
GO:0043406,positive regulation of MAP kinase activity,19/1244,7.76983511459752e-05,19,ADAM8/TNF/TNFRSF11A/PDGFB/DKK1/EDN1/ADRA2A/VEGFA/TRAF2/TLR4/ERN1/IL34/CD40/FGF2/PDGFC/EDN3/FGF18/IL1B/TLR6
GO:0070098,chemokine-mediated signaling pathway,14/1244,7.79645955204721e-05,14,CXCL8/CCL20/CX3CL1/CXCL1/CXCL3/SH2B3/CXCL2/CXCL11/EDN1/LYN/CCL2/TFF2/ACKR4/CXCL6
GO:0032963,collagen metabolic process,21/1244,7.88198281995105e-05,21,MMP7/KLK6/ITGA2/CTSS/MMP14/FOSL2/CREB3L1/WNT4/RETREG1/MYB/SERPINB7/F2R/COL1A1/CIITA/TNXB/COL5A1/RGCC/ADAMTS14/MMP25/EMILIN1/PCOLCE
GO:0001659,temperature homeostasis,31/1244,7.90310342508548e-05,31,SQSTM1/LCN2/ABAT/STAT3/TNF/OXTR/TNFRSF11A/NMU/PTGES/CAV1/IL4R/TFE3/FOXO1/VEGFA/DRD1/KDM6B/TLR4/YBX2/GRB10/CEBPB/LAMA4/IL18R1/ACHE/FABP5/PRLR/PLCL2/PDGFC/ADORA1/IL15/IL1B/EDN2
GO:0007160,cell-matrix adhesion,38/1244,8.06079362909579e-05,38,ITGAV/SDC4/CX3CL1/SMAD3/PHLDB2/ITGA2/CSF1/L1CAM/ITGB8/ITGA3/CTNNB1/MMP14/PTPRJ/PLAU/RRAS/MAP4K4/ITGB6/AJUBA/WNT4/COL16A1/ITGAM/VEGFA/SORBS1/ACER2/CEACAM6/NID2/SKAP1/TNXB/APOD/FREM1/LYPD3/SFRP1/ADAMTS9/COL5A3/EMILIN1/STRC/ITGA9/COL13A1
GO:0002367,cytokine production involved in immune response,22/1244,8.48671465215121e-05,22,CD74/HLA-F/HLA-A/B2M/TNF/TICAM1/TNFRSF14/SLC7A5/RIGI/TNFRSF1B/TRAF2/TLR4/GPRC5B/SEMA7A/PANX1/IL18R1/LACC1/TRIL/TLR3/SPON2/APOA1/IL1B
GO:0080164,regulation of nitric oxide metabolic process,15/1244,8.48671465215121e-05,15,SMAD3/ATP2B4/TNF/CD47/ASS1/TICAM1/ZC3H12A/CAV1/CLU/KLF2/EDN1/TLR4/IL1B/TLR6/KLRK1
GO:0032729,positive regulation of type II interferon production,16/1244,8.75273062623583e-05,16,BCL3/HLA-A/TNF/IL23A/LGALS9/SLC7A5/PDE4D/TLR4/IL18R1/BTN3A1/IL27RA/ISG15/TLR3/CD14/IL1B/KLRK1
GO:0099536,synaptic signaling,75/1244,8.75273062623583e-05,75,SQSTM1/CX3CL1/PRKCG/ABAT/DOC2B/TNF/CTNNB1/SNCG/RNF19A/UNC13A/OXTR/NMU/SLC7A11/RAP1B/ARRB2/SLC12A7/NEFL/DKK1/CALB2/AKAP12/APBA3/EDN1/ADRA2A/SYT7/SYT12/PLK2/KCTD13/NTRK2/DRD1/NPTX2/STX4/CACNG8/PRRT2/GABRP/HIP1/ACHE/PMP22/PDLIM4/FABP5/ASIC1/GNA15/CACNB1/RASGRF1/SHANK3/KCNMB4/CCL2/F2R/PPFIA3/TMOD2/GPR176/SYT1/CADPS2/NFATC4/CA7/CHRM3/PLCL2/EGR3/SV2B/CPLX1/ADORA1/SYNE1/DMD/HTR1D/WNT7A/AKAP5/SYT8/PMCH/UTS2/BRSK1/SYN2/LRRC4/IL1B/MAP1A/RASD2/CAMK2B
GO:0007268,chemical synaptic transmission,72/1244,8.84294610759047e-05,72,SQSTM1/CX3CL1/PRKCG/ABAT/DOC2B/TNF/CTNNB1/SNCG/RNF19A/UNC13A/OXTR/NMU/SLC7A11/RAP1B/ARRB2/SLC12A7/NEFL/DKK1/CALB2/AKAP12/APBA3/EDN1/ADRA2A/SYT7/SYT12/PLK2/KCTD13/NTRK2/DRD1/NPTX2/STX4/CACNG8/PRRT2/GABRP/HIP1/ACHE/PMP22/PDLIM4/ASIC1/CACNB1/RASGRF1/SHANK3/KCNMB4/CCL2/F2R/PPFIA3/TMOD2/GPR176/SYT1/CADPS2/NFATC4/CA7/CHRM3/PLCL2/EGR3/SV2B/CPLX1/ADORA1/SYNE1/HTR1D/WNT7A/AKAP5/SYT8/PMCH/UTS2/BRSK1/SYN2/LRRC4/IL1B/MAP1A/RASD2/CAMK2B
GO:0098916,anterograde trans-synaptic signaling,72/1244,8.84294610759047e-05,72,SQSTM1/CX3CL1/PRKCG/ABAT/DOC2B/TNF/CTNNB1/SNCG/RNF19A/UNC13A/OXTR/NMU/SLC7A11/RAP1B/ARRB2/SLC12A7/NEFL/DKK1/CALB2/AKAP12/APBA3/EDN1/ADRA2A/SYT7/SYT12/PLK2/KCTD13/NTRK2/DRD1/NPTX2/STX4/CACNG8/PRRT2/GABRP/HIP1/ACHE/PMP22/PDLIM4/ASIC1/CACNB1/RASGRF1/SHANK3/KCNMB4/CCL2/F2R/PPFIA3/TMOD2/GPR176/SYT1/CADPS2/NFATC4/CA7/CHRM3/PLCL2/EGR3/SV2B/CPLX1/ADORA1/SYNE1/HTR1D/WNT7A/AKAP5/SYT8/PMCH/UTS2/BRSK1/SYN2/LRRC4/IL1B/MAP1A/RASD2/CAMK2B
GO:0050777,negative regulation of immune response,31/1244,9.0336973022119e-05,31,TNFAIP3/HLA-B/HLA-F/HLA-A/OAS3/TNFRSF14/ZC3H12A/RHBDF2/ARRB2/PARP14/HLA-DRB1/IL4R/LGALS9/PLK2/OAS1/TRAFD1/ASCL2/CGAS/NLRC5/LYN/PARP3/SERPINB9/NMI/IL27RA/C4BPB/SVEP1/DUSP10/ISG15/IL4I1/LOXL3/SUSD4
GO:0050801,monoatomic ion homeostasis,70/1244,9.0336973022119e-05,70,ATP1B1/CX3CL1/ATP2B4/B2M/MT1E/CORO1A/TGM2/CLIC4/ERO1A/CEMIP/ANKRD9/CXCL11/CAV1/SLC12A7/PML/CALB2/NOX1/MT1G/MT2A/EDN1/SLC9A7/TFRC/TPCN1/GRINA/CYP4F12/TMEM9/CAV2/DRD1/PDE4D/LYN/FECH/STEAP2/TMTC2/SLC8B1/WNK4/UBASH3B/SCO2/CD40/KL/FGF2/ATP2C2/MT1A/LACC1/JSRP1/MT1X/F2R/GSTM2/SCNN1B/KCNJ2/MT3/CA7/BMP6/TMC8/LCK/SNX10/SLC39A8/SV2B/ADORA1/DMD/TFR2/CDH23/EDN3/ATP1A3/SLC31A2/RYR3/RYR1/EDN2/TMPRSS3/SLC9B2/TRPA1
GO:0050731,positive regulation of peptidyl-tyrosine phosphorylation,24/1244,9.0336973022119e-05,24,CD74/IL6ST/TNF/TGFA/DOK7/PTPRJ/TNFRSF14/PARP14/PDGFB/IL23A/NEDD9/ADRA2A/VEGFA/LYN/GPRC5B/IL34/CD40/CSF2/EFNA1/CLCF1/BMP6/IL6R/PLPP3/IL15
GO:0061041,regulation of wound healing,24/1244,9.0336973022119e-05,24,TNFAIP3/DUOX2/SMAD3/PHLDB2/SH2B3/TNF/PLAU/CAV1/F3/PDGFB/EDN1/WNT4/SMOC2/ADRA2A/DUOX1/TFPI/CLDN1/ADTRP/UBASH3B/FGF2/F2R/SERPINB2/PROS1/EMILIN1
GO:0097191,extrinsic apoptotic signaling pathway,39/1244,9.15712546050841e-05,39,LTB/TNFAIP3/ITGAV/CX3CL1/SMAD3/ICAM1/IFI6/CFLAR/TNFRSF10B/TNF/TNFSF10/GCLC/CAV1/PML/GCLM/FAIM2/CD70/BID/ATF3/NFKBIZ/BCL2L2/PMAIP1/STX4/TNFRSF1B/TRAF2/TLR4/CYLD/TGFBR1/CSF2/IL6R/TMC8/TLR3/TRAF1/TERT/SFRP1/IL7/DEPTOR/IL1B/TLR6
GO:0032964,collagen biosynthetic process,13/1244,9.15712546050841e-05,13,ITGA2/FOSL2/CREB3L1/WNT4/MYB/SERPINB7/F2R/COL1A1/CIITA/COL5A1/RGCC/EMILIN1/PCOLCE
GO:0050829,defense response to Gram-negative bacterium,13/1244,9.15712546050841e-05,13,OPTN/TNFRSF14/IL23A/NFKBIZ/TLR4/LYPD8/IL22RA1/IL6R/NOS2/CXCL6/MR1/AQP1/DMBT1
GO:0001818,negative regulation of cytokine production,40/1244,9.29201150730825e-05,40,TNFAIP3/RELB/BCL3/CX3CL1/HLA-F/TNFRSF21/TNF/OAS3/NFKB1/ZC3H12A/ARRB2/HDAC9/PML/IL23A/HLA-DRB1/KLF2/LGALS9/OAS1/TLR4/CYLD/BTN2A2/CD83/PTGER4/NMI/IL27RA/IL1R2/TRIB2/XAF1/TRAIP/GBP1/NAV3/TIGIT/APOA1/MIR935/APOD/LGALS9B/RGCC/HOMER3/LGALS9C/TLR6
GO:0048732,gland development,58/1244,9.41081393372786e-05,58,TNFAIP3/SMAD3/STAT5A/ITGA2/CSF1/CFLAR/TNF/CTNNB1/BMP2/TGM2/LAMA5/OXTR/NFKB1/IGSF3/TGFA/TNFRSF11A/ASS1/HMGCS2/CAV1/FA2H/XDH/PML/NPC1/NTN4/SLC7A5/EDN1/WNT4/SEMA3C/PCK1/ID2/VEGFA/UGT1A7/UGT1A9/CDKN2B/CLDN1/SHH/CEBPB/TGFBR1/FGF2/WNT10A/PAX8/EPHB3/ID4/ATP2C2/E2F8/CYP1A1/LBH/PROX1/APOA1/PRLR/EDAR/DKK3/LAMA1/SFRP1/SIX4/NTN1/SOSTDC1/SOCS2
GO:0043068,positive regulation of programmed cell death,71/1244,9.85645289658474e-05,71,SQSTM1/UBD/LTB/ADAM8/IGFBP3/CFLAR/TNFRSF10B/SAV1/VNN1/SPDEF/TNF/PHLDA3/CTNNB1/BMP2/CTSS/AKR1C3/TGM2/B4GALT1/TNFSF10/NCK1/PHLDA2/ZC3H12A/ARL6IP5/CAV1/BBC3/PML/SOX4/AKAP12/CLU/NOX1/FOXO3/LGALS9/UBE2Z/BID/GADD45A/ATF3/CCN1/FOXO1/BTG1/PMAIP1/LGALS2/PLA2R1/TNFRSF1B/TRAF2/LYN/TLR4/RASSF6/MYB/TNFAIP8/CYLD/TGFBR1/CD40/OLFM1/GBP2/CCL2/PIK3CD/GBP1/NFATC4/EEF1A2/TFAP2A/NOS2/TLR3/LCK/DCUN1D3/NUPR1/LTK/SFRP1/IFIT2/RGCC/EMILIN1/TLR6
GO:0046209,nitric oxide metabolic process,18/1244,0.0001031624179467,18,SMAD3/ATP2B4/TNF/CD47/ASS1/TICAM1/ZC3H12A/CAV1/CLU/KLF2/EDN1/TLR4/GCH1/TLR2/NOS2/IL1B/TLR6/KLRK1
GO:0045088,regulation of innate immune response,55/1244,0.0001048356143528,55,TNFAIP3/NFKBIA/IRAK2/HLA-B/TNIP1/BIRC3/ADAM8/HLA-F/HLA-A/IRF1/NINJ1/IKBKE/TNF/TRIM31/TRAF3/CTSS/MFHAS1/OAS3/TICAM1/ARRB2/CAV1/PARP14/LGALS9/RIGI/SLC15A3/OAS1/ERAP1/TRAFD1/NFKBIZ/CGAS/NLRC5/LYN/TLR4/TLR2/CYLD/IFIH1/CD40/SERPINB9/NMI/GBP2/LACC1/DUSP10/DDX60/TRIL/VAV1/ISG15/TLR3/POLR3G/TLR5/CASP1/CD14/TLR6/SUSD4/CD1D/KLRK1
GO:1905330,regulation of morphogenesis of an epithelium,14/1244,0.0001048563897638,14,RNF207/TACSTD2/TNF/CTNNB1/NTN4/WNT4/VEGFA/SHH/FGF2/PAX8/SOX8/PIK3CD/SFRP1/SIX4
GO:0043588,skin development,42/1244,0.0001060297964774,42,LTB/TRIM16/ITGA2/KRT7/CFLAR/PLEC/SAV1/ZFP36L1/TNF/ITGA3/CTNNB1/AKR1C3/CLIC4/FOSL2/LAMA5/FA2H/ITGB6/DKK1/NFKBIZ/ETV4/CLDN1/SHH/PLAAT4/KLK5/WNT10A/ZBED2/AQP3/HRNR/CYSRT1/COL1A1/LIPM/FLG2/KRT6B/FLG/GRHL3/TNFRSF19/EDAR/CYP26B1/COL5A1/COL5A3/RYR1/SOSTDC1
GO:0051960,regulation of nervous system development,57/1244,0.0001060297964774,57,CX3CL1/TNFRSF21/TYMP/L1CAM/PLXNB2/IL6ST/B2M/TNF/CTNNB1/BMP2/TGM2/OXTR/SEMA4B/BHLHE41/SEMA4C/NEFL/DKK1/SLC7A5/SEMA3C/ID2/THBS2/VEGFA/ASCL2/NTRK2/BHLHE40/TNFRSF1B/CDKN2B/LYN/HAPLN3/SHH/MYB/ULK1/METRN/TLR2/AMIGO2/SEMA7A/IL34/FGF2/GPR37L1/EPHB3/ZNF488/ID4/CLCF1/SHANK3/SOX8/DUSP10/NFATC4/MT3/PROX1/MAP2/SLITRK6/WNT7A/TIAM2/IL1B/SEMA4A/NTN1/CAMK2B
GO:0072006,nephron development,25/1244,0.0001071633987258,25,TACSTD2/CFLAR/ITGA3/CTNNB1/BMP2/LAMA5/PDGFB/WNT4/WWTR1/VEGFA/SHH/WNK4/SERPINB7/FGF2/PAX8/SOX8/IL6R/CITED1/AQP1/NPHS1/KLF15/DCHS1/SIX4/OSR1/MTSS1
GO:0045670,regulation of osteoclast differentiation,15/1244,0.0001109026406242,15,CSF1/TNF/CTNNB1/GPR137/IL23A/NEDD9/TFE3/FOS/TLR4/CEBPB/UBASH3B/TNFRSF11B/TLR3/SFRP1/SLC9B2
GO:0001667,ameboidal-type cell migration,60/1244,0.0001114883637941,60,SDC4/ATP2B4/TACSTD2/STAT5A/ITGA2/PLEC/TNF/ITGA3/CORO1A/ETS1/LAMA5/ZFAND5/SEMA4B/RRAS/BCAR1/AMOTL2/ZC3H12A/MAP4K4/S100P/JCAD/SEMA4C/HDAC9/PDGFB/PML/AKAP12/EDN1/SMOC2/GADD45A/SEMA3C/PLK2/VEGFA/ADTRP/SHH/PRR5L/SEMA7A/TGFBR1/CD40/FGF2/EFNA1/SOX8/DUSP10/PIK3CD/FGF19/ARHGDIB/PROX1/APOA1/PLPP3/EGR3/TNS1/AQP1/WNT7A/ADAMTS9/RGCC/EDN3/GLIPR2/FGF18/EDN2/SEMA4A/FOLR1/CRB2
GO:0043122,regulation of canonical NF-kappaB signal transduction,44/1244,0.0001180369229938,44,CD74/SQSTM1/UBD/LTB/TNFAIP3/TNIP1/BIRC3/CX3CL1/CFLAR/TNFRSF10B/OPTN/IKBKE/TNF/CTNNB1/TRAF3/TNFSF10/TICAM1/ZC3H12A/ARRB2/HLA-DRB1/AJUBA/NFKBIB/LGALS9/TFRC/PLK2/TRIM22/TANK/TRAF2/TLR4/GPRC5B/PER1/CD40/F2R/APOL3/CTH/TLR3/TRAF1/TNFRSF19/EDAR/SLC39A8/CASP1/IL1B/TLR6/MID2
GO:1901699,cellular response to nitrogen compound,79/1244,0.0001180369229938,79,PTAFR/ATP2B4/STAT5A/ICAM1/CFLAR/STAT3/ZFP36L1/TNF/ANO1/CTNNB1/TGM2/PPP1R1B/GJB2/NFKB1/ASS1/NCK1/LPIN2/BCAR1/RAP1B/GCLC/HMGCS2/ARRB2/CAV1/HDAC9/GCLM/KLF2/SLC7A5/EDN1/COL16A1/JAK1/RIGI/ADCY5/PCK1/SHMT1/FOXO1/CAV2/FOS/NTRK2/SORBS1/CGAS/COL6A1/DRD1/BCL2L2/RPE65/TRAF2/LYN/TLR4/PNPLA3/GRB10/CEBPB/IFIH1/ACHE/CPEB2/GNA15/CACNB1/CASTOR3P/COL1A1/GSTM2/SCNN1B/CHRM3/SLC2A4/TLR3/PDGFC/CASTOR1/AQP1/HTR1D/KLF15/APLP1/DPEP1/ECHDC3/SFRP1/ATP1A3/RYR3/RYR1/IL1B/TLR6/FOLR1/RAPGEF3/SOCS2
GO:0042692,muscle cell differentiation,50/1244,0.0001191320255395,50,CFLAR/PLEC/NINJ1/CTNNB1/BMP2/MMP14/LAMC1/TPM1/BHLHE41/ARRB2/SEMA4C/HDAC9/PDGFB/DKK1/IL4R/OBSCN/G6PD/EDN1/WNT4/FZD7/ID2/VEGFA/CAV2/KDM6B/SHH/RGS2/ADAMTS15/MAPK11/BARX2/NFATC2/TMOD2/NFATC4/PROX1/QKI/CTH/TNNT2/TMOD1/NFATC1/PLEKHO1/CYP26B1/UCHL1/SYNE1/CSRP2/DMD/NPHS1/LAMA1/CNTNAP1/SIX4/RYR1/NEB
GO:0050921,positive regulation of chemotaxis,22/1244,0.0001211990966117,22,CD74/CXCL8/SMAD3/ITGA2/CSF1/F3/PDGFB/IL23A/NEDD9/LGALS9/EDN1/SMOC2/VEGFA/STX4/RAC2/IL34/FGF2/IL6R/GPSM3/EDN3/FGF18/EDN2
GO:0045580,regulation of T cell differentiation,30/1244,0.0001241371701921,30,CD74/IL2RG/ADAM8/IRF1/VNN1/JUNB/ZC3H12A/IL23A/HLA-DRB1/SOX4/IL4R/HLA-DRA/FOXO3/LGALS9/PCK1/NFKBIZ/ASCL2/SHH/BTN2A2/CD83/TNFSF9/IL1RL2/DUSP10/SOX12/IL4I1/CYP26B1/EGR3/LOXL3/IL7/IL15
GO:0010562,positive regulation of phosphorus metabolic process,80/1244,0.000126446786505,80,CD74/SQSTM1/ADAM8/PTAFR/CX3CL1/ATP2B4/C3/CSF1/TNFRSF10B/IL6ST/MRNIP/TNF/BMP2/TNFSF15/CEMIP/TGFA/TNFRSF11A/DOK7/PTPRJ/TNFRSF14/SLCO3A1/TNKS1BP1/ARRB2/TCIM/CAV1/PARP14/PDGFB/IL23A/HLA-DRB1/DKK1/CLU/NEDD9/EDN1/ADRA2A/TFRC/FZD7/CCN1/VEGFA/NTRK2/PPP1R14D/TRAF2/LYN/TLR4/GPRC5B/ADTRP/PRR5L/SEMA7A/ERN1/IL34/HSPA2/CD40/CSF2/FGF2/MMD/EFNA1/CLCF1/CAMKK1/SPHK1/FGF19/MT3/PROX1/EEF1A2/BMP6/IL6R/NOS2/TLR3/ADRA2B/PRLR/PLPP3/PDGFC/ADORA1/LTK/CHP2/RGCC/IL15/EDN3/FGF18/IL1B/TLR6/AGAP2
GO:0045937,positive regulation of phosphate metabolic process,80/1244,0.000126446786505,80,CD74/SQSTM1/ADAM8/PTAFR/CX3CL1/ATP2B4/C3/CSF1/TNFRSF10B/IL6ST/MRNIP/TNF/BMP2/TNFSF15/CEMIP/TGFA/TNFRSF11A/DOK7/PTPRJ/TNFRSF14/SLCO3A1/TNKS1BP1/ARRB2/TCIM/CAV1/PARP14/PDGFB/IL23A/HLA-DRB1/DKK1/CLU/NEDD9/EDN1/ADRA2A/TFRC/FZD7/CCN1/VEGFA/NTRK2/PPP1R14D/TRAF2/LYN/TLR4/GPRC5B/ADTRP/PRR5L/SEMA7A/ERN1/IL34/HSPA2/CD40/CSF2/FGF2/MMD/EFNA1/CLCF1/CAMKK1/SPHK1/FGF19/MT3/PROX1/EEF1A2/BMP6/IL6R/NOS2/TLR3/ADRA2B/PRLR/PLPP3/PDGFC/ADORA1/LTK/CHP2/RGCC/IL15/EDN3/FGF18/IL1B/TLR6/AGAP2
GO:0032613,interleukin-10 production,13/1244,0.0001278353193501,13,BCL3/TNFRSF21/STAT3/CD47/IL23A/HLA-DRB1/LGALS9/TLR4/TLR2/CD83/TRIB2/TIGIT/ISG15
GO:0032653,regulation of interleukin-10 production,13/1244,0.0001278353193501,13,BCL3/TNFRSF21/STAT3/CD47/IL23A/HLA-DRB1/LGALS9/TLR4/TLR2/CD83/TRIB2/TIGIT/ISG15
GO:2001057,reactive nitrogen species metabolic process,18/1244,0.0001278353193501,18,SMAD3/ATP2B4/TNF/CD47/ASS1/TICAM1/ZC3H12A/CAV1/CLU/KLF2/EDN1/TLR4/GCH1/TLR2/NOS2/IL1B/TLR6/KLRK1
GO:0032755,positive regulation of interleukin-6 production,20/1244,0.0001288444247949,20,CD74/PTAFR/STAT3/TNF/TICAM1/LGALS9/RIGI/TLR4/TLR2/IFIH1/F2R/IL1RL2/LPL/ZBTB20/IL6R/NOS2/TLR3/SPON2/IL1B/TLR6
GO:0043270,positive regulation of monoatomic ion transport,29/1244,0.0001288444247949,29,ATP1B1/CX3CL1/RNF207/CTSS/CEMIP/ABCB1/CXCL11/KCNN4/CAV1/PDGFB/TESC/G6PD/EDN1/ADRA2A/DRD1/SHANK3/ATP2C2/CCL2/F2R/CNKSR3/GSTM2/KCNJ2/CRACR2A/ADORA1/DMD/AKAP5/CHP2/EDN3/LRRC26
GO:0010038,response to metal ion,49/1244,0.0001316934897578,49,ABAT/B2M/MT1E/JUNB/AKR1C3/CLIC4/ASS1/GCLC/HMGCS2/CAV1/NPC1/MT1G/MT2A/G6PD/EDN1/SYT7/TFRC/SYT12/FOS/CLDN1/FECH/SHH/ITPKC/NFATC2/SOD3/KCNMB4/AQP3/MT1A/MT1X/CYP1A1/SYT1/NFATC4/MT3/CPNE7/BMP6/TFAP2A/TNFRSF11B/TNNT2/CPNE5/SLC39A8/AQP1/TERT/TFR2/DPEP1/SYT8/CHP2/CD14/RYR3/RYR1
GO:0072593,reactive oxygen species metabolic process,37/1244,0.0001357514287112,37,DUOX2/DUOXA2/NOXO1/DUOXA1/IFI6/CFLAR/TNF/ACOX1/IER3/AKR1C3/ZC3H12A/XDH/PDGFB/AKR1C1/NOX1/G6PD/EDN1/ITGAM/GADD45A/CCN1/DUOX1/FOXO1/PMAIP1/PLA2R1/TLR4/RAC2/GCH1/SOD3/CYP1A1/GPX3/MT3/VAV1/PREX1/TFAP2A/NOS2/NCF2/TLR6
GO:0006809,nitric oxide biosynthetic process,17/1244,0.0001366868321866,17,SMAD3/ATP2B4/TNF/CD47/ASS1/TICAM1/ZC3H12A/CAV1/CLU/KLF2/EDN1/TLR4/GCH1/NOS2/IL1B/TLR6/KLRK1
GO:0010810,regulation of cell-substrate adhesion,35/1244,0.0001443628686197,35,SDC4/CX3CL1/SMAD3/PHLDB2/TACSTD2/CSF1/ITGA3/OLFM4/AGR2/MMP14/PTPRJ/PLAU/RRAS/MAP4K4/PDGFB/NEDD9/WNT4/COL16A1/FZD7/CCN1/VEGFA/RAC2/ACER2/CEACAM6/MELTF/GCNT2/COL1A1/GBP1/SKAP1/SPOCK2/PREX1/APOA1/APOD/SFRP1/EMILIN1
GO:0098543,detection of other organism,7/1244,0.0001445156196831,7,HLA-B/HLA-A/HLA-DRB1/TLR4/TLR2/TLR6/CD1D
GO:0038066,p38MAPK cascade,15/1244,0.0001448736091928,15,ZFP36L1/BMP2/MFHAS1/ZC3H12A/XDH/LGALS9/GADD45A/VEGFA/CYLD/PER1/MAPK11/DUSP1/DUSP10/SPHK1/IL1B
GO:0045582,positive regulation of T cell differentiation,23/1244,0.0001473829906092,23,CD74/IL2RG/ADAM8/VNN1/IL23A/HLA-DRB1/SOX4/IL4R/HLA-DRA/FOXO3/LGALS9/PCK1/NFKBIZ/SHH/BTN2A2/CD83/TNFSF9/IL1RL2/DUSP10/SOX12/IL4I1/EGR3/IL7
GO:0007259,receptor signaling pathway via JAK-STAT,24/1244,0.0001480111200077,24,BCL3/STAT5A/IL6ST/SH2B3/STAT3/TNF/CAV1/PARP14/IL23A/IFNAR2/GADD45A/JAK1/LYN/CD40/CSF2/NMI/CLCF1/CCL2/IL15RA/F2R/IL6R/PRLR/IL15/SOCS2
GO:0030003,intracellular monoatomic cation homeostasis,62/1244,0.0001492488091311,62,ATP1B1/CX3CL1/ATP2B4/B2M/MT1E/CORO1A/TGM2/CLIC4/ERO1A/CEMIP/ANKRD9/CXCL11/CAV1/PML/CALB2/NOX1/MT1G/MT2A/EDN1/SLC9A7/TFRC/TPCN1/GRINA/TMEM9/CAV2/DRD1/PDE4D/LYN/STEAP2/SLC8B1/UBASH3B/SCO2/CD40/FGF2/ATP2C2/MT1A/LACC1/JSRP1/MT1X/F2R/GSTM2/SCNN1B/KCNJ2/MT3/CA7/BMP6/TMC8/LCK/SLC39A8/SV2B/ADORA1/DMD/TFR2/CDH23/EDN3/ATP1A3/SLC31A2/RYR3/RYR1/EDN2/TMPRSS3/TRPA1
GO:0001914,regulation of T cell mediated cytotoxicity,12/1244,0.0001508277079928,12,HLA-B/HLA-F/HLA-A/HLA-C/HLA-H/B2M/TAP2/IL23A/HLA-DRB1/HLA-DRA/MR1/CD1D
GO:0023061,signal release,58/1244,0.0001508277079928,58,TMEM132A/PRKCG/ABAT/SLC25A22/DOC2B/TNF/ANO1/SNCG/TGM2/UNC13A/OXTR/TNFRSF11A/RAP1B/PIM3/PTGES/HLA-DRB1/SOX4/EDN1/ADRA2A/SYT7/SYT12/ADCY5/FOXO1/SELENOM/STX4/LYN/REN/MYB/SLC8B1/PRRT2/WNK4/PAX8/ASIC1/KCNMB4/F2R/PPFIA3/SYT1/CADPS2/CHRM3/BMP6/NOS2/ADRA2B/KCNA2/SLC16A10/SV2B/CPLX1/ADORA1/AQP1/WNT7A/TFR2/SYT8/SFRP1/BRSK1/EDN3/SYN2/IL1B/SLC9B2/GPR27
GO:0006873,intracellular monoatomic ion homeostasis,63/1244,0.0001527956228043,63,ATP1B1/CX3CL1/ATP2B4/B2M/MT1E/CORO1A/TGM2/CLIC4/ERO1A/CEMIP/ANKRD9/CXCL11/CAV1/PML/CALB2/NOX1/MT1G/MT2A/EDN1/SLC9A7/TFRC/TPCN1/GRINA/TMEM9/CAV2/DRD1/PDE4D/LYN/STEAP2/SLC8B1/WNK4/UBASH3B/SCO2/CD40/FGF2/ATP2C2/MT1A/LACC1/JSRP1/MT1X/F2R/GSTM2/SCNN1B/KCNJ2/MT3/CA7/BMP6/TMC8/LCK/SLC39A8/SV2B/ADORA1/DMD/TFR2/CDH23/EDN3/ATP1A3/SLC31A2/RYR3/RYR1/EDN2/TMPRSS3/TRPA1
GO:0001894,tissue homeostasis,38/1244,0.0001527956228043,38,TNFAIP3/ADAM8/TFF3/CSF1/B2M/CTNNB1/CORO1A/FOSL2/TNFRSF11A/LAMC1/GPR137/AZGP1/TFRC/WWTR1/SERPINA3/VEGFA/NFKBIZ/RPE65/CLDN1/TLR4/RAC2/TP53INP2/ZG16B/UBASH3B/TSPAN12/F2R/GCNT2/ESAM/TFF2/LCA5/TNFRSF11B/SNX10/SLC39A8/DMD/MUC6/CDH23/IL7/CRB2
GO:0060249,anatomical structure homeostasis,38/1244,0.0001527956228043,38,TNFAIP3/ADAM8/TFF3/CSF1/B2M/CTNNB1/CORO1A/FOSL2/TNFRSF11A/LAMC1/GPR137/AZGP1/TFRC/WWTR1/SERPINA3/VEGFA/NFKBIZ/RPE65/CLDN1/TLR4/RAC2/TP53INP2/ZG16B/UBASH3B/TSPAN12/F2R/GCNT2/ESAM/TFF2/LCA5/TNFRSF11B/SNX10/SLC39A8/DMD/MUC6/CDH23/IL7/CRB2
GO:0010876,lipid localization,62/1244,0.0001601974784116,62,NFKBIA/ITGAV/C3/IKBKE/TNF/ANO9/RNF213/NFKB1/TNFRSF11A/DGAT2/ABCB1/SLCO3A1/ZC3H12A/PTGES/KCNN4/CAV1/AKR1C1/CLU/NPC1/EDN1/SYT7/GM2A/PLA2G4C/RBP1/SELENOM/PLA2R1/GULP1/REN/LDAF1/SHH/PLA2G12B/MYB/ABCG1/WNK4/APOL1/GRAMD1B/APOL2/FABP5/APOBR/CIDEC/NMUR2/BDKRB2/ATP10D/LPL/FGF19/APOL3/ABCC2/BMP6/SLCO2A1/NOS2/APOA1/PLA2G2A/LPA/APOD/TTPA/XKR9/SLC27A5/ABCA13/SERPINA5/MFSD2B/SOAT1/IL1B
GO:0050678,regulation of epithelial cell proliferation,47/1244,0.0001638716817032,47,TNFAIP3/SGPP2/SMAD3/TACSTD2/STAT5A/CFLAR/SAV1/STAT3/B2M/ZFP36L1/TNF/CTNNB1/LAMA5/B4GALT1/TGFA/HSPG2/LAMC1/JCAD/CAV1/FA2H/F3/XDH/PDGFB/BID/FZD7/VEGFA/CAV2/CDKN2B/CLDN1/SHH/TGFBR1/NEAT1/FGF2/ST8SIA1/CCL2/DUSP10/PIK3CD/PROX1/BMP6/NUPR1/EGR3/WNT7A/SFRP1/RGCC/SIX4/OSR1/MTSS1
GO:0034308,primary alcohol metabolic process,21/1244,0.0001651829826031,21,SDR16C5/BMP2/AKR1C3/DGAT2/AKR1C2/AKR1C1/WNT4/DHRS3/RPE65/AKR1B15/RDH5/ADH1C/AKR1B10/CYP1A1/ALDH3B2/SCNN1B/CYP3A4/LIPE/BMP6/BCO1/DKK3
GO:0002221,pattern recognition receptor signaling pathway,37/1244,0.0001687271997054,37,TNFAIP3/NFKBIA/IRAK2/TNIP1/BIRC3/IRF1/NINJ1/TNF/TRIM31/TRAF3/CTSS/MFHAS1/OAS3/TICAM1/ARRB2/CAV1/RIGI/SLC15A3/OAS1/NFKBIZ/CGAS/LYN/TLR4/TLR2/CYLD/IFIH1/CD40/NMI/GBP2/LACC1/DDX60/TRIL/TLR3/TLR5/CASP1/CD14/TLR6
GO:0071398,cellular response to fatty acid,11/1244,0.0001711114841607,11,PTAFR/AKR1C3/DGAT2/ASS1/AKR1C2/ZC3H12A/HMGCS2/AKR1C1/EDN1/CLDN1/LPL
GO:0001823,mesonephros development,19/1244,0.0001767092694489,19,SDC4/SMAD3/TACSTD2/CTNNB1/BMP2/LAMA5/WNT4/VEGFA/REN/SHH/SMAD6/FGF2/PAX8/SOX8/CITED1/SFRP1/DCHS1/SIX4/OSR1
GO:0002673,regulation of acute inflammatory response,10/1244,0.0001817101697466,10,ADAM8/C3/IL6ST/TNF/TNFRSF11A/PTGES/C2CD4A/ADORA1/C2CD4B/IL1B
GO:0072539,T-helper 17 cell differentiation,10/1244,0.0001817101697466,10,STAT3/JUNB/ZC3H12A/IL23A/JAK1/NFKBIZ/ASCL2/RORC/IL6R/LOXL3
GO:0001706,endoderm formation,14/1244,0.0001861857333756,14,LAMA3/ITGAV/LAMB3/DUSP5/CTNNB1/MMP14/DKK1/COL6A1/COL7A1/DUSP1/POU5F1/COL12A1/DUSP2/COL5A1
GO:0032757,positive regulation of interleukin-8 production,14/1244,0.0001861857333756,14,CD74/STAT3/TNF/F3/LGALS9/RIGI/TLR4/TLR2/F2R/NOS2/TLR3/TLR5/CD14/IL1B
GO:0002758,innate immune response-activating signaling pathway,38/1244,0.0001915517446834,38,TNFAIP3/NFKBIA/IRAK2/TNIP1/BIRC3/IRF1/NINJ1/TNF/TRIM31/TRAF3/CTSS/MFHAS1/OAS3/TICAM1/ARRB2/CAV1/RIGI/SLC15A3/OAS1/NFKBIZ/CGAS/LYN/TLR4/TLR2/CYLD/IFIH1/CD40/NMI/GBP2/LACC1/DDX60/TRIL/TLR3/TLR5/CASP1/CD14/TLR6/KLRK1
GO:0060485,mesenchyme development,42/1244,0.0001925631851109,42,ADAM8/SMAD3/PHLDB2/ZFP36L1/CTNNB1/BMP2/LAMA5/SEMA4B/SEMA4C/DKK1/SOX4/EDN1/WNT4/SEMA3C/WWTR1/SHH/SEMA7A/TGFBR1/OLFM1/WNT10A/EFNA1/SOX8/GCNT2/COL1A1/FGF19/TGFB1I1/TNXB/APLF/LOXL3/LDLRAD4/SFRP1/DCHS1/RGCC/EDN3/SIX4/GLIPR2/OSR1/IL1B/SEMA4A/FOLR1/TGFBR3L/CRB2
GO:0043065,positive regulation of apoptotic process,68/1244,0.0001983431830059,68,SQSTM1/UBD/LTB/ADAM8/IGFBP3/CFLAR/TNFRSF10B/SAV1/VNN1/SPDEF/TNF/PHLDA3/CTNNB1/BMP2/CTSS/AKR1C3/TGM2/B4GALT1/TNFSF10/NCK1/PHLDA2/ZC3H12A/ARL6IP5/CAV1/BBC3/PML/SOX4/AKAP12/CLU/NOX1/FOXO3/LGALS9/UBE2Z/BID/GADD45A/ATF3/CCN1/FOXO1/BTG1/PMAIP1/LGALS2/PLA2R1/TNFRSF1B/TRAF2/LYN/TLR4/RASSF6/MYB/TNFAIP8/CYLD/TGFBR1/CD40/OLFM1/CCL2/PIK3CD/NFATC4/EEF1A2/TFAP2A/TLR3/LCK/DCUN1D3/NUPR1/LTK/SFRP1/IFIT2/RGCC/EMILIN1/TLR6
GO:0007586,digestion,21/1244,0.0001990214249335,21,TFF3/TYMP/SLC5A1/AQP5/AKR1C2/KCNN4/AKR1C1/NPC1/ADRA2A/SERPINA3/PIR/TLR4/WNK4/TFF2/CHRM3/SNX10/APOA1/AQP1/MUC6/PRSS1/CAPN9
GO:0034767,positive regulation of monoatomic ion transmembrane transport,24/1244,0.0002044916852429,24,ATP1B1/CX3CL1/RNF207/CTSS/CEMIP/ABCB1/CXCL11/KCNN4/CAV1/TESC/G6PD/EDN1/DRD1/SHANK3/CCL2/F2R/GSTM2/KCNJ2/CRACR2A/DMD/AKAP5/CHP2/EDN3/LRRC26
GO:0050764,regulation of phagocytosis,17/1244,0.0002175017755078,17,IL2RG/ITGAV/PRKCG/C3/ITGA2/TNF/CD47/TGM2/PTPRJ/SYT7/TLR2/CCL2/IL15RA/SPHK1/APOA1/IL15/IL1B
GO:0007188,adenylate cyclase-modulating G protein-coupled receptor signaling pathway,27/1244,0.0002175017755078,27,ATP2B4/CXCL11/AKAP12/EDN1/ADRA2A/ADCY5/LPAR2/DRD1/PRKACB/PDE4D/RGS2/VIPR1/PTGER4/GPR37L1/GNA15/GPR176/CHRM3/ADGRG7/ADRA2B/ADORA1/ADGRE1/HTR1D/APLP1/AKAP5/GPR161/ADGRB2/S1PR3
GO:2000630,positive regulation of miRNA metabolic process,16/1244,0.0002366955110082,16,SMAD3/STAT3/TNF/BMP2/ETS1/NFKB1/ZC3H12A/PDGFB/FOXO3/FOS/SMAD6/MYB/NEAT1/FGF2/TERT/MYCN
GO:0001658,branching involved in ureteric bud morphogenesis,13/1244,0.0002414119585682,13,TACSTD2/CTNNB1/BMP2/LAMA5/WNT4/VEGFA/SHH/FGF2/PAX8/SOX8/CITED1/DCHS1/SIX4
GO:0042572,retinol metabolic process,13/1244,0.0002414119585682,13,SDR16C5/AKR1C3/DGAT2/DHRS3/RPE65/AKR1B15/RDH5/ADH1C/AKR1B10/CYP1A1/CYP3A4/LIPE/BCO1
GO:0002456,T cell mediated immunity,21/1244,0.0002418671333001,21,HLA-B/HLA-F/HLA-A/HLA-C/ICAM1/HLA-H/B2M/TAP2/IL23A/HLA-DRB1/HLA-DRA/CD70/NFKBIZ/TNFRSF1B/TRAF2/BTN3A3/IL18R1/IL4I1/MR1/IL1B/CD1D
GO:0010811,positive regulation of cell-substrate adhesion,23/1244,0.0002459981910866,23,SDC4/CX3CL1/SMAD3/CSF1/ITGA3/OLFM4/AGR2/PTPRJ/RRAS/MAP4K4/PDGFB/NEDD9/WNT4/COL16A1/CCN1/VEGFA/CEACAM6/SKAP1/SPOCK2/PREX1/APOA1/SFRP1/EMILIN1
GO:0032722,positive regulation of chemokine production,15/1244,0.0002465907202007,15,CD74/TNF/OAS3/TICAM1/IL4R/LGALS9/OAS1/TLR4/TLR2/LPL/C5/IL6R/TLR3/IL7/IL1B
GO:0019233,sensory perception of pain,14/1244,0.000247831870901,14,ITGA2/TNF/ANO1/PTGES/LXN/RETREG1/FABP5/CCL2/F2R/KCNA2/ADORA1/AQP1/HOXD1/TRPA1
GO:0032615,interleukin-12 production,14/1244,0.000247831870901,14,LTB/HLA-B/IRF1/CD47/NFKB1/ARRB2/IL23A/LGALS9/TLR4/TLR2/CD40/MAPK11/TIGIT/TLR3
GO:0032655,regulation of interleukin-12 production,14/1244,0.000247831870901,14,LTB/HLA-B/IRF1/CD47/NFKB1/ARRB2/IL23A/LGALS9/TLR4/TLR2/CD40/MAPK11/TIGIT/TLR3
GO:0002478,antigen processing and presentation of exogenous peptide antigen,11/1244,0.0002521389259419,11,CD74/CTSE/HLA-F/HLA-A/B2M/CTSS/TAP2/HLA-DRB1/HLA-DRA/IFI30/HLA-DRB5
GO:0051347,positive regulation of transferase activity,55/1244,0.0002540359837302,55,CD74/ADAM8/ATP2B4/CSF1/TNFRSF10B/MRNIP/TNF/CTNNB1/TNFSF15/CEMIP/TNFRSF11A/DOK7/TCIM/PDGFB/IL23A/HLA-DRB1/DKK1/CLU/NEDD9/EDN1/ADRA2A/CCN1/VEGFA/NTRK2/TRAF2/TLR4/GPRC5B/ERN1/PLAAT4/IL34/CD40/RFC3/NEK2/FGF2/MAPK15/MMD/EFNA1/DSCC1/CAMKK1/MT3/PROX1/EEF1A2/IL6R/TLR3/APOA1/ADRA2B/PRLR/PDGFC/LTK/RGCC/EDN3/FGF18/IL1B/TLR6/AGAP2
GO:0022408,negative regulation of cell-cell adhesion,29/1244,0.0002544640651239,29,CD74/SDC4/TNFRSF21/IRF1/SH2B3/BMP2/ASS1/TNFRSF14/ZC3H12A/HLA-DRB1/IL4R/LGALS9/VEGFA/ASCL2/ADTRP/SHH/CEBPB/BTN2A2/UBASH3B/TIGIT/BMP6/IL4I1/APOA1/PLA2G2A/LOXL3/LGALS9B/DAPL1/RGCC/LGALS9C
GO:0008202,steroid metabolic process,43/1244,0.0002552947724353,43,TNF/BMP2/AKR1C3/BDH1/NFKB1/AKR1C2/HMGCS2/AKR1C1/NPC1/CYP2B6/G6PD/WNT4/SEC14L2/HSD3B7/UGT1A7/UGT1A4/UGT1A3/FECH/SHH/ABCG1/APOL1/AKR1B15/RDH5/APOL2/UGT2A3/ACOX2/APOBR/RORC/UGT2B17/CYP1A1/EPHX2/FGF19/SCNN1B/CYP3A4/LIPE/PROX1/BMP6/APOA1/PRLR/CYP26B1/DKK3/SLC27A5/SOAT1
GO:0038061,non-canonical NF-kappaB signal transduction,26/1244,0.0002612508295113,26,NFKBIA/NFKB2/RELB/BIRC3/BCL3/TNFRSF10B/IKBKE/TNF/TNFSF15/NFKB1/ZC3H12A/TCIM/IL23A/LGALS9/EDN1/TRAF2/TLR4/TLR2/CYLD/IL18R1/NMI/SPHK1/TLR3/EDAR/IL1B/TLR6
GO:0048762,mesenchymal cell differentiation,37/1244,0.0002612508295113,37,ADAM8/SMAD3/PHLDB2/CTNNB1/BMP2/LAMA5/SEMA4B/SEMA4C/EDN1/WNT4/SEMA3C/WWTR1/SHH/SEMA7A/TGFBR1/OLFM1/WNT10A/EFNA1/SOX8/GCNT2/COL1A1/FGF19/TGFB1I1/TNXB/APLF/LOXL3/LDLRAD4/SFRP1/RGCC/EDN3/GLIPR2/OSR1/IL1B/SEMA4A/FOLR1/TGFBR3L/CRB2
GO:0009615,response to virus,57/1244,0.0002725781120635,57,TNFAIP3/DUOX2/BCL3/SMAD3/IFNGR1/IRF1/IFNGR2/IFI6/ITGB8/IKBKE/TNF/TRIM31/TRAF3/OAS3/NFKB1/NCK1/TICAM1/ZC3H12A/PML/IL23A/ITGB6/IFNAR2/CLU/LGALS9/JAK1/RIGI/OAS1/TRIM22/CGAS/PMAIP1/NLRC5/TANK/DDX60L/TLR2/MX1/IFIH1/IFIT3/CD40/MAPK11/NMI/IFNLR1/GBP2/ZDHHC1/DDX60/GBP1/ISG15/TLR3/SPON2/APOBEC3G/POLR3G/CASP1/DMBT1/IFIT2/IL15/IL1B/VWCE/MID2
GO:0002688,regulation of leukocyte chemotaxis,20/1244,0.0002781788461126,20,CD74/CXCL8/CSF1/IL23A/NEDD9/LGALS9/EDN1/VEGFA/LYN/RAC2/SLC8B1/IL34/DUSP1/CCL2/C5/IL6R/GPSM3/EDN3/EDN2/KLRK1
GO:0009595,detection of biotic stimulus,10/1244,0.0002781788461126,10,HLA-B/HLA-A/PTPRJ/HLA-DRB1/TLR4/TLR2/CDHR2/DACH1/TLR6/CD1D
GO:0042573,retinoic acid metabolic process,10/1244,0.0002781788461126,10,AKR1C3/RBP1/UGT1A7/UGT1A3/UGT1A9/ADH1C/CYP1A1/CYP3A4/CYP26B1/CYP2W1
GO:0072073,kidney epithelium development,24/1244,0.0002781788461126,24,SDC4/SMAD3/TACSTD2/CTNNB1/BMP2/LAMA5/WNT4/WWTR1/VEGFA/SHH/SMAD6/WNK4/FGF2/PAX8/SOX8/CITED1/AQP1/NPHS1/KLF15/SFRP1/DCHS1/SIX4/OSR1/MTSS1
GO:0097696,receptor signaling pathway via STAT,24/1244,0.0002781788461126,24,BCL3/STAT5A/IL6ST/SH2B3/STAT3/TNF/CAV1/PARP14/IL23A/IFNAR2/GADD45A/JAK1/LYN/CD40/CSF2/NMI/CLCF1/CCL2/IL15RA/F2R/IL6R/PRLR/IL15/SOCS2
GO:0052547,regulation of peptidase activity,43/1244,0.0002784859732298,43,BIRC3/SERPINA1/SMAD3/IFI6/STAT3/TNF/CTSS/TBC1D10A/TNFSF15/PSMB9/TNFSF10/ARL6IP5/CAV1/F3/XDH/BBC3/PSME2/SERPINB8/LGALS9/BID/PSME1/SERPINA3/VEGFA/PMAIP1/TANK/LYN/HIP1/ACER2/SERPINB7/SERPINA4/SERPINB9/EFNA1/LAMP3/F2R/SERPINB2/SPOCK2/LCK/AQP1/DPEP1/CASP1/ANXA8/SERPINA5/CRB2
GO:0045591,positive regulation of regulatory T cell differentiation,9/1244,0.0002796709325648,9,IL2RG/HLA-DRB1/HLA-DRA/FOXO3/LGALS9/BTN2A2/DUSP10/SOX12/IL4I1
GO:0099177,regulation of trans-synaptic signaling,52/1244,0.0002809536515014,52,SQSTM1/CX3CL1/PRKCG/TNF/SNCG/RNF19A/UNC13A/OXTR/NMU/SLC7A11/RAP1B/ARRB2/NEFL/DKK1/CALB2/AKAP12/EDN1/ADRA2A/SYT7/SYT12/PLK2/KCTD13/NTRK2/DRD1/STX4/CACNG8/PRRT2/HIP1/ACHE/FABP5/ASIC1/RASGRF1/SHANK3/KCNMB4/CCL2/F2R/PPFIA3/SYT1/NFATC4/CA7/PLCL2/SV2B/CPLX1/ADORA1/SYNE1/WNT7A/AKAP5/BRSK1/LRRC4/IL1B/MAP1A/CAMK2B
GO:0050679,positive regulation of epithelial cell proliferation,29/1244,0.0002864969733783,29,TNFAIP3/STAT5A/CFLAR/STAT3/TNF/CTNNB1/B4GALT1/TGFA/HSPG2/LAMC1/JCAD/F3/PDGFB/FZD7/VEGFA/CAV2/CLDN1/SHH/TGFBR1/NEAT1/FGF2/ST8SIA1/PIK3CD/PROX1/BMP6/EGR3/WNT7A/SFRP1/OSR1
GO:0052548,regulation of endopeptidase activity,40/1244,0.0002869189264425,40,BIRC3/SERPINA1/SMAD3/IFI6/STAT3/TNF/TBC1D10A/TNFSF15/PSMB9/TNFSF10/ARL6IP5/F3/XDH/BBC3/PSME2/SERPINB8/LGALS9/BID/PSME1/SERPINA3/VEGFA/PMAIP1/LYN/HIP1/ACER2/SERPINB7/SERPINA4/SERPINB9/EFNA1/LAMP3/F2R/SERPINB2/SPOCK2/LCK/AQP1/DPEP1/CASP1/ANXA8/SERPINA5/CRB2
GO:0014015,positive regulation of gliogenesis,16/1244,0.0002883769383808,16,IL6ST/TNF/BMP2/SLC7A5/ID2/TNFRSF1B/LYN/SHH/MYB/TLR2/IL34/ZNF488/CLCF1/SOX8/IL1B/NTN1
GO:0032677,regulation of interleukin-8 production,16/1244,0.0002883769383808,16,CD74/BCL3/STAT3/TNF/F3/LGALS9/RIGI/TLR4/TLR2/F2R/NOS2/TLR3/TLR5/CD14/IL1B/TLR6
GO:0061333,renal tubule morphogenesis,16/1244,0.0002883769383808,16,TACSTD2/CTNNB1/BMP2/LAMA5/WNT4/VEGFA/SHH/WNK4/FGF2/PAX8/SOX8/CITED1/DCHS1/SIX4/OSR1/MTSS1
GO:0006816,calcium ion transport,48/1244,0.0002933493486621,48,ITGAV/ATP1B1/CX3CL1/ATP2B4/CTNNB1/CORO1A/ERO1A/CEMIP/CXCL11/KCNN4/CAV1/PDGFB/PML/G6PD/EDN1/ADRA2A/TMEM37/TPCN1/DRD1/CACNG8/PDE4D/LYN/SLC8B1/PANX1/UBASH3B/SESTD1/CACNA2D3/FGF2/ASIC1/CACNB1/ATP2C2/CCL2/JSRP1/NMUR2/F2R/CABP1/GSTM2/LCK/CRACR2A/TRPM6/DMD/AKAP5/CDH23/HOMER3/RYR3/RYR1/TRPA1/CAMK2B
GO:0007596,blood coagulation,33/1244,0.0002993033539644,33,SERPINA1/ITGA2/IL6ST/SH2B3/SLC7A11/PLAU/CAV1/F3/PDGFB/EDN1/ADRA2A/TFPI/LYN/TLR4/ADTRP/SHH/UBASH3B/ENTPD2/CD40/PDIA2/C4BPB/F2R/CYP4F11/PROCR/VAV1/SERPINB2/PROS1/LCK/ADRA2B/SAA1/ANXA8/MFSD2B/EMILIN1
GO:0001666,response to hypoxia,43/1244,0.0003028189389876,43,ADAM8/SMAD3/ITGA2/ABAT/CFLAR/ZFP36L1/TNF/BMP2/MMP14/ERO1A/ARNT2/FOSL2/HSPG2/PLAU/CAV1/PML/SOX4/AJUBA/EDN1/TFRC/PCK1/VEGFA/FOS/ASCL2/PMAIP1/MYB/TLR2/CPEB2/SOD3/AQP3/CYP1A1/MT3/SLC2A4/CA9/NOS2/DIO3/ANGPTL4/ADORA1/AQP1/TERT/SFRP1/RGCC/RYR1
GO:0071417,cellular response to organonitrogen compound,73/1244,0.0003053483742955,73,PTAFR/ATP2B4/STAT5A/ICAM1/CFLAR/STAT3/ZFP36L1/TNF/ANO1/CTNNB1/TGM2/PPP1R1B/GJB2/NFKB1/ASS1/NCK1/LPIN2/BCAR1/RAP1B/GCLC/HMGCS2/ARRB2/CAV1/HDAC9/GCLM/KLF2/SLC7A5/EDN1/COL16A1/JAK1/ADCY5/PCK1/SHMT1/FOXO1/CAV2/FOS/NTRK2/SORBS1/COL6A1/DRD1/BCL2L2/RPE65/LYN/TLR4/PNPLA3/GRB10/CEBPB/ACHE/CPEB2/GNA15/CACNB1/CASTOR3P/COL1A1/GSTM2/SCNN1B/CHRM3/SLC2A4/PDGFC/CASTOR1/AQP1/HTR1D/KLF15/APLP1/ECHDC3/SFRP1/ATP1A3/RYR3/RYR1/IL1B/TLR6/FOLR1/RAPGEF3/SOCS2
GO:0002711,positive regulation of T cell mediated immunity,15/1244,0.000305554958763,15,HLA-B/HLA-F/HLA-A/HLA-C/HLA-H/B2M/TAP2/IL23A/HLA-DRB1/HLA-DRA/TRAF2/IL18R1/MR1/IL1B/CD1D
GO:0010718,positive regulation of epithelial to mesenchymal transition,15/1244,0.000305554958763,15,ADAM8/SMAD3/CTNNB1/BMP2/WWTR1/TGFBR1/OLFM1/GCNT2/COL1A1/TGFB1I1/TNXB/RGCC/GLIPR2/IL1B/CRB2
GO:0002698,negative regulation of immune effector process,19/1244,0.0003125215485213,19,HLA-B/HLA-F/HLA-A/TNF/CD47/ZC3H12A/ARRB2/IL4R/LGALS9/ASCL2/PARP3/SERPINB9/C4BPB/SVEP1/DUSP10/IL4I1/APOA1/LOXL3/SUSD4
GO:1904062,regulation of monoatomic cation transmembrane transport,37/1244,0.0003160317682625,37,ATP1B1/CX3CL1/ATP2B4/RNF207/CTSS/CORO1A/CEMIP/CXCL11/KCNN4/CAV1/PML/TESC/G6PD/EDN1/ADRA2A/SLMAP/DRD1/PDE4D/LYN/WNK4/UBASH3B/SESTD1/CACNB1/JSRP1/F2R/CABP1/GSTM2/KCNJ2/CRACR2A/KCNAB2/DMD/AKAP5/CHP2/EDN3/SLC31A2/OSR1/LRRC26
GO:0070482,response to oxygen levels,48/1244,0.0003175580717423,48,ADAM8/SMAD3/ITGA2/ABAT/CFLAR/ZFP36L1/TNF/BMP2/MMP14/ERO1A/ARNT2/FOSL2/OXTR/HSPG2/PLAU/CAV1/PML/SOX4/AJUBA/NOX1/SLC7A5/EDN1/TFRC/PCK1/FOXO1/VEGFA/FOS/ASCL2/PMAIP1/MYB/TLR2/CPEB2/SOD3/AQP3/CYP1A1/COL1A1/MT3/SLC2A4/CA9/NOS2/DIO3/ANGPTL4/ADORA1/AQP1/TERT/SFRP1/RGCC/RYR1
GO:0035725,sodium ion transmembrane transport,24/1244,0.0003175580717423,24,ATP1B1/ATP2B4/SLC5A1/KCNK1/TESC/SLC9A7/TPCN1/SLMAP/SLC38A5/SLC8B1/WNK4/SLC6A14/SLC5A2/SLC6A12/ASIC1/SCNN1B/SLC6A19/SLC5A10/SLC34A3/DMD/CHP2/ATP1A3/OSR1/SLC9B2
GO:0019915,lipid storage,20/1244,0.0003241986016958,20,NFKBIA/ITGAV/C3/IKBKE/TNF/RNF213/NFKB1/DGAT2/ZC3H12A/CAV1/NPC1/GM2A/PLA2G4C/LDAF1/ABCG1/CIDEC/LPL/APOA1/SOAT1/IL1B
GO:0007492,endoderm development,17/1244,0.0003257155542681,17,LAMA3/ITGAV/LAMB3/SMAD3/DUSP5/ZFP36L1/CTNNB1/MMP14/LAMC1/DKK1/COL6A1/COL7A1/DUSP1/POU5F1/COL12A1/DUSP2/COL5A1
GO:0022612,gland morphogenesis,22/1244,0.0003289958411311,22,TNFAIP3/CSF1/CFLAR/TNF/TGM2/LAMA5/NFKB1/TGFA/CAV1/PML/NTN4/WNT4/SEMA3C/SHH/CEBPB/ID4/PROX1/EDAR/LAMA1/SFRP1/NTN1/SOSTDC1
GO:1903038,negative regulation of leukocyte cell-cell adhesion,22/1244,0.0003289958411311,22,CD74/SDC4/TNFRSF21/IRF1/ASS1/TNFRSF14/ZC3H12A/HLA-DRB1/IL4R/LGALS9/ASCL2/ADTRP/SHH/CEBPB/BTN2A2/TIGIT/IL4I1/PLA2G2A/LOXL3/LGALS9B/DAPL1/LGALS9C
GO:0050817,coagulation,33/1244,0.000331324058398,33,SERPINA1/ITGA2/IL6ST/SH2B3/SLC7A11/PLAU/CAV1/F3/PDGFB/EDN1/ADRA2A/TFPI/LYN/TLR4/ADTRP/SHH/UBASH3B/ENTPD2/CD40/PDIA2/C4BPB/F2R/CYP4F11/PROCR/VAV1/SERPINB2/PROS1/LCK/ADRA2B/SAA1/ANXA8/MFSD2B/EMILIN1
GO:0055074,calcium ion homeostasis,40/1244,0.0003441330599548,40,ATP1B1/CX3CL1/ATP2B4/CORO1A/TGM2/ERO1A/CEMIP/CXCL11/CAV1/PML/CALB2/EDN1/TPCN1/GRINA/CAV2/DRD1/PDE4D/LYN/TMTC2/SLC8B1/WNK4/UBASH3B/CD40/KL/FGF2/ATP2C2/JSRP1/F2R/GSTM2/LCK/SNX10/SV2B/ADORA1/DMD/CDH23/EDN3/RYR3/RYR1/EDN2/TRPA1
GO:0045089,positive regulation of innate immune response,45/1244,0.0003441330599548,45,TNFAIP3/NFKBIA/IRAK2/TNIP1/BIRC3/ADAM8/HLA-F/IRF1/NINJ1/IKBKE/TNF/TRIM31/TRAF3/CTSS/MFHAS1/OAS3/TICAM1/ARRB2/CAV1/RIGI/SLC15A3/OAS1/NFKBIZ/CGAS/NLRC5/LYN/TLR4/TLR2/CYLD/IFIH1/CD40/NMI/GBP2/LACC1/DDX60/TRIL/VAV1/TLR3/POLR3G/TLR5/CASP1/CD14/TLR6/CD1D/KLRK1
GO:0045429,positive regulation of nitric oxide biosynthetic process,11/1244,0.0003485647022248,11,SMAD3/TNF/ASS1/TICAM1/CLU/KLF2/EDN1/TLR4/IL1B/TLR6/KLRK1
GO:0001657,ureteric bud development,18/1244,0.0003528502448426,18,SDC4/SMAD3/TACSTD2/CTNNB1/BMP2/LAMA5/WNT4/VEGFA/SHH/SMAD6/FGF2/PAX8/SOX8/CITED1/SFRP1/DCHS1/SIX4/OSR1
GO:0007589,body fluid secretion,18/1244,0.0003528502448426,18,STAT5A/ANO1/AGR2/FOSL2/OXTR/AQP5/KCNN4/CAV1/XDH/EDN1/VEGFA/WNK4/SCNN1B/CHRM3/PRLR/ADORA1/AQP1/SOCS2
GO:0060993,kidney morphogenesis,18/1244,0.0003528502448426,18,TACSTD2/CTNNB1/BMP2/LAMA5/SOX4/WNT4/WWTR1/VEGFA/SHH/WNK4/FGF2/GCNT1/PAX8/SOX8/CITED1/DCHS1/SIX4/OSR1
GO:0032637,interleukin-8 production,16/1244,0.0003552132463067,16,CD74/BCL3/STAT3/TNF/F3/LGALS9/RIGI/TLR4/TLR2/F2R/NOS2/TLR3/TLR5/CD14/IL1B/TLR6
GO:0042100,B cell proliferation,16/1244,0.0003552132463067,16,CD74/TNFRSF21/FOSL2/TICAM1/CD320/CD70/TFRC/NFKBIZ/LYN/TLR4/CD40/NFATC2/CLCF1/PRLR/PLCL2/IL7
GO:0044706,multi-multicellular organism process,29/1244,0.0003603358321764,29,PTAFR/ITGA2/JUNB/ITGA3/GJB2/B4GALT1/OXTR/MAFF/HSPG2/LGALS9/EDN1/WNT4/COL16A1/ADRA2A/PLA2G4C/TPPP3/VEGFA/FOS/RGS2/IGFBP2/APOL2/CYP1A1/ARHGDIB/TLE6/TEAD4/ADRA2B/PRLR/APLF/IL1B
GO:0034764,positive regulation of transmembrane transport,30/1244,0.0003803021670903,30,ATP1B1/CX3CL1/RNF207/C3/CTSS/CEMIP/ABCB1/CXCL11/KCNN4/CAV1/TESC/G6PD/SLC7A5/EDN1/SORBS1/DRD1/SHANK3/CCL2/F2R/FGF19/GSTM2/KCNJ2/CRACR2A/DMD/KLF15/TERT/AKAP5/CHP2/EDN3/LRRC26
GO:0051962,positive regulation of nervous system development,39/1244,0.0003813451395141,39,CX3CL1/L1CAM/PLXNB2/IL6ST/TNF/CTNNB1/BMP2/TGM2/OXTR/NEFL/SLC7A5/ID2/THBS2/VEGFA/NTRK2/TNFRSF1B/LYN/HAPLN3/SHH/MYB/METRN/TLR2/AMIGO2/SEMA7A/IL34/FGF2/EPHB3/ZNF488/ID4/CLCF1/SHANK3/SOX8/SLITRK6/WNT7A/TIAM2/IL1B/SEMA4A/NTN1/CAMK2B
GO:0072078,nephron tubule morphogenesis,15/1244,0.0003852527767921,15,TACSTD2/CTNNB1/BMP2/LAMA5/WNT4/VEGFA/SHH/WNK4/FGF2/PAX8/SOX8/CITED1/DCHS1/SIX4/OSR1
GO:0050767,regulation of neurogenesis,49/1244,0.0003909771106346,49,CX3CL1/L1CAM/PLXNB2/IL6ST/B2M/TNF/CTNNB1/BMP2/TGM2/SEMA4B/BHLHE41/SEMA4C/NEFL/SLC7A5/SEMA3C/ID2/VEGFA/ASCL2/NTRK2/BHLHE40/TNFRSF1B/CDKN2B/LYN/HAPLN3/SHH/MYB/ULK1/METRN/TLR2/SEMA7A/IL34/FGF2/GPR37L1/ZNF488/ID4/CLCF1/SHANK3/SOX8/DUSP10/NFATC4/MT3/PROX1/MAP2/WNT7A/TIAM2/IL1B/SEMA4A/NTN1/CAMK2B
GO:0042088,T-helper 1 type immune response,12/1244,0.0003909771106346,12,RELB/BCL3/IL23A/HLA-DRB1/IL4R/NFKBIZ/ASCL2/TLR4/IL18R1/IL27RA/IL1B/SEMA4A
GO:1900744,regulation of p38MAPK cascade,12/1244,0.0003909771106346,12,BMP2/MFHAS1/ZC3H12A/XDH/GADD45A/VEGFA/CYLD/PER1/DUSP1/DUSP10/SPHK1/IL1B
GO:0002709,regulation of T cell mediated immunity,17/1244,0.0003967114790546,17,HLA-B/HLA-F/HLA-A/HLA-C/HLA-H/B2M/TAP2/IL23A/HLA-DRB1/HLA-DRA/TNFRSF1B/TRAF2/IL18R1/IL4I1/MR1/IL1B/CD1D
GO:0071277,cellular response to calcium ion,17/1244,0.0003967114790546,17,JUNB/AKR1C3/CLIC4/EDN1/SYT7/SYT12/FOS/ITPKC/NFATC2/SYT1/CPNE7/CPNE5/DPEP1/SYT8/CHP2/RYR3/RYR1
GO:0042310,vasoconstriction,14/1244,0.0004001865169792,14,ECE1/OXTR/CAV1/EDN1/ADRA2A/KCNMB4/BDKRB2/F2R/SCNN1B/CHRM3/ADRA2B/HTR1D/EDN3/EDN2
GO:0070542,response to fatty acid,14/1244,0.0004001865169792,14,PTAFR/AKR1C3/DGAT2/ASS1/AKR1C2/ZC3H12A/HMGCS2/AKR1C1/FOXO3/EDN1/FOXO1/CLDN1/TLR2/LPL
GO:0072171,mesonephric tubule morphogenesis,14/1244,0.0004001865169792,14,TACSTD2/CTNNB1/BMP2/LAMA5/WNT4/VEGFA/SHH/FGF2/PAX8/SOX8/CITED1/DCHS1/SIX4/OSR1
GO:0032891,negative regulation of organic acid transport,8/1244,0.0004038878300465,8,ABAT/TNF/ARL6IP5/SLC43A2/PLA2R1/SLC43A1/RGS2/ADORA1
GO:0052695,cellular glucuronidation,8/1244,0.0004038878300465,8,UGT1A6/UGT1A5/UGT1A7/UGT1A4/UGT1A3/UGT1A9/UGT2A3/UGT2B17
GO:0007599,hemostasis,33/1244,0.0004086162286847,33,SERPINA1/ITGA2/IL6ST/SH2B3/SLC7A11/PLAU/CAV1/F3/PDGFB/EDN1/ADRA2A/TFPI/LYN/TLR4/ADTRP/SHH/UBASH3B/ENTPD2/CD40/PDIA2/C4BPB/F2R/CYP4F11/PROCR/VAV1/SERPINB2/PROS1/LCK/ADRA2B/SAA1/ANXA8/MFSD2B/EMILIN1
GO:0031348,negative regulation of defense response,39/1244,0.000414497223075,39,TNFAIP3/HLA-B/CX3CL1/SMAD3/HLA-F/HLA-A/STAT3/TRIM31/IER3/MFHAS1/OAS3/NFKB1/RHBDF2/ARRB2/PARP14/HLA-DRB1/LGALS9/AOAH/PLK2/OAS1/TRAFD1/CGAS/NLRC5/TNFRSF1B/LYN/CYLD/PTGER4/SERPINB9/NMI/DUSP10/IL22RA1/FNDC4/ISG15/APOA1/SLC39A8/ADORA1/SAA1/SIGLEC10/SUSD4
GO:0072080,nephron tubule development,18/1244,0.0004209639207022,18,TACSTD2/CTNNB1/BMP2/LAMA5/WNT4/WWTR1/VEGFA/SHH/WNK4/FGF2/PAX8/SOX8/CITED1/AQP1/DCHS1/SIX4/OSR1/MTSS1
GO:0072163,mesonephric epithelium development,18/1244,0.0004209639207022,18,SDC4/SMAD3/TACSTD2/CTNNB1/BMP2/LAMA5/WNT4/VEGFA/SHH/SMAD6/FGF2/PAX8/SOX8/CITED1/SFRP1/DCHS1/SIX4/OSR1
GO:0072164,mesonephric tubule development,18/1244,0.0004209639207022,18,SDC4/SMAD3/TACSTD2/CTNNB1/BMP2/LAMA5/WNT4/VEGFA/SHH/SMAD6/FGF2/PAX8/SOX8/CITED1/SFRP1/DCHS1/SIX4/OSR1
GO:1901890,positive regulation of cell junction assembly,18/1244,0.0004209639207022,18,SDC4/SMAD3/OXTR/PTPRJ/MAP4K4/CAV1/WNT4/COL16A1/THBS2/VEGFA/NTRK2/CLDN1/AMIGO2/EPHB3/SLITRK6/WNT7A/SFRP1/SEMA4A
GO:0002224,toll-like receptor signaling pathway,16/1244,0.0004355682558163,16,IRAK2/TNIP1/BIRC3/IRF1/TRAF3/CTSS/MFHAS1/TICAM1/ARRB2/NFKBIZ/TLR4/TLR2/CD40/TLR3/TLR5/TLR6
GO:0032608,interferon-beta production,16/1244,0.0004355682558163,16,RELB/IRF1/TRAF3/OAS3/TICAM1/RIGI/OAS1/TLR4/TLR2/IFIH1/NMI/TRAIP/ZBTB20/ISG15/TLR3/POLR3G
GO:0032648,regulation of interferon-beta production,16/1244,0.0004355682558163,16,RELB/IRF1/TRAF3/OAS3/TICAM1/RIGI/OAS1/TLR4/TLR2/IFIH1/NMI/TRAIP/ZBTB20/ISG15/TLR3/POLR3G
GO:0001822,kidney development,41/1244,0.0004395824376088,41,SDC4/SMAD3/TACSTD2/CFLAR/ITGA3/CTNNB1/BMP2/LAMA5/ASS1/HMGCS2/PDGFB/SOX4/WNT4/WWTR1/VEGFA/REN/SHH/SMAD6/WNK4/TGFBR1/SERPINB7/FGF2/GCNT1/PAX8/SOX8/VANGL2/BICC1/PROX1/BMP6/TFAP2A/IL6R/CITED1/CYP26B1/AQP1/NPHS1/KLF15/SFRP1/DCHS1/SIX4/OSR1/MTSS1
GO:0072009,nephron epithelium development,20/1244,0.0004472690786535,20,TACSTD2/CTNNB1/BMP2/LAMA5/WNT4/WWTR1/VEGFA/SHH/WNK4/FGF2/PAX8/SOX8/CITED1/AQP1/NPHS1/KLF15/DCHS1/SIX4/OSR1/MTSS1
GO:0006690,icosanoid metabolic process,21/1244,0.0004472690786535,21,CD74/GPX4/ACOX1/AKR1C3/AKR1C2/PTGES/AKR1C1/CYP2B6/EDN1/PLA2G4C/CYP4F12/CYP4F3/TLR2/FABP5/CYP1A1/CYP4F11/DPEP1/GSTA1/CASP1/IL1B/EDN2
GO:1904064,positive regulation of cation transmembrane transport,21/1244,0.0004472690786535,21,ATP1B1/CX3CL1/RNF207/CTSS/CEMIP/CXCL11/KCNN4/CAV1/TESC/G6PD/EDN1/DRD1/F2R/GSTM2/KCNJ2/CRACR2A/DMD/AKAP5/CHP2/EDN3/LRRC26
GO:0050804,modulation of chemical synaptic transmission,51/1244,0.0004505025398487,51,SQSTM1/CX3CL1/PRKCG/TNF/SNCG/RNF19A/UNC13A/OXTR/NMU/SLC7A11/RAP1B/ARRB2/NEFL/DKK1/CALB2/AKAP12/EDN1/ADRA2A/SYT7/SYT12/PLK2/KCTD13/NTRK2/DRD1/STX4/CACNG8/PRRT2/HIP1/ACHE/ASIC1/RASGRF1/SHANK3/KCNMB4/CCL2/F2R/PPFIA3/SYT1/NFATC4/CA7/PLCL2/SV2B/CPLX1/ADORA1/SYNE1/WNT7A/AKAP5/BRSK1/LRRC4/IL1B/MAP1A/CAMK2B
GO:0050432,catecholamine secretion,11/1244,0.000477484173386,11,ABAT/SNCG/TGM2/OXTR/ADRA2A/SYT7/SYT12/SYT1/ADRA2B/KCNA2/SYT8
GO:1904407,positive regulation of nitric oxide metabolic process,11/1244,0.000477484173386,11,SMAD3/TNF/ASS1/TICAM1/CLU/KLF2/EDN1/TLR4/IL1B/TLR6/KLRK1
GO:0036293,response to decreased oxygen levels,44/1244,0.0004919721511802,44,ADAM8/SMAD3/ITGA2/ABAT/CFLAR/ZFP36L1/TNF/BMP2/MMP14/ERO1A/ARNT2/FOSL2/OXTR/HSPG2/PLAU/CAV1/PML/SOX4/AJUBA/EDN1/TFRC/PCK1/VEGFA/FOS/ASCL2/PMAIP1/MYB/TLR2/CPEB2/SOD3/AQP3/CYP1A1/MT3/SLC2A4/CA9/NOS2/DIO3/ANGPTL4/ADORA1/AQP1/TERT/SFRP1/RGCC/RYR1
GO:0044703,multi-organism reproductive process,28/1244,0.0004919721511802,28,PTAFR/ITGA2/JUNB/ITGA3/GJB2/OXTR/MAFF/HSPG2/LGALS9/EDN1/WNT4/COL16A1/ADRA2A/PLA2G4C/TPPP3/VEGFA/FOS/RGS2/IGFBP2/APOL2/CYP1A1/ARHGDIB/TLE6/TEAD4/ADRA2B/PRLR/APLF/IL1B
GO:0006805,xenobiotic metabolic process,22/1244,0.0005221590801354,22,UGT1A6/GSTM4/NCEH1/ABCB1/AKR1C1/CYP2B6/CYP4F12/UGT1A7/UGT1A3/UGT1A9/ABCC5/ALDH3A1/RORC/UGT2B17/CYP1A1/GSTM2/CYP3A4/ABCC2/CBR3/CYP26B1/CYP2W1/GSTA1
GO:0007193,adenylate cyclase-inhibiting G protein-coupled receptor signaling pathway,12/1244,0.0005221590801354,12,AKAP12/EDN1/ADRA2A/ADCY5/RGS2/GPR37L1/GPR176/CHRM3/ADORA1/HTR1D/AKAP5/S1PR3
GO:0051937,catecholamine transport,13/1244,0.0005293998881253,13,ABAT/SNCG/TGM2/OXTR/ADRA2A/SYT7/SYT12/DRD1/MAPK15/SYT1/ADRA2B/KCNA2/SYT8
GO:0051606,detection of stimulus,25/1244,0.0005293998881253,25,HLA-B/HLA-A/ITGA2/TNF/ANO1/CTNNB1/PTPRJ/AZGP1/HLA-DRB1/LXN/REEP6/RPE65/TLR4/FECH/TLR2/CDHR2/KCNMB4/SYT1/DRGX/ADORA1/DACH1/TLR6/STRC/CD1D/TRPA1
GO:0050868,negative regulation of T cell activation,20/1244,0.0005328422044745,20,CD74/SDC4/TNFRSF21/IRF1/TNFRSF14/ZC3H12A/HLA-DRB1/IL4R/LGALS9/ASCL2/SHH/CEBPB/BTN2A2/TIGIT/IL4I1/PLA2G2A/LOXL3/LGALS9B/DAPL1/LGALS9C
GO:0071675,regulation of mononuclear cell migration,20/1244,0.0005328422044745,20,ADAM8/CCL20/CSF1/TNF/CD47/CORO1A/TNFRSF14/NEDD9/LGALS9/ASCL2/LYN/ADTRP/SLC8B1/IL34/DUSP1/IL27RA/CCL2/GCSAM/APOD/KLRK1
GO:0006956,complement activation,10/1244,0.0005771140204864,10,C3/CLU/CFB/C4BPB/SVEP1/C5/CFD/RGCC/IL1B/SUSD4
GO:0050433,regulation of catecholamine secretion,10/1244,0.0005771140204864,10,ABAT/SNCG/OXTR/ADRA2A/SYT7/SYT12/SYT1/ADRA2B/KCNA2/SYT8
GO:0001503,ossification,51/1244,0.0005771140204864,51,SMAD3/SBNO2/CSF1/IGFBP3/IL6ST/TNF/JUNB/CTNNB1/BMP2/MMP14/FOSL2/TNFRSF11A/RFLNA/CREB3L1/DKK1/WNT4/ZNF664-RFLNA/WWTR1/DHRS3/CCN1/COL6A1/TMT1A/SHH/SMAD6/TP53INP2/SEMA7A/CEBPB/ACHE/PTGER4/KL/CEBPD/MAPK11/FGF2/ID4/SLC26A2/SOX8/COL1A1/ISG15/BMP6/TFAP2A/IL6R/KAZALD1/SNX10/CITED1/SFRP1/DCHS1/OSR1/RYR1/FGF18/SMOC1/COL13A1
GO:0060759,regulation of response to cytokine stimulus,29/1244,0.0005850972024499,29,CD74/TNFAIP3/IRAK2/CSF1/SH2B3/IKBKE/OAS3/CAV1/PARP14/EDN1/RIGI/OAS1/SPPL2A/NLRC5/TRAF2/TLR4/ULK1/TLR2/CYLD/IFIH1/IL1R2/SPHK1/TRAIP/PALM3/ISG15/APOA1/CASP1/IL7/CCDC3
GO:0061061,muscle structure development,72/1244,0.0005852380796779,72,SMAD3/IGFBP3/CFLAR/PLEC/NINJ1/ZFP36L1/TNF/CTNNB1/BMP2/MMP14/LAMA5/MAFF/ASS1/LAMC1/TPM1/SVIL/BHLHE41/ARRB2/CAV1/SEMA4C/HDAC9/PDGFB/DKK1/SOX4/IL4R/OBSCN/G6PD/EDN1/WNT4/ATF3/FZD7/ID2/VEGFA/CAV2/BTG1/FOS/KDM6B/SHH/RGS2/ADAMTS15/TGFBR1/PDLIM4/MAPK11/BARX2/NFATC2/MBNL3/SOX8/TMOD2/TEAD4/NFATC4/PROX1/QKI/CTH/TNNT2/TMOD1/NFATC1/PLEKHO1/CYP26B1/NUPR1/EGR3/UCHL1/PLEKHM3/SYNE1/CSRP2/DMD/NPHS1/LAMA1/CNTNAP1/SIX4/RYR1/SOSTDC1/NEB
GO:0032602,chemokine production,17/1244,0.0005852380796779,17,CD74/TNF/OAS3/TICAM1/IL4R/LGALS9/OAS1/TLR4/TLR2/LPL/C5/IL6R/TLR3/CXCL6/APOD/IL7/IL1B
GO:0032642,regulation of chemokine production,17/1244,0.0005852380796779,17,CD74/TNF/OAS3/TICAM1/IL4R/LGALS9/OAS1/TLR4/TLR2/LPL/C5/IL6R/TLR3/CXCL6/APOD/IL7/IL1B
GO:0033627,cell adhesion mediated by integrin,17/1244,0.0005852380796779,17,ITGAV/ITGA2/ICAM1/ITGB8/ITGA3/PLAU/ITGB6/TESC/COL16A1/ITGAM/LYN/ACER2/EFNA1/SKAP1/PLPP3/EMILIN1/ITGA9
GO:0070588,calcium ion transmembrane transport,40/1244,0.0005929950803795,40,ITGAV/ATP1B1/CX3CL1/ATP2B4/CORO1A/ERO1A/CEMIP/CXCL11/CAV1/PML/G6PD/EDN1/ADRA2A/TMEM37/TPCN1/DRD1/CACNG8/PDE4D/LYN/SLC8B1/PANX1/UBASH3B/SESTD1/CACNA2D3/FGF2/ASIC1/CACNB1/ATP2C2/JSRP1/F2R/CABP1/GSTM2/LCK/CRACR2A/TRPM6/DMD/AKAP5/RYR3/RYR1/TRPA1
GO:0072088,nephron epithelium morphogenesis,15/1244,0.000597721597614,15,TACSTD2/CTNNB1/BMP2/LAMA5/WNT4/VEGFA/SHH/WNK4/FGF2/PAX8/SOX8/CITED1/DCHS1/SIX4/OSR1
GO:0071229,cellular response to acid chemical,19/1244,0.0006317610241378,19,PLEC/TNF/ASS1/GCLC/HMGCS2/GCLM/KLF2/SLC7A5/COL16A1/VEGFA/NTRK2/COL6A1/BCL2L2/PNPLA3/CEBPB/CASTOR3P/COL1A1/PDGFC/CASTOR1
GO:0014009,glial cell proliferation,14/1244,0.0006551409358862,14,CX3CL1/CSF1/TNF/SOX4/CLU/SLC7A5/ASCL2/CDKN2B/LYN/SHH/MYB/IL34/IL1B/NTN1
GO:1903522,regulation of blood circulation,29/1244,0.0006601282720076,29,ATP1B1/ATP2B4/RNF207/TNF/DSC2/ECE1/OXTR/TPM1/ZC3H12A/CAV1/EDN1/ADRA2A/CELF2/PDE4D/GCH1/RGS2/KCNMB4/BDKRB2/F2R/GSTM2/KCNJ2/CHRM3/TNNT2/ADRA2B/ADORA1/DMD/EDN3/ATP1A3/EDN2
GO:0002269,leukocyte activation involved in inflammatory response,11/1244,0.0006643725147927,11,CX3CL1/IFNGR1/IFNGR2/TNF/CLU/ITGAM/TLR2/SPHK1/SCNN1B/TLR3/TLR6
GO:0071715,icosanoid transport,13/1244,0.0006921879623725,13,TNFRSF11A/SLCO3A1/PTGES/EDN1/PLA2R1/PLA2G12B/NMUR2/BDKRB2/ABCC2/SLCO2A1/NOS2/PLA2G2A/IL1B
GO:0002820,negative regulation of adaptive immune response,12/1244,0.0006985285698316,12,HLA-F/TNFRSF14/ZC3H12A/IL4R/ASCL2/PARP3/IL27RA/C4BPB/SVEP1/IL4I1/LOXL3/SUSD4
GO:0019229,regulation of vasoconstriction,12/1244,0.0006985285698316,12,ECE1/OXTR/CAV1/EDN1/ADRA2A/KCNMB4/BDKRB2/F2R/CHRM3/ADRA2B/EDN3/EDN2
GO:0072001,renal system development,41/1244,0.0007010128516092,41,SDC4/SMAD3/TACSTD2/CFLAR/ITGA3/CTNNB1/BMP2/LAMA5/ASS1/HMGCS2/PDGFB/SOX4/WNT4/WWTR1/VEGFA/REN/SHH/SMAD6/WNK4/TGFBR1/SERPINB7/FGF2/GCNT1/PAX8/SOX8/VANGL2/BICC1/PROX1/BMP6/TFAP2A/IL6R/CITED1/CYP26B1/AQP1/NPHS1/KLF15/SFRP1/DCHS1/SIX4/OSR1/MTSS1
GO:0050851,antigen receptor-mediated signaling pathway,28/1244,0.0007203503082642,28,NFKBIA/HLA-A/TNFRSF21/ICOSLG/NFAM1/FOSL2/NFKB1/PTPRJ/BCAR1/ZC3H12A/KCNN4/HLA-DRB1/NFKBIZ/PDE4D/LYN/BTNL8/BTN3A3/BTN2A2/BTN3A1/NFATC2/PIK3CD/GBP1/SKAP1/LCK/GCSAM/PLCL2/THEMIS2/CMTM3
GO:0007229,integrin-mediated signaling pathway,21/1244,0.0007361724800792,21,ITGAV/ITGA2/ITGB8/CD47/ITGA3/LAMA5/DST/LAMC1/BCAR1/ITGB6/NEDD9/COL16A1/ITGAM/SEMA7A/VAV1/ISG15/APOA1/PLPP3/LOXL3/LAMA1/ITGA9
GO:0061326,renal tubule development,18/1244,0.0007462896751728,18,TACSTD2/CTNNB1/BMP2/LAMA5/WNT4/WWTR1/VEGFA/SHH/WNK4/FGF2/PAX8/SOX8/CITED1/AQP1/DCHS1/SIX4/OSR1/MTSS1
GO:0010717,regulation of epithelial to mesenchymal transition,20/1244,0.0007508334463865,20,ADAM8/SMAD3/PHLDB2/CTNNB1/BMP2/WWTR1/TGFBR1/OLFM1/EFNA1/GCNT2/COL1A1/TGFB1I1/TNXB/APLF/LDLRAD4/SFRP1/RGCC/GLIPR2/IL1B/CRB2
GO:0072028,nephron morphogenesis,15/1244,0.0007530466968027,15,TACSTD2/CTNNB1/BMP2/LAMA5/WNT4/VEGFA/SHH/WNK4/FGF2/PAX8/SOX8/CITED1/DCHS1/SIX4/OSR1
GO:0061138,morphogenesis of a branching epithelium,27/1244,0.0007850267594052,27,TACSTD2/CSF1/TNF/CTNNB1/BMP2/MMP14/TGM2/CLIC4/LAMA5/PML/NTN4/EDN1/WNT4/SEMA3C/VEGFA/SHH/FGF2/PAX8/SOX8/NFATC4/PROX1/CELSR1/CITED1/LAMA1/SFRP1/DCHS1/SIX4
GO:0045589,regulation of regulatory T cell differentiation,10/1244,0.0008314150384425,10,IL2RG/IRF1/HLA-DRB1/HLA-DRA/FOXO3/LGALS9/BTN2A2/DUSP10/SOX12/IL4I1
GO:0061045,negative regulation of wound healing,14/1244,0.0008372178869897,14,SMAD3/PHLDB2/SH2B3/TNF/PLAU/PDGFB/EDN1/WNT4/TFPI/ADTRP/UBASH3B/FGF2/SERPINB2/PROS1
GO:0071902,positive regulation of protein serine/threonine kinase activity,24/1244,0.0008652509291107,24,ADAM8/ATP2B4/TNF/CEMIP/TNFRSF11A/TCIM/PDGFB/DKK1/EDN1/ADRA2A/VEGFA/TRAF2/TLR4/ERN1/IL34/CD40/FGF2/PROX1/PDGFC/RGCC/EDN3/FGF18/IL1B/TLR6
GO:0001704,formation of primary germ layer,21/1244,0.0008681303097074,21,LAMA3/ITGAV/LAMB3/SMAD3/DUSP5/ITGA2/ITGA3/CTNNB1/MMP14/TXNRD1/DKK1/FZD7/COL6A1/KDM6B/COL7A1/DUSP1/POU5F1/COL12A1/DUSP2/COL5A1/CRB2
GO:0034113,heterotypic cell-cell adhesion,13/1244,0.0008990929881584,13,ITGAV/NINJ1/TNF/CD47/DSC2/CEACAM6/GCNT2/SKAP1/LCK/APOA1/NRCAM/IL1B/CD1D
GO:0072678,T cell migration,13/1244,0.0008990929881584,13,ADAM8/CCL20/ICAM1/PLEC/CORO1A/CXCL16/TNFRSF14/CXCL11/ASCL2/IL27RA/CCL2/PIK3CD/APOD
GO:1901343,negative regulation of vasculature development,18/1244,0.0008990929881584,18,ATP2B4/TNF/CTNNB1/HSPG2/CREB3L1/PML/KLF2/WNT4/GADD45A/PLK2/THBS2/E2F2/ADAMTS9/RGCC/ADGRB2/EMILIN1/SEMA4A/STAB1
GO:2000181,negative regulation of blood vessel morphogenesis,18/1244,0.0008990929881584,18,ATP2B4/TNF/CTNNB1/HSPG2/CREB3L1/PML/KLF2/WNT4/GADD45A/PLK2/THBS2/E2F2/ADAMTS9/RGCC/ADGRB2/EMILIN1/SEMA4A/STAB1
GO:0046634,regulation of alpha-beta T cell activation,19/1244,0.0009008051711375,19,IL2RG/HLA-A/IRF1/JUNB/TNFRSF14/ZC3H12A/IL23A/HLA-DRB1/IL4R/HLA-DRA/LGALS9/NFKBIZ/ASCL2/SHH/CD83/LOXL3/LGALS9B/DAPL1/LGALS9C
GO:0061900,glial cell activation,11/1244,0.0009125232242315,11,CX3CL1/IFNGR1/IFNGR2/TNF/CLU/ITGAM/TLR2/SPHK1/TLR3/IL1B/TLR6
GO:0001763,morphogenesis of a branching structure,28/1244,0.0009223305044833,28,TACSTD2/CSF1/TNF/CTNNB1/BMP2/MMP14/TGM2/CLIC4/LAMA5/PML/NTN4/EDN1/WNT4/SEMA3C/VEGFA/SHH/FGF2/PAX8/SOX8/NFATC4/PROX1/CELSR1/CITED1/LAMA1/SFRP1/DCHS1/SIX4/COL13A1
GO:0001913,T cell mediated cytotoxicity,12/1244,0.0009265236643639,12,HLA-B/HLA-F/HLA-A/HLA-C/HLA-H/B2M/TAP2/IL23A/HLA-DRB1/HLA-DRA/MR1/CD1D
GO:0051091,positive regulation of DNA-binding transcription factor activity,35/1244,0.0009632730299195,35,IRAK2/ADAM8/CX3CL1/SMAD3/CFLAR/STAT3/IKBKE/TNF/NFAM1/TRIM31/CTNNB1/BMP2/TNFRSF11A/TICAM1/SLCO3A1/CAV1/CLU/LGALS9/EDN1/TFRC/RIGI/TRIM22/TRAF2/TLR4/SHH/TLR2/IL18R1/CD40/SPHK1/TRAF1/PLPP3/RGCC/IL1B/TLR6/MID2
GO:0110110,positive regulation of animal organ morphogenesis,9/1244,0.0009831529130891,9,CSF1/CTNNB1/BMP2/DKK1/EDN1/WNT4/FGF2/SOX8/SIX4
GO:0002218,activation of innate immune response,38/1244,0.001006832584838,38,TNFAIP3/NFKBIA/IRAK2/TNIP1/BIRC3/IRF1/NINJ1/TNF/TRIM31/TRAF3/CTSS/MFHAS1/OAS3/TICAM1/ARRB2/CAV1/RIGI/SLC15A3/OAS1/NFKBIZ/CGAS/LYN/TLR4/TLR2/CYLD/IFIH1/CD40/NMI/GBP2/LACC1/DDX60/TRIL/TLR3/TLR5/CASP1/CD14/TLR6/KLRK1
GO:0048708,astrocyte differentiation,16/1244,0.0010178498787547,16,IFNGR1/IL6ST/STAT3/TNF/BMP2/ID2/DRD1/TSPAN2/TLR4/SHH/GPR37L1/ID4/CLCF1/SOX8/PLPP3/IL1B
GO:0098581,detection of external biotic stimulus,7/1244,0.0010308813157964,7,HLA-B/HLA-A/HLA-DRB1/TLR4/TLR2/TLR6/CD1D
GO:1903053,regulation of extracellular matrix organization,14/1244,0.0010559679448769,14,SMAD3/PHLDB2/CFLAR/BMP2/LAMC1/TNFRSF1B/ADTRP/TGFBR1/MELTF/TNXB/ZNF469/LAMA1/RGCC/EMILIN1
GO:0032526,response to retinoic acid,19/1244,0.0010715850317063,19,TRIM16/TNF/GJB2/DKK1/TESC/TFRC/FZD7/PCK1/LYN/MYB/IGFBP2/ACER2/AQP3/COL1A1/BMP6/CYP26B1/AQP1/LTK/OSR1
GO:2000628,regulation of miRNA metabolic process,18/1244,0.0010759014315977,18,SMAD3/STAT3/TNF/BMP2/ETS1/NFKB1/ZC3H12A/PDGFB/FOXO3/FOS/SMAD6/MYB/NEAT1/FGF2/POU5F1/NFATC4/TERT/MYCN
GO:0002475,antigen processing and presentation via MHC class Ib,8/1244,0.0010772711496689,8,HLA-B/HLA-F/HLA-A/HLA-C/HLA-H/B2M/TAP2/CD1D
GO:0060907,positive regulation of macrophage cytokine production,8/1244,0.0010772711496689,8,CD74/TICAM1/TLR4/GPRC5B/SEMA7A/PANX1/TLR3/SPON2
GO:1903034,regulation of response to wounding,26/1244,0.0011003778336696,26,TNFAIP3/DUOX2/SMAD3/PHLDB2/SH2B3/STAT3/TNF/PLAU/CAV1/F3/PDGFB/EDN1/WNT4/SMOC2/ADRA2A/DUOX1/TFPI/CLDN1/ADTRP/UBASH3B/FGF2/F2R/SERPINB2/PROS1/SIGLEC10/EMILIN1
GO:0006869,lipid transport,53/1244,0.0011188578560665,53,NFKBIA/ITGAV/ANO9/NFKB1/TNFRSF11A/ABCB1/SLCO3A1/PTGES/KCNN4/CAV1/AKR1C1/CLU/NPC1/EDN1/SYT7/GM2A/RBP1/SELENOM/PLA2R1/GULP1/REN/SHH/PLA2G12B/MYB/ABCG1/WNK4/APOL1/GRAMD1B/APOL2/FABP5/APOBR/CIDEC/NMUR2/BDKRB2/ATP10D/FGF19/APOL3/ABCC2/BMP6/SLCO2A1/NOS2/APOA1/PLA2G2A/LPA/APOD/TTPA/XKR9/SLC27A5/ABCA13/SERPINA5/MFSD2B/SOAT1/IL1B
GO:0040013,negative regulation of locomotion,45/1244,0.0011192256493689,45,CD74/CX3CL1/ATP2B4/PHLDB2/TACSTD2/IGFBP3/STAT3/TNF/CLIC4/SEMA4B/TPM1/PTPRJ/RRAS/AFDN/SEMA4C/NEDD9/FOXO3/WNT4/GADD45A/SEMA3C/ADTRP/SHH/SEMA7A/PTGER4/FGF2/MAPK15/DUSP1/IL27RA/CCL2/DUSP10/ARHGDIB/NAV3/C5/GCSAM/APOD/ADORA1/LDLRAD4/DPEP1/SFRP1/ADAMTS9/RGCC/EMILIN1/DACH1/SEMA4A/KLRK1
GO:0090066,regulation of anatomical structure size,60/1244,0.0011412227786269,60,L1CAM/TNF/ECE1/CORO1A/OXTR/KIRREL1/SEMA4B/NCK1/SVIL/GCLC/KCNN4/CAV1/SEMA4C/SLC12A7/NEFL/GCLM/KLF2/EDN1/ADRA2A/SEMA3C/CDC42EP5/CDC42EP2/VEGFA/DRD1/ULK1/GCH1/RGS2/SEMA7A/CDHR2/OLFM1/SOD3/BAIAP2L2/SHANK3/KCNMB4/BDKRB2/F2R/ESAM/TMOD2/SCNN1B/MT3/VAV1/CHRM3/PREX1/MAP2/ADRA2B/TMOD1/SPTBN5/ADORA1/AQP1/HTR1D/NRCAM/NPHS1/WNT7A/UTS2/EDN3/DEPTOR/EDN2/SEMA4A/NTN1/NEB
GO:0060675,ureteric bud morphogenesis,13/1244,0.0011412227786269,13,TACSTD2/CTNNB1/BMP2/LAMA5/WNT4/VEGFA/SHH/FGF2/PAX8/SOX8/CITED1/DCHS1/SIX4
GO:1902895,positive regulation of miRNA transcription,13/1244,0.0011412227786269,13,SMAD3/STAT3/TNF/BMP2/ETS1/PDGFB/FOXO3/FOS/SMAD6/MYB/FGF2/TERT/MYCN
GO:0006874,intracellular calcium ion homeostasis,36/1244,0.0011412227786269,36,ATP1B1/CX3CL1/ATP2B4/CORO1A/TGM2/ERO1A/CEMIP/CXCL11/CAV1/PML/CALB2/EDN1/TPCN1/GRINA/CAV2/DRD1/PDE4D/LYN/SLC8B1/UBASH3B/CD40/FGF2/ATP2C2/JSRP1/F2R/GSTM2/LCK/SV2B/ADORA1/DMD/CDH23/EDN3/RYR3/RYR1/EDN2/TRPA1
GO:0015850,organic hydroxy compound transport,36/1244,0.0011412227786269,36,NFKBIA/ABAT/SLC5A1/SNCG/TGM2/OXTR/NFKB1/CAV1/AKR1C1/CLU/NPC1/ADRA2A/SYT7/SYT12/SELENOM/DRD1/REN/SHH/MYB/ABCG1/WNK4/GRAMD1B/MAPK15/AQP3/FGF19/SYT1/ABCC2/BMP6/APOA1/ADRA2B/KCNA2/AQP1/SLC27A5/ABCA13/SYT8/SOAT1
GO:0042113,B cell activation,36/1244,0.0011412227786269,36,CD74/TNFAIP3/IL2RG/BCL3/TNFRSF21/ICOSLG/ZFP36L1/NFAM1/MMP14/FOSL2/PTPRJ/TICAM1/HDAC9/CD320/CD70/TFRC/ID2/NFKBIZ/LYN/TLR4/MSH2/PARP3/CD40/IL27RA/NFATC2/CLCF1/PIK3CD/LFNG/DOCK10/IL4I1/PRLR/PLCL2/APLF/SFRP1/THEMIS2/IL7
GO:0046942,carboxylic acid transport,42/1244,0.0011473129574436,42,ABAT/SLC25A22/TNF/LLGL2/TNFRSF11A/SLC7A11/ABCB1/SLCO3A1/ARL6IP5/PTGES/AKR1C1/SLC43A2/SLC7A5/EDN1/RBP1/NTRK2/UGT1A3/PLA2R1/SLC38A5/ABCC5/SLC43A1/PLA2G12B/RGS2/SLC6A14/SLC6A12/FABP5/SLC26A2/NMUR2/BDKRB2/FGF19/SLC6A19/ABCC2/SLC16A4/SLCO2A1/NOS2/PLA2G2A/SLC16A10/SLC16A14/ADORA1/SLC27A5/IL1B/FOLR1
GO:0001774,microglial cell activation,10/1244,0.0011473129574436,10,CX3CL1/IFNGR1/IFNGR2/TNF/CLU/ITGAM/TLR2/SPHK1/TLR3/TLR6
GO:0045637,regulation of myeloid cell differentiation,30/1244,0.0011950953992627,30,CD74/NFKBIA/CSF1/STAT3/B2M/ZFP36L1/TNF/CTNNB1/ETS1/ZBTB46/GPR137/IL23A/HLA-DRB1/NEDD9/FOXO3/TESC/TFE3/ID2/FOS/LYN/TLR4/MYB/CEBPB/IL34/UBASH3B/ISG15/TNFRSF11B/TLR3/SFRP1/SLC9B2
GO:0051961,negative regulation of nervous system development,23/1244,0.0011990528666988,23,B2M/TNF/CTNNB1/SEMA4B/SEMA4C/DKK1/SEMA3C/ASCL2/CDKN2B/ULK1/TLR2/SEMA7A/GPR37L1/ID4/DUSP10/NFATC4/MT3/PROX1/MAP2/WNT7A/IL1B/SEMA4A/NTN1
GO:0002707,negative regulation of lymphocyte mediated immunity,11/1244,0.0012172879668528,11,HLA-B/HLA-F/HLA-A/ARRB2/LGALS9/PARP3/SERPINB9/C4BPB/SVEP1/IL4I1/SUSD4
GO:0015849,organic acid transport,42/1244,0.0012535161993668,42,ABAT/SLC25A22/TNF/LLGL2/TNFRSF11A/SLC7A11/ABCB1/SLCO3A1/ARL6IP5/PTGES/AKR1C1/SLC43A2/SLC7A5/EDN1/RBP1/NTRK2/UGT1A3/PLA2R1/SLC38A5/ABCC5/SLC43A1/PLA2G12B/RGS2/SLC6A14/SLC6A12/FABP5/SLC26A2/NMUR2/BDKRB2/FGF19/SLC6A19/ABCC2/SLC16A4/SLCO2A1/NOS2/PLA2G2A/SLC16A10/SLC16A14/ADORA1/SLC27A5/IL1B/FOLR1
GO:0031098,stress-activated protein kinase signaling cascade,36/1244,0.0012559695483743,36,SMAD3/ZFP36L1/TNF/BMP2/MFHAS1/NFKB1/ZC3H12A/ARL6IP5/MAP4K4/SEMA4C/XDH/DUSP16/NOX1/LGALS9/GADD45A/FZD7/CDC42EP5/FOXO1/VEGFA/TRAF2/LYN/TLR4/CYLD/PER1/PTGER4/MAPK11/DUSP1/DUSP10/SPHK1/FGF19/TLR3/TNFRSF19/EDAR/NPHS1/WNT7A/IL1B
GO:0019730,antimicrobial humoral response,14/1244,0.0013046528083142,14,CXCL8/PI3/BCL3/CXCL1/CXCL3/HLA-A/KLK7/HMGN2/CXCL2/CXCL11/KLK5/SPON2/CXCL6/DMBT1
GO:0050818,regulation of coagulation,14/1244,0.0013046528083142,14,SH2B3/PLAU/CAV1/F3/PDGFB/EDN1/TFPI/ADTRP/UBASH3B/F2R/PROCR/SERPINB2/PROS1/EMILIN1
GO:0030856,regulation of epithelial cell differentiation,25/1244,0.0013504140401773,25,TRIM16/ZFP36L1/TNF/CTNNB1/BMP2/MAFF/CAV1/XDH/MAFG/WWTR1/VEGFA/BTG1/ETV4/CDKN2B/CEBPB/PLAAT4/FGF2/PAX8/ZBED2/AQP3/BMP6/PRLR/OSR1/IL1B/S1PR3
GO:0034329,cell junction assembly,50/1244,0.0014054116380623,50,LAMA3/SDC4/SMAD3/PHLDB2/ITGA2/PLXNB2/PLEC/TNF/CTNNB1/MMP14/GJB2/DST/OXTR/LAMC1/PTPRJ/RAP1B/MAP4K4/AFDN/CAV1/DKK1/AJUBA/WNT4/COL16A1/THBS2/VEGFA/NTRK2/SORBS1/DRD1/CLDN1/TLR2/AMIGO2/ACHE/CLDN10/EPHB3/SHANK3/ESAM/SPOCK2/SLITRK6/APOD/NRCAM/NPHS1/WNT7A/SFRP1/CDH7/CNTNAP1/SIX4/LRRC4/IL1B/SEMA4A/NTN1
GO:0051403,stress-activated MAPK cascade,35/1244,0.0014207325877865,35,SMAD3/ZFP36L1/TNF/BMP2/MFHAS1/NFKB1/ZC3H12A/ARL6IP5/MAP4K4/SEMA4C/XDH/DUSP16/NOX1/LGALS9/GADD45A/FZD7/CDC42EP5/FOXO1/VEGFA/TRAF2/TLR4/CYLD/PER1/PTGER4/MAPK11/DUSP1/DUSP10/SPHK1/FGF19/TLR3/TNFRSF19/EDAR/NPHS1/WNT7A/IL1B
GO:0051235,maintenance of location,45/1244,0.0014207325877865,45,NFKBIA/ITGAV/NFKBIE/CX3CL1/C3/IKBKE/TNF/CORO1A/ERO1A/RNF213/CEMIP/NFKB1/DGAT2/ZC3H12A/CXCL11/CAV1/PML/NPC1/NFKBIB/GM2A/TPCN1/PLA2G4C/DRD1/PDE4D/LYN/LDAF1/SLC8B1/ABCG1/UBASH3B/FGF2/PDIA2/CIDEC/JSRP1/F2R/LPL/GSTM2/LCK/APOA1/SYNE1/DMD/RYR3/SOAT1/RYR1/IL1B/TRPA1
GO:0051209,release of sequestered calcium ion into cytosol,20/1244,0.0014207325877865,20,CX3CL1/CORO1A/ERO1A/CEMIP/CXCL11/TPCN1/DRD1/PDE4D/LYN/SLC8B1/UBASH3B/FGF2/JSRP1/F2R/GSTM2/LCK/DMD/RYR3/RYR1/TRPA1
GO:0002396,MHC protein complex assembly,6/1244,0.0014356921749606,6,TAPBP/B2M/HLA-DRB1/HLA-DRA/TAPBPL/HLA-DRB5
GO:0002501,peptide antigen assembly with MHC protein complex,6/1244,0.0014356921749606,6,TAPBP/B2M/HLA-DRB1/HLA-DRA/TAPBPL/HLA-DRB5
GO:0034116,positive regulation of heterotypic cell-cell adhesion,6/1244,0.0014356921749606,6,TNF/CEACAM6/GCNT2/SKAP1/LCK/IL1B
GO:0042481,regulation of odontogenesis,6/1244,0.0014356921749606,6,CSF1/BMP2/EDN1/SHH/WNT10A/TNFRSF11B
GO:0071496,cellular response to external stimulus,49/1244,0.0014668499419137,49,IRF1/ITGA2/TNFRSF10B/PLEC/DSC2/AKR1C3/NFKB1/TNFRSF11A/GCLC/ZC3H12A/RIPOR1/FOXO3/SLC7A5/WNT4/MAP3K1/GADD45A/ATF3/PCK1/FOXO1/FOS/PMAIP1/CDKN2B/LYN/TLR4/NUAK1/ULK1/PLD1/MLXIPL/CD40/PTGER4/FOXA3/FGF2/KIF26A/AQP3/GABARAPL1/LPL/COL1A1/KCNJ2/BMP6/TLR3/ELAPOR1/CASTOR1/TLR5/AQP1/SFRP1/CASP1/DAPL1/IL1B/FOLR1
GO:0022600,digestive system process,17/1244,0.001507755475126,17,TFF3/TYMP/SLC5A1/AQP5/KCNN4/AKR1C1/NPC1/ADRA2A/SERPINA3/TLR4/WNK4/TFF2/CHRM3/SNX10/APOA1/AQP1/MUC6
GO:0032728,positive regulation of interferon-beta production,12/1244,0.0015616295224292,12,IRF1/OAS3/TICAM1/RIGI/OAS1/TLR4/TLR2/IFIH1/ZBTB20/ISG15/TLR3/POLR3G
GO:0043370,"regulation of CD4-positive, alpha-beta T cell differentiation",12/1244,0.0015616295224292,12,IL2RG/JUNB/ZC3H12A/IL23A/HLA-DRB1/IL4R/HLA-DRA/LGALS9/NFKBIZ/ASCL2/CD83/LOXL3
GO:0033209,tumor necrosis factor-mediated signaling pathway,21/1244,0.0015621078412575,21,TNFAIP3/NFKBIA/BIRC3/TNF/TRAF3/TNFRSF11A/TNFRSF14/FOXO3/CD70/SPPL2A/TNFRSF1B/TRAF2/ULK1/CYLD/SPHK1/TRAIP/APOA1/TRAF1/TNFRSF19/CASP1/CCDC3
GO:0046683,response to organophosphorus,21/1244,0.0015621078412575,21,DUOX2/PTAFR/TRIM16/ZFP36L1/ASS1/RAP1B/HMGCS2/AKR1C1/PCK1/DUOX1/FOS/REN/PANX1/PER1/RFC3/COL1A1/CITED1/AQP1/RYR3/IL1B/RAPGEF3
GO:0003044,regulation of systemic arterial blood pressure mediated by a chemical signal,10/1244,0.0015768302249224,10,ECE1/OXTR/TPM1/NOX1/EDN1/PDE4D/REN/F2R/EDN3/EDN2
GO:0030224,monocyte differentiation,10/1244,0.0015768302249224,10,CD74/CSF1/ZFP36L1/ZBTB46/HLA-DRB1/MT1G/VEGFA/PIR/IL34/CSF2
GO:0042531,positive regulation of tyrosine phosphorylation of STAT protein,10/1244,0.0015768302249224,10,IL6ST/TNF/PARP14/IL23A/LYN/CD40/CSF2/CLCF1/IL6R/IL15
GO:0030336,negative regulation of cell migration,40/1244,0.0015898743642195,40,CD74/CX3CL1/ATP2B4/PHLDB2/TACSTD2/IGFBP3/STAT3/TNF/CLIC4/TPM1/PTPRJ/RRAS/AFDN/NEDD9/FOXO3/WNT4/GADD45A/ADTRP/SHH/PTGER4/FGF2/MAPK15/DUSP1/IL27RA/CCL2/DUSP10/ARHGDIB/NAV3/C5/GCSAM/APOD/ADORA1/LDLRAD4/DPEP1/SFRP1/ADAMTS9/RGCC/EMILIN1/DACH1/KLRK1
GO:0002752,cell surface pattern recognition receptor signaling pathway,14/1244,0.0015949840362547,14,TNFAIP3/NFKBIA/IRAK2/NINJ1/MFHAS1/OAS1/LYN/TLR4/TLR2/NMI/TRIL/TLR5/CD14/TLR6
GO:0045685,regulation of glial cell differentiation,14/1244,0.0015949840362547,14,TNFRSF21/IL6ST/CTNNB1/BMP2/ID2/TNFRSF1B/SHH/TLR2/IL34/GPR37L1/ZNF488/ID4/CLCF1/DUSP10
GO:0140895,cell surface toll-like receptor signaling pathway,14/1244,0.0015949840362547,14,TNFAIP3/NFKBIA/IRAK2/NINJ1/MFHAS1/OAS1/LYN/TLR4/TLR2/NMI/TRIL/TLR5/CD14/TLR6
GO:0002823,negative regulation of adaptive immune response based on somatic recombination of immune receptors built from immunoglobulin superfamily domains,11/1244,0.0015949840362547,11,HLA-F/ZC3H12A/IL4R/ASCL2/PARP3/IL27RA/C4BPB/SVEP1/IL4I1/LOXL3/SUSD4
GO:0072538,T-helper 17 type immune response,11/1244,0.0015949840362547,11,STAT3/JUNB/ZC3H12A/IL23A/JAK1/NFKBIZ/ASCL2/IL27RA/RORC/IL6R/LOXL3
GO:0051283,negative regulation of sequestering of calcium ion,20/1244,0.0016257358407062,20,CX3CL1/CORO1A/ERO1A/CEMIP/CXCL11/TPCN1/DRD1/PDE4D/LYN/SLC8B1/UBASH3B/FGF2/JSRP1/F2R/GSTM2/LCK/DMD/RYR3/RYR1/TRPA1
GO:1901888,regulation of cell junction assembly,29/1244,0.0016271315242716,29,SDC4/SMAD3/PHLDB2/TNF/CTNNB1/MMP14/OXTR/PTPRJ/RAP1B/MAP4K4/CAV1/DKK1/WNT4/COL16A1/THBS2/VEGFA/NTRK2/CLDN1/TLR2/AMIGO2/EPHB3/SLITRK6/APOD/WNT7A/SFRP1/SIX4/IL1B/SEMA4A/NTN1
GO:0071363,cellular response to growth factor stimulus,74/1244,0.0016317042319986,74,CXCL8/SMAD3/ATP2B4/CFLAR/ITGB8/STAT3/ZFP36L1/ITGA3/CTNNB1/BMP2/CORO1A/PEG10/BCAR1/GCLC/CREB3L1/ARRB2/JCAD/CAV1/XDH/PDGFB/PML/ITGB6/DKK1/MT1G/GCLM/EDN1/WNT4/SMOC2/PMEPA1/CCN1/FAM83G/VEGFA/CAV2/NFKBIZ/FOS/NTRK2/TNFRSF1B/FMOD/CDKN2B/CLDN1/TLR4/HIVEP1/GRB10/SMAD6/TGFBR1/ERN1/KL/FGF2/WNT10A/GAREM1/CCL2/GCNT2/SPHK1/COL1A1/PIK3CD/FGF19/MT3/BMP6/TGFB1I1/TNXB/NFATC1/CITED1/EGR3/DKK3/LDLRAD4/WNT7A/SFRP1/FGF18/EMILIN1/IL1B/FOLR1/TGFBR3L/SOSTDC1/CRB2
GO:0060537,muscle tissue development,46/1244,0.0016799018233706,46,SMAD3/CFLAR/PLEC/SAV1/CTNNB1/BMP2/FOSL2/ZFAND5/MAFF/TPM1/SVIL/ARRB2/CAV1/HDAC9/DKK1/G6PD/EDN1/SEMA3C/ATF3/FZD7/ID2/VEGFA/CAV2/FOS/KDM6B/SHH/RGS2/TGFBR1/MAPK11/FGF2/BARX2/SOX8/PROX1/TNNT2/CYP26B1/NUPR1/SYNE1/CSRP2/DMD/NPHS1/ADAMTS9/CNTNAP1/SIX4/OSR1/RYR1/NEB
GO:0051146,striated muscle cell differentiation,35/1244,0.0016799018233706,35,CFLAR/PLEC/BMP2/MMP14/TPM1/BHLHE41/ARRB2/HDAC9/DKK1/IL4R/OBSCN/G6PD/EDN1/FZD7/VEGFA/CAV2/KDM6B/SHH/RGS2/ADAMTS15/BARX2/NFATC2/TMOD2/PROX1/TNNT2/TMOD1/PLEKHO1/CYP26B1/SYNE1/CSRP2/NPHS1/CNTNAP1/SIX4/RYR1/NEB
GO:0002428,antigen processing and presentation of peptide antigen via MHC class Ib,7/1244,0.0016874650252412,7,HLA-B/HLA-F/HLA-A/HLA-C/HLA-H/B2M/TAP2
GO:0001101,response to acid chemical,23/1244,0.0017741311567532,23,ATP2B4/PLEC/TNF/ASS1/GCLC/HMGCS2/GCLM/KLF2/SLC7A5/EDN1/COL16A1/PCK1/VEGFA/NTRK2/COL6A1/BCL2L2/LYN/PNPLA3/CEBPB/CASTOR3P/COL1A1/PDGFC/CASTOR1
GO:0050728,negative regulation of inflammatory response,23/1244,0.0017741311567532,23,TNFAIP3/CX3CL1/SMAD3/STAT3/IER3/MFHAS1/NFKB1/RHBDF2/HLA-DRB1/AOAH/PLK2/TNFRSF1B/LYN/CYLD/PTGER4/DUSP10/IL22RA1/FNDC4/APOA1/SLC39A8/ADORA1/SAA1/SIGLEC10
GO:0150076,neuroinflammatory response,13/1244,0.0017887521693422,13,CX3CL1/IFNGR1/IFNGR2/TNF/CLU/ITGAM/TNFRSF1B/TLR2/SPHK1/TLR3/NUPR1/IL1B/TLR6
GO:2000401,regulation of lymphocyte migration,13/1244,0.0017887521693422,13,ADAM8/CCL20/CORO1A/TNFRSF14/NEDD9/ASCL2/ADTRP/SLC8B1/IL27RA/CCL2/GCSAM/APOD/KLRK1
GO:0006066,alcohol metabolic process,48/1244,0.0019134893164498,48,SGPP2/PTAFR/SDR16C5/BMP2/AKR1C3/NFKB1/DGAT2/AKR1C2/HMGCS2/AKR1C1/NPC1/G6PD/WNT4/SEC14L2/PCK1/DHRS3/DEGS2/UGT1A4/UGT1A3/RPE65/FECH/GCH1/ABCG1/PLPP1/APOL1/ACER2/AKR1B15/RDH5/ITPKC/APOL2/FGF2/ADH1C/APOBR/AKR1B10/SPHK1/CYP1A1/ALDH3B2/EPHX2/SCNN1B/CYP3A4/LIPE/BMP6/BCO1/APOA1/PLPP3/DKK3/SOAT1/MOXD1
GO:0048729,tissue morphogenesis,68/1244,0.0019459364560937,68,SDC4/SMAD3/RNF207/PHLDB2/TACSTD2/ITGA2/CSF1/PLXNB2/TNF/ITGA3/CTNNB1/BMP2/MMP14/TGM2/CLIC4/LAMA5/TXNRD1/TPM1/SEMA4C/PML/DKK1/AJUBA/NTN4/EDN1/WNT4/SEMA3C/FZD7/CCN1/VEGFA/PRKACB/KDM6B/SHH/WNK4/TGFBR1/FGF2/WNT10A/GCNT1/PAX8/SAPCD2/ID4/SOX8/FLG2/PIK3CD/VANGL2/NFATC4/PROX1/CELSR1/GRHL3/CA9/TFAP2A/TNNT2/TGFB1I1/FOXL1/LIAS/CITED1/WNT7A/LAMA1/COL5A1/SFRP1/DCHS1/BRSK1/SIX4/OSR1/FOLR1/NTN1/SOSTDC1/MTSS1/CRB2
GO:0050853,B cell receptor signaling pathway,12/1244,0.0019797474144543,12,NFKBIA/NFAM1/NFKB1/BCAR1/NFKBIZ/LYN/NFATC2/PIK3CD/LCK/GCSAM/PLCL2/CMTM3
GO:0003014,renal system process,19/1244,0.0019797474144543,19,ITGA3/SLC5A1/AKR1C3/KIRREL1/PDGFB/EDN1/CYP4F12/PRKACB/REN/WNK4/SLC5A2/AQP3/F2R/SCNN1B/TMEM63C/OIT3/ADORA1/AQP1/BTC
GO:0032733,positive regulation of interleukin-10 production,9/1244,0.0019797474144543,9,BCL3/STAT3/IL23A/LGALS9/TLR4/TLR2/CD83/TIGIT/ISG15
GO:0032965,regulation of collagen biosynthetic process,9/1244,0.0019797474144543,9,ITGA2/CREB3L1/WNT4/MYB/SERPINB7/F2R/CIITA/RGCC/EMILIN1
GO:0043268,positive regulation of potassium ion transport,9/1244,0.0019797474144543,9,ATP1B1/RNF207/KCNN4/ADRA2A/DRD1/KCNJ2/ADORA1/EDN3/LRRC26
GO:0045165,cell fate commitment,30/1244,0.0020138705428726,30,SPDEF/STAT3/CTNNB1/BMP2/PML/IL23A/DKK1/EDN1/WNT4/JAK1/FZD7/ID2/KDM6B/SHH/TGFBR1/FGF2/WNT10A/POU5F1/SOX8/TEAD4/PROX1/IL6R/TGFB1I1/TNXB/CYP26B1/LOXL3/WNT7A/SFRP1/IL7/SOSTDC1
GO:0035987,endodermal cell differentiation,11/1244,0.0020996485064421,11,LAMA3/ITGAV/LAMB3/CTNNB1/MMP14/DKK1/COL6A1/COL7A1/POU5F1/COL12A1/COL5A1
GO:0016525,negative regulation of angiogenesis,17/1244,0.0021007046964797,17,ATP2B4/TNF/CTNNB1/HSPG2/CREB3L1/PML/KLF2/GADD45A/PLK2/THBS2/E2F2/ADAMTS9/RGCC/ADGRB2/EMILIN1/SEMA4A/STAB1
GO:0032481,positive regulation of type I interferon production,17/1244,0.0021007046964797,17,IRF1/IKBKE/TRAF3/OAS3/TICAM1/RIGI/OAS1/CGAS/TANK/TLR4/TLR2/IFIH1/ZBTB20/ISG15/TLR3/POLR3G/CD14
GO:0015872,dopamine transport,10/1244,0.0021038814402802,10,ABAT/SNCG/TGM2/SYT7/SYT12/DRD1/MAPK15/SYT1/KCNA2/SYT8
GO:0045066,regulatory T cell differentiation,10/1244,0.0021038814402802,10,IL2RG/IRF1/HLA-DRB1/HLA-DRA/FOXO3/LGALS9/BTN2A2/DUSP10/SOX12/IL4I1
GO:0061436,establishment of skin barrier,10/1244,0.0021038814402802,10,PLEC/FA2H/NFKBIZ/CLDN1/HRNR/CYSRT1/FLG2/FLG/GRHL3/CYP26B1
GO:0097028,dendritic cell differentiation,10/1244,0.0021038814402802,10,UBD/RELB/HLA-B/ITGB8/ZBTB46/ITGB6/LGALS9/LYN/CEBPB/CSF2
GO:0018108,peptidyl-tyrosine phosphorylation,32/1244,0.0021639620238087,32,CD74/IL6ST/TNF/TGFA/DOK7/PTPRJ/TNFRSF14/CAV1/PARP14/PDGFB/IL23A/NEDD9/ADRA2A/JAK1/VEGFA/LYN/GPRC5B/IL34/CD40/CSF2/EFNA1/CLCF1/BMP6/IL6R/LCK/PRLR/PLPP3/PDGFC/LTK/SFRP1/IL7/IL15
GO:0021782,glial cell development,20/1244,0.0021678200227917,20,IFNGR1/PLEC/TNF/ANO1/FA2H/SOX4/CLU/NTRK2/DRD1/TSPAN2/LYN/TLR4/SHH/TLR2/SH3TC2/ZNF488/ID4/PRX/CNTNAP1/IL1B
GO:0051282,regulation of sequestering of calcium ion,20/1244,0.0021678200227917,20,CX3CL1/CORO1A/ERO1A/CEMIP/CXCL11/TPCN1/DRD1/PDE4D/LYN/SLC8B1/UBASH3B/FGF2/JSRP1/F2R/GSTM2/LCK/DMD/RYR3/RYR1/TRPA1
GO:0001954,positive regulation of cell-matrix adhesion,13/1244,0.002214479638241,13,SDC4/CX3CL1/SMAD3/CSF1/PTPRJ/RRAS/MAP4K4/WNT4/COL16A1/VEGFA/CEACAM6/SKAP1/SFRP1
GO:0015844,monoamine transport,13/1244,0.002214479638241,13,ABAT/SNCG/TGM2/OXTR/ADRA2A/SYT7/SYT12/DRD1/MAPK15/SYT1/ADRA2B/KCNA2/SYT8
GO:0030193,regulation of blood coagulation,13/1244,0.002214479638241,13,SH2B3/PLAU/CAV1/F3/PDGFB/EDN1/TFPI/ADTRP/UBASH3B/F2R/SERPINB2/PROS1/EMILIN1
GO:1900046,regulation of hemostasis,13/1244,0.002214479638241,13,SH2B3/PLAU/CAV1/F3/PDGFB/EDN1/TFPI/ADTRP/UBASH3B/F2R/SERPINB2/PROS1/EMILIN1
GO:0051090,regulation of DNA-binding transcription factor activity,49/1244,0.002214479638241,49,TNFAIP3/NFKBIA/IRAK2/NFKBIE/ADAM8/BCL3/CX3CL1/SMAD3/CFLAR/STAT3/IKBKE/TNF/NFAM1/TRIM31/CTNNB1/TRAF3/BMP2/TNFRSF11A/TICAM1/SLCO3A1/ZC3H12A/ARRB2/CAV1/CLU/NFKBIB/LGALS9/EDN1/TFRC/RIGI/ID2/TRIM22/BHLHE40/NLRC5/TRAF2/TLR4/SHH/TLR2/CYLD/IL18R1/CD40/SPHK1/PROX1/TRAF1/PLPP3/NUPR1/RGCC/IL1B/TLR6/MID2
GO:0071407,cellular response to organic cyclic compound,61/1244,0.0022253528748303,61,PTAFR/ATP2B4/ITGA2/CFLAR/ZFP36L1/CTNNB1/BMP2/AKR1C3/TGM2/PPP1R1B/GJB2/NFKB1/ASS1/RAP1B/GCLC/ZC3H12A/ARL6IP5/HMGCS2/ARRB2/CAV1/PDGFB/NPC1/GCLM/KLF2/EDN1/RIGI/PMEPA1/ADCY5/PCK1/CAV2/CGAS/DRD1/BCL2L2/TFPI/FECH/ADTRP/PNPLA3/IFIH1/PLPP1/GRAMD1B/PER1/GNA15/RORC/CYP1A1/COL1A1/GSTM2/FBXO32/SCNN1B/LBH/CHRM3/TLR3/LMO3/AQP1/HTR1D/APLP1/SFRP1/ATP1A3/RYR3/RYR1/FOLR1/RAPGEF3
GO:0051607,defense response to virus,44/1244,0.0023066221348965,44,TNFAIP3/IRF1/IFNGR2/IFI6/IKBKE/TNF/TRIM31/TRAF3/OAS3/NCK1/TICAM1/ZC3H12A/PML/IL23A/IFNAR2/RIGI/OAS1/TRIM22/CGAS/PMAIP1/NLRC5/TANK/DDX60L/TLR2/MX1/IFIH1/IFIT3/CD40/IFNLR1/GBP2/ZDHHC1/DDX60/GBP1/ISG15/TLR3/SPON2/APOBEC3G/POLR3G/CASP1/DMBT1/IFIT2/IL15/IL1B/MID2
GO:0140546,defense response to symbiont,44/1244,0.0023066221348965,44,TNFAIP3/IRF1/IFNGR2/IFI6/IKBKE/TNF/TRIM31/TRAF3/OAS3/NCK1/TICAM1/ZC3H12A/PML/IL23A/IFNAR2/RIGI/OAS1/TRIM22/CGAS/PMAIP1/NLRC5/TANK/DDX60L/TLR2/MX1/IFIH1/IFIT3/CD40/IFNLR1/GBP2/ZDHHC1/DDX60/GBP1/ISG15/TLR3/SPON2/APOBEC3G/POLR3G/CASP1/DMBT1/IFIT2/IL15/IL1B/MID2
GO:0014046,dopamine secretion,8/1244,0.0023774926484811,8,ABAT/SNCG/TGM2/SYT7/SYT12/SYT1/KCNA2/SYT8
GO:0019886,antigen processing and presentation of exogenous peptide antigen via MHC class II,8/1244,0.0023774926484811,8,CD74/CTSE/B2M/CTSS/HLA-DRB1/HLA-DRA/IFI30/HLA-DRB5
GO:0045055,regulated exocytosis,30/1244,0.0024518444805365,30,PTAFR/HLA-F/PRKCG/DOC2B/CORO1A/UNC13A/RAP1B/IL4R/LGALS9/ITGAM/ADRA2A/SYT7/SYT12/SYNGR3/STX4/LYN/RAC2/STEAP2/PRRT2/RAB15/PPFIA3/PIK3CD/SYT1/CADPS2/PTGDR/SV2B/CPLX1/WNT7A/SYT8/SYN2
GO:0051924,regulation of calcium ion transport,29/1244,0.0024659216000528,29,ATP1B1/CX3CL1/CTNNB1/CORO1A/CEMIP/CXCL11/CAV1/PDGFB/PML/G6PD/ADRA2A/DRD1/PDE4D/LYN/SLC8B1/UBASH3B/SESTD1/CACNB1/ATP2C2/CCL2/JSRP1/F2R/CABP1/GSTM2/CRACR2A/DMD/AKAP5/HOMER3/CAMK2B
GO:0030888,regulation of B cell proliferation,12/1244,0.0024659216000528,12,CD74/TNFRSF21/TICAM1/CD320/TFRC/LYN/TLR4/CD40/NFATC2/CLCF1/PRLR/IL7
GO:1902893,regulation of miRNA transcription,15/1244,0.0024659216000528,15,SMAD3/STAT3/TNF/BMP2/ETS1/PDGFB/FOXO3/FOS/SMAD6/MYB/FGF2/POU5F1/NFATC4/TERT/MYCN
GO:0050730,regulation of peptidyl-tyrosine phosphorylation,28/1244,0.0024733648084613,28,CD74/IL6ST/TNF/TGFA/DOK7/PTPRJ/TNFRSF14/CAV1/PARP14/PDGFB/IL23A/NEDD9/ADRA2A/VEGFA/LYN/GPRC5B/IL34/CD40/CSF2/EFNA1/CLCF1/BMP6/IL6R/PLPP3/PDGFC/SFRP1/IL7/IL15
GO:1903035,negative regulation of response to wounding,16/1244,0.0024767597077193,16,SMAD3/PHLDB2/SH2B3/STAT3/TNF/PLAU/PDGFB/EDN1/WNT4/TFPI/ADTRP/UBASH3B/FGF2/SERPINB2/PROS1/SIGLEC10
GO:0006766,vitamin metabolic process,20/1244,0.0024767597077193,20,VNN1/TNF/AKR1C3/NFKB1/GCLC/CD320/CYP4F12/SHMT1/RBP1/UGT1A4/UGT1A3/RPE65/CYP1A1/CYP3A4/CYP4F11/BCO1/CYP26B1/CYP2W1/TTPA/FOLR1
GO:0071559,response to transforming growth factor beta,38/1244,0.0025507029041131,38,SMAD3/CFLAR/ITGB8/STAT3/ZFP36L1/ITGA3/BMP2/PEG10/ARRB2/CAV1/PML/ITGB6/EDN1/WNT4/PMEPA1/CAV2/NFKBIZ/FOS/FMOD/CDKN2B/CLDN1/SMAD6/TGFBR1/WNT10A/GCNT2/FNDC4/COL1A1/TGFB1I1/TNXB/NFATC1/CITED1/DKK3/LDLRAD4/WNT7A/SFRP1/EMILIN1/FOLR1/TGFBR3L
GO:0006590,thyroid hormone generation,6/1244,0.0025507029041131,6,DUOX2/DUOXA2/DUOXA1/DUOX1/PAX8/SLC16A10
GO:0010273,detoxification of copper ion,6/1244,0.0025507029041131,6,MT1E/MT1G/MT2A/MT1A/MT1X/MT3
GO:0042359,vitamin D metabolic process,6/1244,0.0025507029041131,6,TNF/NFKB1/UGT1A4/UGT1A3/CYP1A1/CYP3A4
GO:1990169,stress response to copper ion,6/1244,0.0025507029041131,6,MT1E/MT1G/MT2A/MT1A/MT1X/MT3
GO:0018212,peptidyl-tyrosine modification,32/1244,0.0025815944719735,32,CD74/IL6ST/TNF/TGFA/DOK7/PTPRJ/TNFRSF14/CAV1/PARP14/PDGFB/IL23A/NEDD9/ADRA2A/JAK1/VEGFA/LYN/GPRC5B/IL34/CD40/CSF2/EFNA1/CLCF1/BMP6/IL6R/LCK/PRLR/PLPP3/PDGFC/LTK/SFRP1/IL7/IL15
GO:0072111,cell proliferation involved in kidney development,7/1244,0.002647129338873,7,CFLAR/BMP2/PDGFB/SHH/SERPINB7/IL6R/OSR1
GO:1902644,tertiary alcohol metabolic process,7/1244,0.002647129338873,7,BMP2/AKR1C3/AKR1C2/AKR1C1/WNT4/AKR1B10/DKK3
GO:0050766,positive regulation of phagocytosis,11/1244,0.0026490379236887,11,IL2RG/C3/ITGA2/TNF/CD47/PTPRJ/CCL2/IL15RA/APOA1/IL15/IL1B
GO:0043524,negative regulation of neuron apoptotic process,25/1244,0.0026824383356683,25,ADAM8/CX3CL1/PRKCG/IL6ST/CTNNB1/CORO1A/GCLC/NEFL/CLU/GCLM/FAIM2/NTRK2/RETREG1/MSH2/CEBPB/IL27RA/CLCF1/CCL2/F2R/NFATC4/MT3/CITED1/TERT/SIX4/AGAP2
GO:0033137,negative regulation of peptidyl-serine phosphorylation,9/1244,0.0026824383356683,9,NCK1/CAV1/DKK1/GADD45A/PDE4D/MLXIPL/BDKRB2/CNKSR3/DMD
GO:1903055,positive regulation of extracellular matrix organization,9/1244,0.0026824383356683,9,SMAD3/PHLDB2/CFLAR/BMP2/TGFBR1/MELTF/TNXB/RGCC/EMILIN1
GO:0030199,collagen fibril organization,13/1244,0.0026977900209917,13,FMOD/TGFBR1/FKBP10/LOXL4/COL1A1/COL12A1/TNXB/LOXL3/COL5A1/COL11A2/COL5A3/ADAMTS14/EMILIN1
GO:2001238,positive regulation of extrinsic apoptotic signaling pathway,13/1244,0.0026977900209917,13,LTB/TNF/TNFSF10/CAV1/PML/BID/ATF3/PMAIP1/TRAF2/TLR4/CYLD/SFRP1/TLR6
GO:0031640,killing of cells of another organism,10/1244,0.0027298651972748,10,NINJ1/HMGN2/APOL1/GBP2/GBP1/SCNN1B/C5/NOS2/PLA2G2A/CXCL6
GO:0032309,icosanoid secretion,10/1244,0.0027298651972748,10,TNFRSF11A/PTGES/EDN1/PLA2R1/PLA2G12B/NMUR2/BDKRB2/NOS2/PLA2G2A/IL1B
GO:0032941,secretion by tissue,10/1244,0.0027298651972748,10,ANO1/AGR2/FOSL2/AQP5/KCNN4/WNK4/SCNN1B/CHRM3/ADORA1/AQP1
GO:0141061,disruption of cell in another organism,10/1244,0.0027298651972748,10,NINJ1/HMGN2/APOL1/GBP2/GBP1/SCNN1B/C5/NOS2/PLA2G2A/CXCL6
GO:0043123,positive regulation of canonical NF-kappaB signal transduction,32/1244,0.0028137657295475,32,CD74/UBD/LTB/BIRC3/CX3CL1/CFLAR/TNFRSF10B/IKBKE/TNF/CTNNB1/TNFSF10/TICAM1/HLA-DRB1/AJUBA/LGALS9/TFRC/PLK2/TRIM22/TRAF2/TLR4/GPRC5B/CD40/F2R/APOL3/CTH/TLR3/TNFRSF19/EDAR/CASP1/IL1B/TLR6/MID2
GO:0002690,positive regulation of leukocyte chemotaxis,14/1244,0.0028426095354613,14,CD74/CXCL8/CSF1/IL23A/NEDD9/LGALS9/EDN1/VEGFA/RAC2/IL34/IL6R/GPSM3/EDN3/EDN2
GO:2000514,"regulation of CD4-positive, alpha-beta T cell activation",14/1244,0.0028426095354613,14,IL2RG/JUNB/ZC3H12A/IL23A/HLA-DRB1/IL4R/HLA-DRA/LGALS9/NFKBIZ/ASCL2/CD83/LOXL3/LGALS9B/LGALS9C
GO:0071560,cellular response to transforming growth factor beta stimulus,37/1244,0.0028518316145996,37,SMAD3/CFLAR/ITGB8/STAT3/ZFP36L1/ITGA3/BMP2/PEG10/ARRB2/CAV1/PML/ITGB6/EDN1/WNT4/PMEPA1/CAV2/NFKBIZ/FOS/FMOD/CDKN2B/CLDN1/SMAD6/TGFBR1/WNT10A/GCNT2/COL1A1/TGFB1I1/TNXB/NFATC1/CITED1/DKK3/LDLRAD4/WNT7A/SFRP1/EMILIN1/FOLR1/TGFBR3L
GO:1904035,regulation of epithelial cell apoptotic process,16/1244,0.0028915684167049,16,TNFAIP3/ICAM1/CFLAR/SAV1/ZFP36L1/TNF/AKR1C3/NPC1/PLA2R1/CD40/CCL2/ANGPTL4/NUPR1/TERT/RGCC/BTC
GO:0061614,miRNA transcription,15/1244,0.0028990358914584,15,SMAD3/STAT3/TNF/BMP2/ETS1/PDGFB/FOXO3/FOS/SMAD6/MYB/FGF2/POU5F1/NFATC4/TERT/MYCN
GO:0006909,phagocytosis,30/1244,0.0029186101749652,30,IL2RG/ITGAV/PRKCG/C3/ITGA2/TNF/CD47/CORO1A/TGM2/PTPRJ/ITGAM/SYT7/GULP1/LYN/TLR4/TLR2/C4BPB/CCL2/IL15RA/SPHK1/VAV1/SPON2/APOA1/ADORA1/XKR9/CD14/IL15/NCF2/IL1B/BIN2
GO:0015718,monocarboxylic acid transport,24/1244,0.0029186101749652,24,TNF/TNFRSF11A/SLCO3A1/PTGES/AKR1C1/EDN1/RBP1/UGT1A3/PLA2R1/PLA2G12B/SLC6A12/FABP5/NMUR2/BDKRB2/FGF19/ABCC2/SLC16A4/SLCO2A1/NOS2/PLA2G2A/SLC16A10/SLC16A14/SLC27A5/IL1B
GO:0097553,calcium ion transmembrane import into cytosol,24/1244,0.0029186101749652,24,CX3CL1/ATP2B4/CORO1A/ERO1A/CEMIP/CXCL11/CAV1/PML/TPCN1/DRD1/PDE4D/LYN/SLC8B1/UBASH3B/FGF2/JSRP1/F2R/GSTM2/LCK/DMD/AKAP5/RYR3/RYR1/TRPA1
GO:0051592,response to calcium ion,21/1244,0.0029717287651869,21,JUNB/AKR1C3/CLIC4/CAV1/EDN1/SYT7/SYT12/FOS/ITPKC/NFATC2/KCNMB4/AQP3/SYT1/CPNE7/TNNT2/CPNE5/DPEP1/SYT8/CHP2/RYR3/RYR1
GO:0007260,tyrosine phosphorylation of STAT protein,12/1244,0.0030232363880511,12,IL6ST/TNF/CAV1/PARP14/IL23A/JAK1/LYN/CD40/CSF2/CLCF1/IL6R/IL15
GO:0032732,positive regulation of interleukin-1 production,12/1244,0.0030232363880511,12,SMAD3/TRIM16/STAT3/TNF/LGALS9/TLR4/PANX1/PANX2/LPL/SAA1/CASP1/TLR6
GO:0043523,regulation of neuron apoptotic process,32/1244,0.0030697229887534,32,ADAM8/CX3CL1/PRKCG/IL6ST/TNF/CTNNB1/CORO1A/GCLC/NEFL/DKK1/CLU/FOXO3/GCLM/FAIM2/G6PD/NTRK2/RETREG1/MSH2/MYB/CEBPB/IL27RA/CLCF1/CCL2/F2R/NFATC4/MT3/TFAP2A/CITED1/NUPR1/TERT/SIX4/AGAP2
GO:0045833,negative regulation of lipid metabolic process,18/1244,0.0031590627469215,18,TNF/BMP2/AKR1C3/NFKB1/PDGFB/PIK3IP1/WNT4/ADRA2A/CIDEC/SPHK1/FGF19/PROX1/DKK3/APOD/ADORA1/IL1B/APOBEC1/CCDC3
GO:2000146,negative regulation of cell motility,40/1244,0.00319181661908,40,CD74/CX3CL1/ATP2B4/PHLDB2/TACSTD2/IGFBP3/STAT3/TNF/CLIC4/TPM1/PTPRJ/RRAS/AFDN/NEDD9/FOXO3/WNT4/GADD45A/ADTRP/SHH/PTGER4/FGF2/MAPK15/DUSP1/IL27RA/CCL2/DUSP10/ARHGDIB/NAV3/C5/GCSAM/APOD/ADORA1/LDLRAD4/DPEP1/SFRP1/ADAMTS9/RGCC/EMILIN1/DACH1/KLRK1
GO:0043491,phosphatidylinositol 3-kinase/protein kinase B signal transduction,33/1244,0.0032851966573323,33,ADAM8/CX3CL1/SH2B3/STAT3/ZFP36L1/TNF/PHLDA3/AKR1C3/MFHAS1/PTPRJ/RRAS/AKR1C2/ARRB2/F3/XDH/PDGFB/PIK3IP1/EDN1/NTRK2/ADTRP/BTN2A2/TGFBR1/HIP1/CD40/FGF2/F2R/GCNT2/PIK3CD/CAVIN3/PDGFC/LTK/RAPGEF3/RASD2
GO:0051092,positive regulation of NF-kappaB transcription factor activity,24/1244,0.0032941206156458,24,IRAK2/ADAM8/CX3CL1/CFLAR/STAT3/TNF/TNFRSF11A/TICAM1/SLCO3A1/CAV1/CLU/LGALS9/TFRC/TRIM22/TRAF2/TLR4/TLR2/IL18R1/CD40/SPHK1/TRAF1/IL1B/TLR6/MID2
GO:0045824,negative regulation of innate immune response,17/1244,0.0032989385891774,17,TNFAIP3/HLA-B/HLA-F/HLA-A/OAS3/ARRB2/PARP14/LGALS9/OAS1/TRAFD1/CGAS/NLRC5/SERPINB9/NMI/DUSP10/ISG15/SUSD4
GO:1902106,negative regulation of leukocyte differentiation,17/1244,0.0032989385891774,17,CD74/IRF1/CTNNB1/ZBTB46/GPR137/ZC3H12A/IL4R/ID2/ASCL2/LYN/TLR4/SHH/UBASH3B/TNFRSF11B/TLR3/LOXL3/SFRP1
GO:0033002,muscle cell proliferation,27/1244,0.0033219006759184,27,TNFAIP3/PTAFR/CX3CL1/ITGA2/IGFBP3/CFLAR/SAV1/TNF/CTNNB1/BMP2/TPM1/PDGFB/NOX1/EDN1/ID2/CAV2/FOS/TLR4/SHH/MYB/TGFBR1/ERN1/MAPK11/FGF2/IL6R/APOD/TERT
GO:0006063,uronic acid metabolic process,8/1244,0.0033219006759184,8,UGT1A6/UGT1A5/UGT1A7/UGT1A4/UGT1A3/UGT1A9/UGT2A3/UGT2B17
GO:0019585,glucuronate metabolic process,8/1244,0.0033219006759184,8,UGT1A6/UGT1A5/UGT1A7/UGT1A4/UGT1A3/UGT1A9/UGT2A3/UGT2B17
GO:0071280,cellular response to copper ion,8/1244,0.0033219006759184,8,MT1E/MT1G/MT2A/MT1A/MT1X/CYP1A1/MT3/AQP1
GO:0002704,negative regulation of leukocyte mediated immunity,11/1244,0.0033219006759184,11,HLA-B/HLA-F/HLA-A/ARRB2/LGALS9/PARP3/SERPINB9/C4BPB/SVEP1/IL4I1/SUSD4
GO:0033559,unsaturated fatty acid metabolic process,19/1244,0.0034187400923446,19,CD74/GPX4/ACOX1/AKR1C3/AKR1C2/PTGES/AKR1C1/CYP2B6/EDN1/PLA2G4C/CYP4F12/CYP4F3/FABP5/CYP1A1/GSTM2/CYP4F11/GSTA1/IL1B/EDN2
GO:0048565,digestive tract development,19/1244,0.0034187400923446,19,CXCL8/SMAD3/SAV1/IL6ST/SPDEF/TNF/CTNNB1/AGR2/OXTR/ASS1/HMGCS2/ID2/SHH/EPHB3/CYP1A1/FOXL1/PDGFC/SFRP1/DCHS1
GO:0051047,positive regulation of secretion,38/1244,0.0034736620218885,38,ADAM8/SDC4/TMEM132A/PTAFR/HLA-F/ABAT/DOC2B/ANO1/BMP2/OXTR/TNFRSF11A/PTGES/KCNN4/HLA-DRB1/SOX4/IL4R/EDN1/ITGAM/SYT7/PLA2R1/STX4/TLR4/MYB/ABCG1/TLR2/ACHE/RAB15/SYT1/CADPS2/CHRM3/BMP6/ADORA1/AQP1/TFR2/RGCC/EDN3/IL1B/GPR27
GO:0048754,branching morphogenesis of an epithelial tube,22/1244,0.0035059739520185,22,TACSTD2/CSF1/TNF/CTNNB1/BMP2/MMP14/CLIC4/LAMA5/PML/EDN1/WNT4/VEGFA/SHH/FGF2/PAX8/SOX8/NFATC4/CELSR1/CITED1/LAMA1/DCHS1/SIX4
GO:0030890,positive regulation of B cell proliferation,10/1244,0.0035266417451258,10,CD74/TICAM1/CD320/TFRC/TLR4/CD40/NFATC2/CLCF1/PRLR/IL7
GO:0036230,granulocyte activation,10/1244,0.0035266417451258,10,CXCL8/PTAFR/TNF/ITGAM/STX4/SCNN1B/PREX1/PLA2G2A/CXCL6/IL15
GO:0046688,response to copper ion,10/1244,0.0035266417451258,10,MT1E/MT1G/MT2A/TFRC/SOD3/MT1A/MT1X/CYP1A1/MT3/AQP1
GO:0050819,negative regulation of coagulation,10/1244,0.0035266417451258,10,SH2B3/PLAU/PDGFB/EDN1/TFPI/ADTRP/UBASH3B/PROCR/SERPINB2/PROS1
GO:0050918,positive chemotaxis,10/1244,0.0035266417451258,10,CXCL8/CX3CL1/SMAD3/ITGA2/CORO1A/PTPRJ/F3/PDGFB/VEGFA/FGF2
GO:0007584,response to nutrient,23/1244,0.0035764986769687,23,ITGA2/AKR1C3/ASS1/GCLC/HMGCS2/GCLM/TFRC/NFKBIZ/CDKN2B/PLD1/IGFBP2/MLXIPL/CD40/KL/AQP3/LPL/CYP1A1/COL1A1/SLC6A19/TNFRSF11B/CYP26B1/SFRP1/FOLR1
GO:0051048,negative regulation of secretion,23/1244,0.0035764986769687,23,CD74/HLA-F/ABAT/TNF/RAP1B/PIM3/RHBDF2/LGALS9/EDN1/ADRA2A/FOXO1/PLA2R1/TNFRSF1B/ADTRP/WNK4/STXBP6/ASIC1/F2R/TFF2/ADRA2B/ADORA1/SFRP1/IL1B
GO:0051208,sequestering of calcium ion,20/1244,0.003623663913919,20,CX3CL1/CORO1A/ERO1A/CEMIP/CXCL11/TPCN1/DRD1/PDE4D/LYN/SLC8B1/UBASH3B/FGF2/JSRP1/F2R/GSTM2/LCK/DMD/RYR3/RYR1/TRPA1
GO:0001755,neural crest cell migration,12/1244,0.0037177096110588,12,LAMA5/SEMA4B/SEMA4C/EDN1/SEMA3C/SHH/SEMA7A/SOX8/FGF19/EDN3/SEMA4A/FOLR1
GO:0002763,positive regulation of myeloid leukocyte differentiation,12/1244,0.0037177096110588,12,CD74/CSF1/ZFP36L1/TNF/IL23A/HLA-DRB1/NEDD9/TESC/ID2/FOS/IL34/SLC9B2
GO:0045123,cellular extravasation,12/1244,0.0037177096110588,12,ADAM8/PTAFR/CX3CL1/CHST2/ICAM1/TNF/CD47/PTGER4/IL27RA/GCNT1/CCL2/PIK3CD
GO:0030879,mammary gland development,21/1244,0.0037982429662187,21,STAT5A/ITGA2/CSF1/OXTR/NFKB1/TGFA/TNFRSF11A/CAV1/XDH/PML/WNT4/ID2/VEGFA/CEBPB/FGF2/ATP2C2/LBH/PRLR/NTN1/SOSTDC1/SOCS2
GO:0050768,negative regulation of neurogenesis,21/1244,0.0037982429662187,21,B2M/TNF/CTNNB1/SEMA4B/SEMA4C/SEMA3C/ASCL2/CDKN2B/ULK1/SEMA7A/GPR37L1/ID4/DUSP10/NFATC4/MT3/PROX1/MAP2/WNT7A/IL1B/SEMA4A/NTN1
GO:0001562,response to protozoan,7/1244,0.0039078743738095,7,BCL3/IER3/IL4R/GBP4/CD40/GBP2/GBP1
GO:0014059,regulation of dopamine secretion,7/1244,0.0039078743738095,7,ABAT/SNCG/SYT7/SYT12/SYT1/KCNA2/SYT8
GO:0042403,thyroid hormone metabolic process,7/1244,0.0039078743738095,7,DUOX2/DUOXA2/DUOXA1/DUOX1/PAX8/DIO3/SLC16A10
GO:0060445,branching involved in salivary gland morphogenesis,7/1244,0.0039078743738095,7,TNF/TGM2/LAMA5/NTN4/SEMA3C/SHH/LAMA1
GO:0097501,stress response to metal ion,7/1244,0.0039078743738095,7,MT1E/MT1G/MT2A/MT1A/MT1X/MT3/SLC39A8
GO:0001935,endothelial cell proliferation,22/1244,0.0039117051815072,22,STAT5A/STAT3/TNF/MMP14/HSPG2/JCAD/CAV1/F3/XDH/PDGFB/VEGFA/CAV2/TGFBR1/ERN1/FGF2/CCL2/PIK3CD/PROX1/BMP6/APOA1/EGR3/RGCC
GO:0002444,myeloid leukocyte mediated immunity,16/1244,0.0039237314129096,16,PTAFR/C3/TICAM1/IL4R/LGALS9/ITGAM/RIGI/STX4/LYN/RAC2/SERPINB9/PIK3CD/SCNN1B/PTGDR/SPON2/CXCL6
GO:0018958,phenol-containing compound metabolic process,16/1244,0.0039237314129096,16,DUOX2/DUOXA2/ABAT/DUOXA1/SLC7A11/ITGAM/DUOX1/DRD1/GCH1/KL/PAX8/DIO3/SLC16A10/CITED1/MOXD1/PMEL
GO:0002009,morphogenesis of an epithelium,58/1244,0.0039262912240072,58,SDC4/SMAD3/RNF207/PHLDB2/TACSTD2/CSF1/PLXNB2/TNF/CTNNB1/BMP2/MMP14/TGM2/CLIC4/LAMA5/SEMA4C/PML/DKK1/AJUBA/NTN4/EDN1/WNT4/SEMA3C/FZD7/CCN1/VEGFA/PRKACB/SHH/WNK4/FGF2/WNT10A/PAX8/SAPCD2/ID4/SOX8/FLG2/PIK3CD/VANGL2/NFATC4/PROX1/CELSR1/GRHL3/CA9/TFAP2A/TGFB1I1/LIAS/CITED1/WNT7A/LAMA1/COL5A1/SFRP1/DCHS1/BRSK1/SIX4/OSR1/FOLR1/NTN1/SOSTDC1/MTSS1
GO:0002220,innate immune response activating cell surface receptor signaling pathway,15/1244,0.0040113617340599,15,TNFAIP3/NFKBIA/IRAK2/NINJ1/MFHAS1/OAS1/LYN/TLR4/TLR2/NMI/TRIL/TLR5/CD14/TLR6/KLRK1
GO:0006814,sodium ion transport,27/1244,0.0040113617340599,27,ATP1B1/ATP2B4/SLC5A1/KCNK1/TESC/EDN1/SLC9A7/TPCN1/SLMAP/SLC38A5/SLC8B1/WNK4/PER1/SLC6A14/SLC5A2/SLC6A12/ASIC1/CNKSR3/SCNN1B/SLC6A19/SLC5A10/SLC34A3/DMD/CHP2/ATP1A3/OSR1/SLC9B2
GO:0043409,negative regulation of MAPK cascade,27/1244,0.0040113617340599,27,TNIP1/DUSP5/SH2B3/BMP2/PTPRJ/CAV1/DUSP16/ATF3/FOXO1/DUSP8/LYN/TLR4/RGS2/CYLD/BTN2A2/PER1/DUSP1/EFNA1/DUSP10/CNKSR3/GBP1/PSCA/LMO3/UCHL1/DUSP2/EMILIN1/IL1B
GO:0042886,amide transport,41/1244,0.0040225377829993,41,CD74/TAP1/ABAT/SLC25A22/DOC2B/TNF/ANO1/TAP2/SLC7A11/ABCB1/PIM3/ARL6IP5/HLA-DRB1/SOX4/EDN1/ADRA2A/SYT7/ADCY5/SLC15A3/FOXO1/NTRK2/STX4/SLC38A5/ABCC5/SLC8B1/PAX8/AQP3/CHRM3/NOS2/SLC16A10/CPLX1/ADORA1/AQP1/TFR2/ABCA13/SFRP1/EDN3/IL1B/FOLR1/SLC9B2/GPR27
GO:0001959,regulation of cytokine-mediated signaling pathway,25/1244,0.004045344653184,25,CD74/TNFAIP3/IRAK2/CSF1/SH2B3/IKBKE/OAS3/CAV1/PARP14/EDN1/OAS1/SPPL2A/NLRC5/TRAF2/ULK1/CYLD/IL1R2/SPHK1/TRAIP/PALM3/ISG15/APOA1/CASP1/IL7/CCDC3
GO:0002686,negative regulation of leukocyte migration,11/1244,0.0041267028416605,11,ADTRP/PTGER4/DUSP1/IL27RA/CCL2/C5/GCSAM/APOD/ADORA1/EMILIN1/KLRK1
GO:0050691,regulation of defense response to virus by host,11/1244,0.0041267028416605,11,TNFAIP3/ZC3H12A/IL23A/RIGI/TRIM22/CGAS/IFNLR1/ZDHHC1/APOBEC3G/IL15/IL1B
GO:2000402,negative regulation of lymphocyte migration,6/1244,0.0041384547396187,6,ADTRP/IL27RA/CCL2/GCSAM/APOD/KLRK1
GO:0051896,regulation of phosphatidylinositol 3-kinase/protein kinase B signal transduction,28/1244,0.0043851376371208,28,ADAM8/CX3CL1/SH2B3/TNF/PHLDA3/AKR1C3/MFHAS1/PTPRJ/RRAS/AKR1C2/ARRB2/F3/XDH/PDGFB/PIK3IP1/NTRK2/BTN2A2/TGFBR1/HIP1/FGF2/F2R/GCNT2/PIK3CD/CAVIN3/PDGFC/LTK/RAPGEF3/RASD2
GO:1903169,regulation of calcium ion transmembrane transport,22/1244,0.0043996117588282,22,ATP1B1/CX3CL1/CORO1A/CEMIP/CXCL11/CAV1/PML/G6PD/ADRA2A/DRD1/PDE4D/LYN/UBASH3B/SESTD1/CACNB1/JSRP1/F2R/CABP1/GSTM2/CRACR2A/DMD/AKAP5
GO:0019226,transmission of nerve impulse,10/1244,0.0045219323714876,10,TYMP/ITGA2/PLEC/NTRK2/DRD1/CACNG8/KCNMB4/KCNA2/NRCAM/CNTNAP1
GO:0060688,regulation of morphogenesis of a branching structure,10/1244,0.0045219323714876,10,TACSTD2/TNF/CTNNB1/NTN4/VEGFA/SHH/PAX8/SOX8/SFRP1/SIX4
GO:0055088,lipid homeostasis,25/1244,0.0045219323714876,25,ACOX1/DGAT2/CAV1/HDAC9/AKR1C1/ITGB6/NPC1/RBP1/PNPLA3/PLA2G12B/ABCG1/MLXIPL/GRAMD1B/ABHD4/TLCD1/ACOX2/ACSM3/LPL/EPHX2/ZBTB20/APOA1/ANGPTL4/ADORA1/GCKR/SOAT1
GO:0042130,negative regulation of T cell proliferation,12/1244,0.004543812084388,12,SDC4/TNFRSF21/TNFRSF14/HLA-DRB1/LGALS9/SHH/CEBPB/BTN2A2/IL4I1/PLA2G2A/LGALS9B/LGALS9C
GO:0090497,mesenchymal cell migration,12/1244,0.004543812084388,12,LAMA5/SEMA4B/SEMA4C/EDN1/SEMA3C/SHH/SEMA7A/SOX8/FGF19/EDN3/SEMA4A/FOLR1
GO:0001990,regulation of systemic arterial blood pressure by hormone,8/1244,0.0045457928308024,8,ECE1/OXTR/NOX1/EDN1/REN/F2R/EDN3/EDN2
GO:0010743,regulation of macrophage derived foam cell differentiation,8/1244,0.0045457928308024,8,NFKBIA/ITGAV/CSF1/NFKB1/ABCG1/CSF2/LPL/PLA2G2A
GO:0051894,positive regulation of focal adhesion assembly,8/1244,0.0045457928308024,8,SDC4/SMAD3/PTPRJ/MAP4K4/WNT4/COL16A1/VEGFA/SFRP1
GO:0070741,response to interleukin-6,8/1244,0.0045457928308024,8,SBNO2/IL6ST/STAT3/NFKB1/JAK1/PCK1/IL6R/CITED1
GO:0071230,cellular response to amino acid stimulus,16/1244,0.0045531509929737,16,TNF/ASS1/GCLC/HMGCS2/GCLM/SLC7A5/COL16A1/NTRK2/COL6A1/BCL2L2/PNPLA3/CEBPB/CASTOR3P/COL1A1/PDGFC/CASTOR1
GO:0019216,regulation of lipid metabolic process,41/1244,0.0046432566663728,41,CD74/C3/TNF/BMP2/AKR1C3/RNF213/NFKB1/CAV1/PDGFB/PIK3IP1/WNT4/ADRA2A/SEC14L2/SERPINA3/PCK1/ID2/CCN1/SORBS1/LACTB/ABCG1/MLXIPL/PLPP1/FGF2/FABP5/RORC/CIDEC/SPHK1/EPHX2/FGF19/ZBTB20/PROX1/EEF1A2/BMP6/APOA1/DKK3/APOD/ADORA1/IL1B/APOBEC1/AGAP2/CCDC3
GO:0010712,regulation of collagen metabolic process,9/1244,0.0046560145866093,9,ITGA2/CREB3L1/WNT4/MYB/SERPINB7/F2R/CIITA/RGCC/EMILIN1
GO:0010742,macrophage derived foam cell differentiation,9/1244,0.0046560145866093,9,NFKBIA/ITGAV/CSF1/NFKB1/ABCG1/CSF2/LPL/PLA2G2A/SOAT1
GO:0042119,neutrophil activation,9/1244,0.0046560145866093,9,CXCL8/PTAFR/TNF/ITGAM/SCNN1B/PREX1/PLA2G2A/CXCL6/IL15
GO:0061081,positive regulation of myeloid leukocyte cytokine production involved in immune response,9/1244,0.0046560145866093,9,CD74/TICAM1/RIGI/TLR4/GPRC5B/SEMA7A/PANX1/TLR3/SPON2
GO:0043549,regulation of kinase activity,67/1244,0.0046560145866093,67,CD74/ADAM8/ATP2B4/CSF1/TNFRSF10B/MRNIP/TNF/BMP2/TNFSF15/CEMIP/TNFRSF11A/DOK7/PTPRJ/TCIM/CAV1/PDGFB/DUSP16/PIK3IP1/IL23A/HLA-DRB1/DKK1/CLU/NEDD9/EDN1/ADRA2A/GADD45A/WWTR1/CCN1/VEGFA/NTRK2/NLRC5/CDKN2B/TRAF2/LYN/TLR4/GPRC5B/RGS2/ERN1/IL34/UBASH3B/CDKN3/CD40/FGF2/DUSP1/TRIB2/MMD/EFNA1/CAMKK1/DUSP10/MT3/PROX1/EEF1A2/IL6R/TLR3/ADRA2B/PRLR/UCHL1/PDGFC/LTK/RGCC/EDN3/GCKR/DEPTOR/FGF18/IL1B/TLR6/AGAP2
GO:0042102,positive regulation of T cell proliferation,15/1244,0.004676471867187,15,HLA-A/ICOSLG/IL6ST/CORO1A/NCK1/IL23A/CD70/LGALS9/TFRC/SHH/IGFBP2/TNFSF9/IL15/IL1B/CD1D
GO:0032945,negative regulation of mononuclear cell proliferation,13/1244,0.0046812788204385,13,SDC4/TNFRSF21/TNFRSF14/HLA-DRB1/LGALS9/LYN/SHH/CEBPB/BTN2A2/IL4I1/PLA2G2A/LGALS9B/LGALS9C
GO:0050672,negative regulation of lymphocyte proliferation,13/1244,0.0046812788204385,13,SDC4/TNFRSF21/TNFRSF14/HLA-DRB1/LGALS9/LYN/SHH/CEBPB/BTN2A2/IL4I1/PLA2G2A/LGALS9B/LGALS9C
GO:0014074,response to purine-containing compound,21/1244,0.0047537472617879,21,DUOX2/PTAFR/ZFP36L1/ASS1/RAP1B/HMGCS2/PCK1/DUOX1/FOS/REN/PANX1/PER1/COL1A1/GSTM2/CITED1/ADORA1/AQP1/RYR3/RYR1/IL1B/RAPGEF3
GO:0001649,osteoblast differentiation,31/1244,0.0048076510015674,31,SMAD3/IGFBP3/IL6ST/TNF/JUNB/CTNNB1/BMP2/FOSL2/CREB3L1/WNT4/WWTR1/CCN1/COL6A1/TMT1A/SHH/SMAD6/TP53INP2/SEMA7A/CEBPB/ACHE/CEBPD/MAPK11/FGF2/ID4/SOX8/COL1A1/BMP6/IL6R/CITED1/SFRP1/SMOC1
GO:0032479,regulation of type I interferon production,22/1244,0.0048619091305542,22,RELB/IRF1/IKBKE/TRAF3/OAS3/TICAM1/RIGI/OAS1/CGAS/TANK/TLR4/TLR2/CYLD/IFIH1/NMI/XAF1/TRAIP/ZBTB20/ISG15/TLR3/POLR3G/CD14
GO:0032606,type I interferon production,22/1244,0.0048619091305542,22,RELB/IRF1/IKBKE/TRAF3/OAS3/TICAM1/RIGI/OAS1/CGAS/TANK/TLR4/TLR2/CYLD/IFIH1/NMI/XAF1/TRAIP/ZBTB20/ISG15/TLR3/POLR3G/CD14
GO:0061448,connective tissue development,35/1244,0.004880315698897,35,SMAD3/CSF1/CFLAR/ITGB8/CTNNB1/BMP2/FOSL2/DGAT2/RFLNA/HMGCS2/SNORC/PDGFB/EDN1/CREB3L2/ZNF664-RFLNA/CCN1/SELENOM/TGFBR1/SERPINB7/FGF2/BARX2/NFATC2/ID4/RORC/SLC26A2/SOX8/LPL/COL1A1/BMP6/IL6R/WNT7A/COL5A1/COL11A2/OSR1/FGF18
GO:0010595,positive regulation of endothelial cell migration,19/1244,0.0049709977283782,19,STAT5A/ETS1/RRAS/BCAR1/ZC3H12A/JCAD/HDAC9/PDGFB/EDN1/SMOC2/PLK2/VEGFA/CD40/FGF2/PIK3CD/PROX1/PLPP3/WNT7A/FGF18
GO:1904019,epithelial cell apoptotic process,19/1244,0.0049709977283782,19,TNFAIP3/ICAM1/CFLAR/SAV1/ZFP36L1/TNF/AKR1C3/NPC1/BID/NFKBIZ/PLA2R1/CD40/CCL2/E2F2/ANGPTL4/NUPR1/TERT/RGCC/BTC
GO:0043542,endothelial cell migration,32/1244,0.0050588795673889,32,ATP2B4/STAT5A/TNF/ETS1/RRAS/BCAR1/ZC3H12A/S100P/JCAD/HDAC9/PDGFB/EDN1/SMOC2/GADD45A/PLK2/VEGFA/ADTRP/TGFBR1/CD40/FGF2/EFNA1/PIK3CD/PROX1/APOA1/PLPP3/EGR3/WNT7A/ADAMTS9/RGCC/FGF18/EDN2/SEMA4A
GO:0050769,positive regulation of neurogenesis,32/1244,0.0050588795673889,32,CX3CL1/L1CAM/PLXNB2/IL6ST/TNF/CTNNB1/BMP2/TGM2/NEFL/SLC7A5/ID2/VEGFA/NTRK2/TNFRSF1B/LYN/HAPLN3/SHH/MYB/METRN/TLR2/SEMA7A/IL34/FGF2/ZNF488/ID4/CLCF1/SHANK3/SOX8/TIAM2/IL1B/NTN1/CAMK2B
GO:0002886,regulation of myeloid leukocyte mediated immunity,11/1244,0.005073309691046,11,PTAFR/C3/TICAM1/IL4R/LGALS9/ITGAM/RIGI/STX4/LYN/RAC2/CXCL6
GO:0042509,regulation of tyrosine phosphorylation of STAT protein,11/1244,0.005073309691046,11,IL6ST/TNF/CAV1/PARP14/IL23A/LYN/CD40/CSF2/CLCF1/IL6R/IL15
GO:0042743,hydrogen peroxide metabolic process,11/1244,0.005073309691046,11,DUOX2/DUOXA2/NOXO1/DUOXA1/ACOX1/NOX1/DUOX1/RAC2/CYP1A1/GPX3/MT3
GO:0048660,regulation of smooth muscle cell proliferation,20/1244,0.0051822676867687,20,TNFAIP3/PTAFR/CX3CL1/ITGA2/IGFBP3/TNF/CTNNB1/BMP2/TPM1/PDGFB/NOX1/EDN1/ID2/TLR4/MYB/ERN1/FGF2/IL6R/APOD/TERT
GO:0009913,epidermal cell differentiation,28/1244,0.0051985247400134,28,TRIM16/KRT7/CFLAR/PLEC/SAV1/ZFP36L1/CTNNB1/AKR1C3/CLIC4/FOSL2/MAFF/FA2H/MAFG/NFKBIZ/ETV4/PLAAT4/KLK5/FGF2/ZBED2/AQP3/HRNR/LIPM/KRT6B/FLG/SLITRK6/CYP26B1/CDH23/STRC
GO:0050806,positive regulation of synaptic transmission,21/1244,0.0053487794559473,21,SQSTM1/PRKCG/TNF/OXTR/NMU/ARRB2/CALB2/SYT12/PLK2/KCTD13/NTRK2/DRD1/STX4/CACNG8/SHANK3/CCL2/SYT1/NFATC4/CA7/ADORA1/AKAP5
GO:0030225,macrophage differentiation,12/1244,0.00547035773902,12,CSF1/FOSL2/ZBTB46/HLA-DRB1/ID2/VEGFA/TSPAN2/TLR4/TLR2/IL34/CSF2/IL15
GO:0030239,myofibril assembly,12/1244,0.00547035773902,12,CFLAR/PLEC/TPM1/OBSCN/EDN1/TMOD2/PROX1/TNNT2/TMOD1/CSRP2/SIX4/NEB
GO:0045444,fat cell differentiation,32/1244,0.0055111327242689,32,LAMB3/SMAD3/SAV1/ZFP36L1/TNF/BMP2/ERO1A/FOSL2/ZC3H12A/TFE3/WWTR1/ID2/FOXO1/ERAP1/RETREG1/PNPLA3/SMAD6/RGS2/CEBPB/ALDH6A1/CEBPD/TRIB2/ID4/RORC/SOX8/DUSP10/LPL/SLC2A4/TGFB1I1/LMO3/SFRP1/CCDC3
GO:0015732,prostaglandin transport,7/1244,0.0055791087094777,7,TNFRSF11A/SLCO3A1/PTGES/EDN1/SLCO2A1/NOS2/IL1B
GO:0061687,detoxification of inorganic compound,7/1244,0.0055791087094777,7,MT1E/MT1G/MT2A/MT1A/MT1X/MT3/SLC39A8
GO:0071636,positive regulation of transforming growth factor beta production,7/1244,0.0055791087094777,7,ADAM8/CX3CL1/SMAD3/LGALS9/MYB/SERPINB7/TNXB
GO:0060562,epithelial tube morphogenesis,40/1244,0.0055791087094777,40,SDC4/SMAD3/RNF207/TACSTD2/CSF1/PLXNB2/TNF/CTNNB1/BMP2/MMP14/CLIC4/LAMA5/SEMA4C/PML/EDN1/WNT4/VEGFA/PRKACB/SHH/WNK4/FGF2/PAX8/SOX8/PIK3CD/VANGL2/NFATC4/PROX1/CELSR1/GRHL3/LIAS/CITED1/LAMA1/SFRP1/DCHS1/SIX4/OSR1/FOLR1/NTN1/SOSTDC1/MTSS1
GO:0070664,negative regulation of leukocyte proliferation,14/1244,0.0055846289595818,14,TNFAIP3/SDC4/TNFRSF21/TNFRSF14/HLA-DRB1/LGALS9/LYN/SHH/CEBPB/BTN2A2/IL4I1/PLA2G2A/LGALS9B/LGALS9C
GO:0019724,B cell mediated immunity,19/1244,0.0056009916454546,19,CD74/BCL3/C3/TNF/IL4R/CLU/CD70/TFRC/NFKBIZ/MSH2/PARP3/CD40/IL27RA/C4BPB/SVEP1/CLCF1/C5/APLF/SUSD4
GO:0071604,transforming growth factor beta production,10/1244,0.0056009916454546,10,ITGAV/ADAM8/CX3CL1/SMAD3/ITGB8/ITGB6/LGALS9/MYB/SERPINB7/TNXB
GO:0071634,regulation of transforming growth factor beta production,10/1244,0.0056009916454546,10,ITGAV/ADAM8/CX3CL1/SMAD3/ITGB8/ITGB6/LGALS9/MYB/SERPINB7/TNXB
GO:0140353,lipid export from cell,10/1244,0.0056009916454546,10,TNFRSF11A/PTGES/EDN1/SELENOM/REN/MYB/WNK4/BMP6/NOS2/IL1B
GO:0141060,disruption of anatomical structure in another organism,10/1244,0.0056009916454546,10,NINJ1/HMGN2/APOL1/GBP2/GBP1/SCNN1B/C5/NOS2/PLA2G2A/CXCL6
GO:2001233,regulation of apoptotic signaling pathway,50/1244,0.0056070745907295,50,CD74/LTB/TNFAIP3/ITGAV/CX3CL1/ICAM1/IFI6/CFLAR/VNN1/TNF/CTNNB1/CTSS/IER3/TNFSF10/NCK1/GCLC/CREB3L1/CAV1/BBC3/PML/CLU/NOX1/GCLM/FAIM2/WNT4/BID/ATF3/GRINA/BCL2L2/PMAIP1/STX4/TRAF2/TLR4/SGMS1/CYLD/TGFBR1/CSF2/BDKRB2/NFATC4/CTH/TMC8/LCK/TRAF1/NUPR1/TERT/SFRP1/IL7/DEPTOR/IL1B/TLR6
GO:0045807,positive regulation of endocytosis,20/1244,0.0058288865320767,20,IL2RG/C3/ITGA2/B2M/TNF/CD47/PTPRJ/ARRB2/CLU/VEGFA/HIP1/CCL2/IL15RA/APOA1/SYNE1/TFR2/ABCA13/CD14/IL15/IL1B
GO:0007369,gastrulation,26/1244,0.0059280927862711,26,LAMA3/ITGAV/LAMB3/SMAD3/PHLDB2/DUSP5/ITGA2/ITGA3/CTNNB1/MMP14/TXNRD1/DKK1/FZD7/COL6A1/KDM6B/COL7A1/DUSP1/POU5F1/COL12A1/APOA1/PLPP3/DUSP2/COL5A1/SFRP1/OSR1/CRB2
GO:0061572,actin filament bundle organization,26/1244,0.0059280927862711,26,SDC4/CX3CL1/SMAD3/PHLDB2/TACSTD2/CD47/TPM1/RFLNA/SYNPO/NEDD9/WNT4/FAM171A1/ZNF664-RFLNA/KCTD13/SORBS1/TGFBR1/PTGER4/BAIAP2L2/SHANK3/LIMD2/APOA1/CGNL1/SFRP1/RGCC/RAPGEF3/MTSS1
GO:0006882,intracellular zinc ion homeostasis,9/1244,0.0059854659762621,9,MT1E/MT1G/MT2A/MT1A/MT1X/MT3/TMC8/LCK/SLC39A8
GO:0032735,positive regulation of interleukin-12 production,9/1244,0.0059854659762621,9,LTB/IRF1/IL23A/LGALS9/TLR4/TLR2/CD40/MAPK11/TLR3
GO:0045622,regulation of T-helper cell differentiation,9/1244,0.0059854659762621,9,JUNB/ZC3H12A/IL23A/HLA-DRB1/IL4R/HLA-DRA/NFKBIZ/ASCL2/LOXL3
GO:0070670,response to interleukin-4,9/1244,0.0059854659762621,9,IL2RG/STAT5A/CORO1A/PARP14/PML/IL4R/JAK1/MCM2/CITED1
GO:0090077,foam cell differentiation,9/1244,0.0059854659762621,9,NFKBIA/ITGAV/CSF1/NFKB1/ABCG1/CSF2/LPL/PLA2G2A/SOAT1
GO:2000351,regulation of endothelial cell apoptotic process,9/1244,0.0059854659762621,9,TNFAIP3/ICAM1/TNF/AKR1C3/CD40/CCL2/ANGPTL4/TERT/RGCC
GO:0002495,antigen processing and presentation of peptide antigen via MHC class II,8/1244,0.0060209774099595,8,CD74/CTSE/B2M/CTSS/HLA-DRB1/HLA-DRA/IFI30/HLA-DRB5
GO:0002920,regulation of humoral immune response,8/1244,0.0060209774099595,8,C3/TNF/KLK7/KLK5/C4BPB/SVEP1/IL1B/SUSD4
GO:0008207,C21-steroid hormone metabolic process,8/1244,0.0060209774099595,8,BMP2/AKR1C3/AKR1C2/AKR1C1/WNT4/SCNN1B/BMP6/DKK3
GO:0045577,regulation of B cell differentiation,8/1244,0.0060209774099595,8,IL2RG/ZFP36L1/NFAM1/MMP14/ID2/IL4I1/SFRP1/IL7
GO:1900745,positive regulation of p38MAPK cascade,8/1244,0.0060209774099595,8,BMP2/MFHAS1/ZC3H12A/XDH/GADD45A/VEGFA/SPHK1/IL1B
GO:0070302,regulation of stress-activated protein kinase signaling cascade,28/1244,0.0061778246386698,28,TNF/BMP2/MFHAS1/ZC3H12A/ARL6IP5/MAP4K4/SEMA4C/XDH/DUSP16/NOX1/GADD45A/FZD7/FOXO1/VEGFA/TRAF2/LYN/TLR4/CYLD/PER1/DUSP1/DUSP10/SPHK1/FGF19/TLR3/TNFRSF19/EDAR/WNT7A/IL1B
GO:0002532,production of molecular mediator involved in inflammatory response,15/1244,0.006273377679157,15,STAT3/TNF/TICAM1/ZC3H12A/IL4R/LYN/TLR4/PER1/IL1R2/DUSP10/NOS2/TLR3/APOD/GPSM3/TLR6
GO:0051591,response to cAMP,15/1244,0.006273377679157,15,DUOX2/PTAFR/ZFP36L1/ASS1/RAP1B/HMGCS2/PCK1/DUOX1/FOS/REN/PER1/COL1A1/CITED1/AQP1/RAPGEF3
GO:0002476,antigen processing and presentation of endogenous peptide antigen via MHC class Ib,6/1244,0.006273377679157,6,HLA-B/HLA-F/HLA-A/HLA-C/HLA-H/TAP2
GO:0002484,antigen processing and presentation of endogenous peptide antigen via MHC class I via ER pathway,6/1244,0.006273377679157,6,HLA-B/HLA-F/HLA-A/HLA-C/HLA-H/TAP2
GO:0002716,negative regulation of natural killer cell mediated immunity,6/1244,0.006273377679157,6,HLA-B/HLA-F/HLA-A/ARRB2/LGALS9/SERPINB9
GO:0010958,regulation of amino acid import across plasma membrane,6/1244,0.006273377679157,6,TNF/ARL6IP5/SLC43A2/SLC7A5/SLC43A1/RGS2
GO:0045953,negative regulation of natural killer cell mediated cytotoxicity,6/1244,0.006273377679157,6,HLA-B/HLA-F/HLA-A/ARRB2/LGALS9/SERPINB9
GO:0060749,mammary gland alveolus development,6/1244,0.006273377679157,6,TGFA/TNFRSF11A/ID2/VEGFA/PRLR/SOCS2
GO:0061377,mammary gland lobule development,6/1244,0.006273377679157,6,TGFA/TNFRSF11A/ID2/VEGFA/PRLR/SOCS2
GO:0072202,cell differentiation involved in metanephros development,6/1244,0.006273377679157,6,CTNNB1/PDGFB/WNT4/WWTR1/PAX8/OSR1
GO:1903789,regulation of amino acid transmembrane transport,6/1244,0.006273377679157,6,TNF/ARL6IP5/SLC43A2/SLC7A5/SLC43A1/RGS2
GO:0010594,regulation of endothelial cell migration,26/1244,0.0064123207531437,26,ATP2B4/STAT5A/TNF/ETS1/RRAS/BCAR1/ZC3H12A/JCAD/HDAC9/PDGFB/EDN1/SMOC2/GADD45A/PLK2/VEGFA/CD40/FGF2/EFNA1/PIK3CD/PROX1/PLPP3/WNT7A/ADAMTS9/RGCC/FGF18/SEMA4A
GO:1903707,negative regulation of hemopoiesis,17/1244,0.0064222031649736,17,CD74/IRF1/CTNNB1/ZBTB46/GPR137/ZC3H12A/IL4R/ID2/ASCL2/LYN/TLR4/SHH/UBASH3B/TNFRSF11B/TLR3/LOXL3/SFRP1
GO:0048661,positive regulation of smooth muscle cell proliferation,14/1244,0.0064224059057412,14,PTAFR/CX3CL1/ITGA2/TNF/PDGFB/NOX1/EDN1/ID2/TLR4/MYB/ERN1/FGF2/IL6R/TERT
GO:0002712,regulation of B cell mediated immunity,12/1244,0.0064224059057412,12,C3/TNF/TFRC/MSH2/PARP3/CD40/IL27RA/C4BPB/SVEP1/CLCF1/APLF/SUSD4
GO:0002889,regulation of immunoglobulin mediated immune response,12/1244,0.0064224059057412,12,C3/TNF/TFRC/MSH2/PARP3/CD40/IL27RA/C4BPB/SVEP1/CLCF1/APLF/SUSD4
GO:0007631,feeding behavior,12/1244,0.0064224059057412,12,STAT3/OXTR/NMU/FOS/NTRK2/DRD1/REN/RXFP4/NMUR2/UCHL1/PMCH/DACH1
GO:1903532,positive regulation of secretion by cell,35/1244,0.0064714861651077,35,ADAM8/SDC4/TMEM132A/PTAFR/HLA-F/ABAT/DOC2B/ANO1/BMP2/OXTR/TNFRSF11A/PTGES/KCNN4/HLA-DRB1/SOX4/IL4R/EDN1/ITGAM/SYT7/STX4/TLR4/MYB/ABCG1/TLR2/ACHE/RAB15/SYT1/CADPS2/CHRM3/BMP6/TFR2/RGCC/EDN3/IL1B/GPR27
GO:0014823,response to activity,13/1244,0.0064714861651077,13,ITGA2/TNF/GCLC/GCLM/SLC7A5/EDN1/PCK1/FOS/KDM6B/SCO2/KL/BMP6/NFATC1
GO:0046637,regulation of alpha-beta T cell differentiation,13/1244,0.0064714861651077,13,IL2RG/JUNB/ZC3H12A/IL23A/HLA-DRB1/IL4R/HLA-DRA/LGALS9/NFKBIZ/ASCL2/SHH/CD83/LOXL3
GO:0060760,positive regulation of response to cytokine stimulus,13/1244,0.0064714861651077,13,CD74/CSF1/IKBKE/PARP14/EDN1/RIGI/NLRC5/TRAF2/TLR4/TLR2/IFIH1/CASP1/IL7
GO:0045859,regulation of protein kinase activity,59/1244,0.0064714861651077,59,ADAM8/ATP2B4/CSF1/TNFRSF10B/MRNIP/TNF/BMP2/TNFSF15/CEMIP/TNFRSF11A/DOK7/PTPRJ/TCIM/CAV1/PDGFB/DUSP16/IL23A/DKK1/CLU/NEDD9/EDN1/ADRA2A/GADD45A/WWTR1/CCN1/VEGFA/CDKN2B/TRAF2/LYN/TLR4/GPRC5B/RGS2/ERN1/IL34/UBASH3B/CDKN3/CD40/FGF2/DUSP1/TRIB2/MMD/EFNA1/CAMKK1/DUSP10/MT3/PROX1/IL6R/TLR3/ADRA2B/PRLR/UCHL1/PDGFC/RGCC/EDN3/DEPTOR/FGF18/IL1B/TLR6/AGAP2
GO:0055001,muscle cell development,23/1244,0.0065775117906474,23,CFLAR/PLEC/TPM1/HDAC9/OBSCN/G6PD/EDN1/VEGFA/CAV2/RGS2/NFATC2/TMOD2/NFATC4/PROX1/TNNT2/TMOD1/UCHL1/CSRP2/DMD/CNTNAP1/SIX4/RYR1/NEB
GO:0032731,positive regulation of interleukin-1 beta production,10/1244,0.0069064238691718,10,SMAD3/TRIM16/STAT3/TNF/LGALS9/TLR4/PANX1/LPL/CASP1/TLR6
GO:0071548,response to dexamethasone,10/1244,0.0069064238691718,10,PTAFR/CFLAR/GJB2/ASS1/EDN1/PCK1/CLDN1/FECH/FBXO32/AQP1
GO:0007169,transmembrane receptor protein tyrosine kinase signaling pathway,65/1244,0.0069774068313155,65,STAT5A/CSF1/IGFBP3/IFI6/SH2B3/STAT3/CTNNB1/BMP2/AGR2/ZFAND5/TGFA/NCK1/PTPRJ/BCAR1/IGFBP4/CREB3L1/RHBDF2/JCAD/F3/XDH/PDGFB/NEDD9/WNT4/SMOC2/JAK1/FOXO1/VEGFA/CAV2/NTRK2/SORBS1/RPE65/LYN/GRB10/ARHGEF28/IGFBP2/HIP1/UBASH3B/KL/FGF2/EPHB3/SH3TC2/SVEP1/EFNA1/GAREM1/BDKRB2/COL1A1/PIK3CD/FGF19/NFATC4/MT3/VAV1/SLC2A4/SAMD10/LCK/PRLR/TNXB/PDGFC/APOD/LTK/FGF18/EMILIN1/IL1B/BTC/SOCS2/MTSS1
GO:1903305,regulation of regulated secretory pathway,19/1244,0.0070428168121831,19,PTAFR/HLA-F/PRKCG/DOC2B/RAP1B/IL4R/LGALS9/ITGAM/ADRA2A/SYT7/SYT12/STX4/LYN/RAC2/RAB15/SYT1/SV2B/WNT7A/SYT8
GO:0015833,peptide transport,33/1244,0.0071062528847454,33,CD74/TAP1/ABAT/SLC25A22/DOC2B/TNF/ANO1/TAP2/SLC7A11/PIM3/HLA-DRB1/SOX4/EDN1/ADRA2A/SYT7/ADCY5/SLC15A3/FOXO1/STX4/SLC8B1/PAX8/CHRM3/NOS2/SLC16A10/CPLX1/ADORA1/AQP1/TFR2/SFRP1/EDN3/IL1B/SLC9B2/GPR27
GO:0050708,regulation of protein secretion,33/1244,0.0071062528847454,33,ADAM8/TMEM132A/ABAT/SLC25A22/DOC2B/TNF/ANO1/LLGL2/PIM3/RHBDF2/KCNN4/HLA-DRB1/SOX4/ADRA2A/SYT7/ADCY5/FOXO1/STX4/TLR4/ADTRP/SLC8B1/ABCG1/TLR2/ACHE/F2R/CHRM3/BMP6/NOS2/SAA1/SFRP1/IL1B/SLC9B2/GPR27
GO:0019932,second-messenger-mediated signaling,31/1244,0.0071293432250463,31,CXCL8/CCL20/ATP1B1/ATP2B4/TNF/PTPRJ/EDN1/VEGFA/CGAS/PDE4D/PDE10A/NFATC2/NMUR2/SPHK1/GBP1/GSTM2/ACKR4/NFATC4/CHRM3/NOS2/RCAN2/NFATC1/DMD/AQP1/AKAP5/CHP2/HOMER3/ADGRB2/EDN2/RAPGEF3/RASD2
GO:0098773,skin epidermis development,20/1244,0.0072144737025287,20,PLEC/SAV1/TNF/CTNNB1/LAMA5/FA2H/DKK1/NFKBIZ/CLDN1/SHH/WNT10A/HRNR/CYSRT1/FLG2/FLG/GRHL3/TNFRSF19/EDAR/CYP26B1/SOSTDC1
GO:0006720,isoprenoid metabolic process,21/1244,0.0073141068669806,21,SDR16C5/AKR1C3/DGAT2/HMGCS2/AKR1C1/DHRS3/RBP1/UGT1A7/UGT1A3/UGT1A9/RPE65/AKR1B15/RDH5/ADH1C/AKR1B10/CYP1A1/CYP3A4/LIPE/BCO1/CYP26B1/CYP2W1
GO:0098754,detoxification,21/1244,0.0073141068669806,21,DUOX2/GPX2/MT1E/GPX4/TXNRD1/ABCB1/PTGES/MT1G/MT2A/SRXN1/DUOX1/GCH1/SOD3/MT1A/AKR1B10/MT1X/GSTM2/GPX3/MT3/SLC39A8/GSTA1
GO:0007565,female pregnancy,23/1244,0.0073203852888286,23,ITGA2/JUNB/ITGA3/GJB2/OXTR/HSPG2/LGALS9/WNT4/COL16A1/ADRA2A/TPPP3/VEGFA/FOS/RGS2/IGFBP2/APOL2/ARHGDIB/TLE6/TEAD4/ADRA2B/PRLR/APLF/IL1B
GO:0050808,synapse organization,48/1244,0.0074689007729844,48,CX3CL1/C3/L1CAM/PLXNB2/TNF/ITGA3/CTNNB1/SNCG/LAMA5/UNC13A/OXTR/SLC7A11/DOK7/RAP1B/HMCN2/SYNPO/NEFL/DKK1/NEDD9/ITGAM/THBS2/NTRK2/DRD1/TLR2/AMIGO2/ACHE/EPHB3/EFNA1/CACNB1/SHANK3/F2R/PPFIA3/CBLN3/NFATC4/SPOCK2/DOCK10/CTTNBP2/SLITRK6/TANC2/NRCAM/WNT7A/ELFN1/CNTNAP1/SIX4/LRRC4/SEMA4A/NTN1/CAMK2B
GO:0006693,prostaglandin metabolic process,11/1244,0.0074724989608802,11,CD74/ACOX1/AKR1C3/AKR1C2/PTGES/AKR1C1/EDN1/FABP5/GSTA1/IL1B/EDN2
GO:0019748,secondary metabolic process,11/1244,0.0074724989608802,11,AKR1C3/SLC7A11/AKR1C2/AKR1C1/UGT1A7/AKR1B10/CYP1A1/CYP3A4/CITED1/CYP2W1/PMEL
GO:0030195,negative regulation of blood coagulation,9/1244,0.0075307632217989,9,SH2B3/PLAU/PDGFB/EDN1/TFPI/ADTRP/UBASH3B/SERPINB2/PROS1
GO:0045058,T cell selection,9/1244,0.0075307632217989,9,CD74/STAT3/IL23A/JAK1/SHH/IL6R/LOXL3/IL15/CD1D
GO:0048713,regulation of oligodendrocyte differentiation,9/1244,0.0075307632217989,9,TNFRSF21/CTNNB1/TNFRSF1B/SHH/TLR2/IL34/ZNF488/ID4/DUSP10
GO:1900047,negative regulation of hemostasis,9/1244,0.0075307632217989,9,SH2B3/PLAU/PDGFB/EDN1/TFPI/ADTRP/UBASH3B/SERPINB2/PROS1
GO:0071676,negative regulation of mononuclear cell migration,7/1244,0.0075880066807454,7,ADTRP/DUSP1/IL27RA/CCL2/GCSAM/APOD/KLRK1
GO:0097205,renal filtration,7/1244,0.0075880066807454,7,ITGA3/KIRREL1/PDGFB/F2R/TMEM63C/ADORA1/AQP1
GO:1902547,regulation of cellular response to vascular endothelial growth factor stimulus,7/1244,0.0075880066807454,7,ATP2B4/JCAD/XDH/SMOC2/VEGFA/TNXB/EMILIN1
GO:0007044,cell-substrate junction assembly,18/1244,0.007615404654981,18,LAMA3/SDC4/SMAD3/PHLDB2/ITGA2/PLEC/MMP14/DST/LAMC1/PTPRJ/MAP4K4/AJUBA/WNT4/COL16A1/VEGFA/SORBS1/APOD/SFRP1
GO:0031032,actomyosin structure organization,29/1244,0.0076204025095997,29,SDC4/SMAD3/PHLDB2/TACSTD2/CFLAR/PLEC/CD47/TPM1/OBSCN/EDN1/IQGAP2/WNT4/FAM171A1/KCTD13/SORBS1/TGFBR1/PTGER4/TMOD2/PROX1/TNNT2/APOA1/TMOD1/CGNL1/CSRP2/SFRP1/RGCC/SIX4/NEB/RAPGEF3
GO:0032890,regulation of organic acid transport,13/1244,0.0076304281742861,13,ABAT/TNF/TNFRSF11A/ARL6IP5/PTGES/SLC43A2/SLC7A5/EDN1/PLA2R1/SLC43A1/RGS2/ADORA1/IL1B
GO:0043903,regulation of biological process involved in symbiotic interaction,12/1244,0.0076304281742861,12,CD74/ITGAV/CXCL8/TMPRSS2/TRIM31/CAV1/HLA-DRB1/LGALS9/TRIM22/CIITA/CXCL6/MID2
GO:0055002,striated muscle cell development,12/1244,0.0076304281742861,12,CFLAR/PLEC/TPM1/OBSCN/EDN1/TMOD2/PROX1/TNNT2/TMOD1/CSRP2/SIX4/NEB
GO:0044344,cellular response to fibroblast growth factor stimulus,16/1244,0.007754238724905,16,CXCL8/ZFP36L1/CTNNB1/GCLC/CREB3L1/GCLM/WNT4/SMOC2/KL/FGF2/CCL2/COL1A1/FGF19/EGR3/SFRP1/FGF18
GO:0048709,oligodendrocyte differentiation,16/1244,0.007754238724905,16,TNFRSF21/CTNNB1/FA2H/CLU/NTRK2/TSPAN2/TNFRSF1B/LYN/SHH/TLR2/IL34/ZNF488/ID4/SOX8/DUSP10/CNTNAP1
GO:0002715,regulation of natural killer cell mediated immunity,8/1244,0.0077957677353456,8,HLA-B/HLA-F/HLA-A/ARRB2/LGALS9/SERPINB9/VAV1/KLRK1
GO:0042269,regulation of natural killer cell mediated cytotoxicity,8/1244,0.0077957677353456,8,HLA-B/HLA-F/HLA-A/ARRB2/LGALS9/SERPINB9/VAV1/KLRK1
GO:0043372,"positive regulation of CD4-positive, alpha-beta T cell differentiation",8/1244,0.0077957677353456,8,IL2RG/IL23A/HLA-DRB1/IL4R/HLA-DRA/LGALS9/NFKBIZ/CD83
GO:0001936,regulation of endothelial cell proliferation,19/1244,0.0077957677353456,19,STAT5A/STAT3/TNF/HSPG2/JCAD/CAV1/F3/XDH/PDGFB/VEGFA/CAV2/TGFBR1/FGF2/CCL2/PIK3CD/PROX1/BMP6/EGR3/RGCC
GO:0055123,digestive system development,19/1244,0.0077957677353456,19,CXCL8/SMAD3/SAV1/IL6ST/SPDEF/TNF/CTNNB1/AGR2/OXTR/ASS1/HMGCS2/ID2/SHH/EPHB3/CYP1A1/FOXL1/PDGFC/SFRP1/DCHS1
GO:0045926,negative regulation of growth,32/1244,0.0079055560992434,32,SMAD3/SAV1/MT1E/DCBLD2/SEMA4B/PTPRJ/SEMA4C/PML/MT1G/MT2A/G6PD/SERTAD2/OSGIN1/SEMA3C/BTG1/ULK1/RGS2/SEMA7A/CDHR2/MAPK11/MT1A/MT1X/DUSP10/JADE1/MT3/DCUN1D3/MAP2/WWC2/SFRP1/SEMA4A/NTN1/SOCS2
GO:0048659,smooth muscle cell proliferation,20/1244,0.0079362949845974,20,TNFAIP3/PTAFR/CX3CL1/ITGA2/IGFBP3/TNF/CTNNB1/BMP2/TPM1/PDGFB/NOX1/EDN1/ID2/TLR4/MYB/ERN1/FGF2/IL6R/APOD/TERT
GO:0051897,positive regulation of phosphatidylinositol 3-kinase/protein kinase B signal transduction,20/1244,0.0079362949845974,20,ADAM8/CX3CL1/TNF/AKR1C3/MFHAS1/PTPRJ/AKR1C2/ARRB2/F3/PDGFB/NTRK2/TGFBR1/HIP1/FGF2/F2R/GCNT2/PIK3CD/PDGFC/LTK/RASD2
GO:0070304,positive regulation of stress-activated protein kinase signaling cascade,20/1244,0.0079362949845974,20,TNF/BMP2/MFHAS1/ZC3H12A/ARL6IP5/SEMA4C/XDH/NOX1/GADD45A/FZD7/VEGFA/LYN/TLR4/SPHK1/FGF19/TLR3/TNFRSF19/EDAR/WNT7A/IL1B
GO:0019722,calcium-mediated signaling,23/1244,0.0079582928955416,23,CXCL8/CCL20/ATP1B1/ATP2B4/TNF/PTPRJ/EDN1/NFATC2/NMUR2/SPHK1/GBP1/GSTM2/ACKR4/NFATC4/CHRM3/RCAN2/NFATC1/DMD/AKAP5/CHP2/HOMER3/ADGRB2/EDN2
GO:0051147,regulation of muscle cell differentiation,21/1244,0.0080022342585888,21,BMP2/MMP14/LAMC1/BHLHE41/ARRB2/HDAC9/PDGFB/DKK1/G6PD/EDN1/FZD7/ID2/SHH/RGS2/MAPK11/NFATC2/PROX1/CTH/NFATC1/CYP26B1/LAMA1
GO:1905954,positive regulation of lipid localization,17/1244,0.0081902591823427,17,NFKBIA/C3/IKBKE/NFKB1/TNFRSF11A/ZC3H12A/PTGES/CAV1/EDN1/PLA2R1/MYB/ABCG1/LPL/BMP6/APOA1/ABCA13/IL1B
GO:0046636,negative regulation of alpha-beta T cell activation,10/1244,0.0084600122508958,10,TNFRSF14/ZC3H12A/IL4R/LGALS9/ASCL2/SHH/LOXL3/LGALS9B/DAPL1/LGALS9C
GO:0016064,immunoglobulin mediated immune response,18/1244,0.0085756664112493,18,CD74/BCL3/C3/TNF/IL4R/CLU/TFRC/NFKBIZ/MSH2/PARP3/CD40/IL27RA/C4BPB/SVEP1/CLCF1/C5/APLF/SUSD4
GO:0002275,myeloid cell activation involved in immune response,14/1244,0.0086730466869931,14,PTAFR/SBNO2/TNF/TICAM1/IL4R/LGALS9/ITGAM/STX4/LYN/RAC2/NMI/PIK3CD/SCNN1B/PTGDR
GO:1902532,negative regulation of intracellular signal transduction,65/1244,0.0087981098930244,65,CD74/TNFAIP3/TNIP1/ATP2B4/DUSP5/STMN3/OPTN/SH2B3/PHLDA3/ITGA3/CTNNB1/BMP2/PTPRJ/ZC3H12A/CREB3L1/ARRB2/CAV1/XDH/DUSP16/PIK3IP1/CLU/NPC1/AJUBA/BID/ATF3/PMEPA1/GRINA/FOXO1/KCTD13/DUSP8/BCL2L2/PRKACB/TANK/PDE4D/LYN/TLR4/NUAK1/SMAD6/RGS2/CYLD/BTN2A2/PER1/PDE10A/NMI/DUSP1/EFNA1/BDKRB2/CASTOR3P/DUSP10/CNKSR3/GBP1/PSCA/LMO3/WWC2/CAVIN3/SLC39A8/CGNL1/UCHL1/CASTOR1/DUSP2/LDLRAD4/HOMER3/DEPTOR/EMILIN1/IL1B
GO:0048638,regulation of developmental growth,36/1244,0.0088099703381675,36,STAT5A/CSF1/L1CAM/SAV1/STAT3/AGR2/FOSL2/UNC13A/SEMA4B/SEMA4C/G6PD/EDN1/GAMT/SEMA3C/VEGFA/ULK1/RGS2/SEMA7A/TGFBR1/OLFM1/MAPK11/FGF2/DUSP10/SYT1/MT3/PROX1/DIO3/MAP2/CPNE5/WWC2/NRCAM/IL7/SIX4/SEMA4A/NTN1/SOCS2
GO:0007600,sensory perception,43/1244,0.0088361851171344,43,TACSTD2/ITGA2/B2M/TNF/ANO1/NAV2/GJB2/CEMIP/AZGP1/PTGES/GJB4/LXN/MYO1A/ADRA2A/DHRS3/REEP6/RPE65/RETREG1/RDH5/FABP5/ASIC1/CCL2/F2R/COL1A1/CABP1/SCNN1B/CEACAM16/TFAP2A/DRGX/FAM161A/KCNA2/SLITRK6/KCNQ4/REEP2/ADORA1/AQP1/COL11A2/CDH23/HOXD1/STRC/TMPRSS3/TRPA1/CRB2
GO:0032872,regulation of stress-activated MAPK cascade,27/1244,0.0088399816396242,27,TNF/BMP2/MFHAS1/ZC3H12A/ARL6IP5/MAP4K4/SEMA4C/XDH/DUSP16/NOX1/GADD45A/FZD7/FOXO1/VEGFA/TRAF2/TLR4/CYLD/PER1/DUSP1/DUSP10/SPHK1/FGF19/TLR3/TNFRSF19/EDAR/WNT7A/IL1B
GO:0035148,tube formation,23/1244,0.0088399816396242,23,SDC4/PLXNB2/CTNNB1/TGM2/SEMA4C/WNT4/VEGFA/PRKACB/SHH/FGF2/PAX8/SOX8/PIK3CD/VANGL2/PROX1/CELSR1/GRHL3/LIAS/EDAR/SFRP1/SIX4/OSR1/FOLR1
GO:0006692,prostanoid metabolic process,11/1244,0.0089492844393364,11,CD74/ACOX1/AKR1C3/AKR1C2/PTGES/AKR1C1/EDN1/FABP5/GSTA1/IL1B/EDN2
GO:0022617,extracellular matrix disassembly,11/1244,0.0089492844393364,11,MMP7/ADAM8/NOXO1/KLK7/CTSS/MMP14/LAMC1/ADAMTS15/KLK5/MELTF/PRSS1
GO:0002534,cytokine production involved in inflammatory response,12/1244,0.0090715326369611,12,STAT3/TNF/TICAM1/ZC3H12A/TLR4/PER1/IL1R2/NOS2/TLR3/APOD/GPSM3/TLR6
GO:0010812,negative regulation of cell-substrate adhesion,12/1244,0.0090715326369611,12,CX3CL1/PHLDB2/TACSTD2/MMP14/MAP4K4/FZD7/ACER2/MELTF/GCNT2/COL1A1/GBP1/APOD
GO:1900015,regulation of cytokine production involved in inflammatory response,12/1244,0.0090715326369611,12,STAT3/TNF/TICAM1/ZC3H12A/TLR4/PER1/IL1R2/NOS2/TLR3/APOD/GPSM3/TLR6
GO:0001911,negative regulation of leukocyte mediated cytotoxicity,6/1244,0.0090823308899906,6,HLA-B/HLA-F/HLA-A/ARRB2/LGALS9/SERPINB9
GO:0002888,positive regulation of myeloid leukocyte mediated immunity,6/1244,0.0090823308899906,6,PTAFR/C3/TICAM1/ITGAM/RIGI/STX4
GO:0016114,terpenoid biosynthetic process,6/1244,0.0090823308899906,6,AKR1C3/HMGCS2/RBP1/RPE65/CYP1A1/BCO1
GO:0031342,negative regulation of cell killing,6/1244,0.0090823308899906,6,HLA-B/HLA-F/HLA-A/ARRB2/LGALS9/SERPINB9
GO:0062149,detection of stimulus involved in sensory perception of pain,6/1244,0.0090823308899906,6,ITGA2/TNF/ANO1/LXN/ADORA1/TRPA1
GO:0072574,hepatocyte proliferation,6/1244,0.0090823308899906,6,TNFAIP3/CFLAR/TNF/TGFA/CEBPB/PROX1
GO:0072575,epithelial cell proliferation involved in liver morphogenesis,6/1244,0.0090823308899906,6,TNFAIP3/CFLAR/TNF/TGFA/CEBPB/PROX1
GO:0097396,response to interleukin-17,6/1244,0.0090823308899906,6,STAT3/IKBKE/NFKB1/NFKBIZ/TRAF2/IL1B
GO:0097398,cellular response to interleukin-17,6/1244,0.0090823308899906,6,STAT3/IKBKE/NFKB1/NFKBIZ/TRAF2/IL1B
GO:2000319,regulation of T-helper 17 cell differentiation,6/1244,0.0090823308899906,6,JUNB/ZC3H12A/IL23A/NFKBIZ/ASCL2/LOXL3
GO:0048598,embryonic morphogenesis,61/1244,0.0093056062492706,61,LAMA3/ITGAV/LAMB3/SDC4/SMAD3/RNF207/PHLDB2/DUSP5/ITGA2/PLXNB2/ZFP36L1/ITGA3/CTNNB1/ECE1/MMP14/LAMA5/TXNRD1/SEMA4C/DKK1/EDN1/WNT4/FZD7/ID2/CCN1/COL6A1/PRKACB/KDM6B/SHH/TGFBR1/FGF2/COL7A1/DUSP1/PAX8/POU5F1/EFNA1/SOX8/VANGL2/PROX1/CELSR1/GRHL3/COL12A1/TFAP2A/TGFB1I1/APOA1/SLITRK6/PLPP3/LIAS/CYP26B1/KCNQ4/DUSP2/WNT7A/COL5A1/SFRP1/CDH23/SIX4/OSR1/STRC/FOLR1/NTN1/CRB2/GJB5
GO:0045776,negative regulation of blood pressure,9/1244,0.0093388436888269,9,PTAFR/ABAT/TNF/IER3/GCH1/KL/GPR37L1/NOS2/ADORA1
GO:0046850,regulation of bone remodeling,9/1244,0.0093388436888269,9,TNFAIP3/ADAM8/TNFRSF11A/GPR137/SYT7/TFRC/UBASH3B/TNFRSF11B/SFRP1
GO:0061844,antimicrobial humoral immune response mediated by antimicrobial peptide,9/1244,0.0093388436888269,9,CXCL8/CXCL1/CXCL3/KLK7/HMGN2/CXCL2/CXCL11/KLK5/CXCL6
GO:0001837,epithelial to mesenchymal transition,24/1244,0.0094660061020123,24,ADAM8/SMAD3/PHLDB2/CTNNB1/BMP2/EDN1/WNT4/WWTR1/TGFBR1/OLFM1/EFNA1/GCNT2/COL1A1/TGFB1I1/TNXB/APLF/LOXL3/LDLRAD4/SFRP1/RGCC/GLIPR2/IL1B/TGFBR3L/CRB2
GO:0051402,neuron apoptotic process,35/1244,0.0098837150749338,35,ADAM8/CX3CL1/PRKCG/TNFRSF21/IL6ST/TNF/CTNNB1/CORO1A/GCLC/NEFL/DKK1/CLU/FOXO3/GCLM/FAIM2/G6PD/BID/NTRK2/RETREG1/MSH2/MYB/CEBPB/IL27RA/CLCF1/CCL2/F2R/NFATC4/MT3/TFAP2A/DIO3/CITED1/NUPR1/TERT/SIX4/AGAP2
GO:0001570,vasculogenesis,14/1244,0.0099686249896285,14,ITGAV/ITGB8/ZFP36L1/JUNB/CTNNB1/RRAS/CAV1/XDH/VEGFA/NTRK2/SHH/QKI/CITED1/WNT7A
GO:0002295,T-helper cell lineage commitment,5/1244,0.0099686249896285,5,STAT3/IL23A/JAK1/IL6R/LOXL3
GO:0032351,negative regulation of hormone metabolic process,5/1244,0.0099686249896285,5,BMP2/AKR1C3/NFKB1/WNT4/DKK3
GO:0035666,TRIF-dependent toll-like receptor signaling pathway,5/1244,0.0099686249896285,5,TRAF3/TICAM1/TLR4/CD40/TLR6
GO:0036363,transforming growth factor beta activation,5/1244,0.0099686249896285,5,ITGAV/ADAM8/ITGB8/ITGB6/TNXB
GO:0048711,positive regulation of astrocyte differentiation,5/1244,0.0099686249896285,5,IL6ST/BMP2/ID2/SHH/CLCF1
GO:0072537,fibroblast activation,5/1244,0.0099686249896285,5,GCLC/AKAP12/GCLM/MYB/RGCC
GO:0002504,antigen processing and presentation of peptide or polysaccharide antigen via MHC class II,8/1244,0.0100382348571473,8,CD74/CTSE/B2M/CTSS/HLA-DRB1/HLA-DRA/IFI30/HLA-DRB5
GO:0002691,regulation of cellular extravasation,8/1244,0.0100382348571473,8,ADAM8/PTAFR/CHST2/ICAM1/CD47/PTGER4/IL27RA/GCNT1
GO:0070293,renal absorption,8/1244,0.0100382348571473,8,SLC5A1/AKR1C3/KIRREL1/EDN1/WNK4/SLC5A2/AQP3/AQP1
GO:1905332,positive regulation of morphogenesis of an epithelium,8/1244,0.0100382348571473,8,CTNNB1/WNT4/VEGFA/FGF2/PAX8/SOX8/PIK3CD/SIX4
GO:1901652,response to peptide,55/1244,0.010080822377278,55,TNFAIP3/NFKBIA/TRIM16/STAT5A/ICAM1/CFLAR/STAT3/ZFP36L1/TNF/ANO1/FOSL2/GJB2/OXTR/NFKB1/TNFRSF11A/TNFSF10/ASS1/NCK1/LPIN2/BCAR1/GCLC/HMGCS2/CAV1/HDAC9/NEFL/KLF2/EDN1/JAK1/PCK1/FOXO1/CAV2/FOS/SORBS1/BCL2L2/RPE65/LYN/TLR4/PNPLA3/GRB10/TLR2/CD40/CPEB2/KL/GCNT1/CACNB1/COL1A1/SCNN1B/SLC2A4/CITED1/KLF15/ECHDC3/ATP1A3/IL1B/TLR6/SOCS2
GO:0002360,T cell lineage commitment,7/1244,0.010080822377278,7,STAT3/IL23A/JAK1/SHH/IL6R/LOXL3/IL7
GO:0003171,atrioventricular valve development,7/1244,0.010080822377278,7,BMP2/SOX4/CCN1/SMAD6/OLFM1/EFNA1/DCHS1
GO:0003181,atrioventricular valve morphogenesis,7/1244,0.010080822377278,7,BMP2/SOX4/CCN1/SMAD6/OLFM1/EFNA1/DCHS1
GO:0034114,regulation of heterotypic cell-cell adhesion,7/1244,0.010080822377278,7,TNF/CEACAM6/GCNT2/SKAP1/LCK/APOA1/IL1B
GO:0045671,negative regulation of osteoclast differentiation,7/1244,0.010080822377278,7,CTNNB1/GPR137/TLR4/UBASH3B/TNFRSF11B/TLR3/SFRP1
GO:0048710,regulation of astrocyte differentiation,7/1244,0.010080822377278,7,IL6ST/BMP2/ID2/SHH/GPR37L1/ID4/CLCF1
GO:0032233,positive regulation of actin filament bundle assembly,13/1244,0.0102769985056048,13,SDC4/CX3CL1/SMAD3/CD47/TPM1/SYNPO/WNT4/TGFBR1/APOA1/SFRP1/RGCC/RAPGEF3/MTSS1
GO:0050886,endocrine process,13/1244,0.0102769985056048,13,ECE1/OXTR/NOX1/EDN1/SELENOM/REN/WNK4/F2R/BMP6/AQP1/EDN3/IL1B/EDN2
GO:0015711,organic anion transport,46/1244,0.0103170755471189,46,ABAT/SLC2A6/SLC25A22/TNF/CD47/LLGL2/TNFRSF11A/SLC7A11/ABCB1/SLCO3A1/ARL6IP5/PTGES/AKR1C1/SLC43A2/SLC7A5/EDN1/RBP1/NTRK2/UGT1A3/PLA2R1/SLC38A5/ABCC5/SLC43A1/PLA2G12B/RGS2/SLC6A14/SLC6A12/FABP5/SLC26A2/NMUR2/BDKRB2/FGF19/SLC6A19/ABCC2/SLC16A4/SLC2A4/SLCO2A1/NOS2/PLA2G2A/SLC16A10/SLC39A8/SLC16A14/ADORA1/SLC27A5/IL1B/FOLR1
GO:0010951,negative regulation of endopeptidase activity,17/1244,0.0103170755471189,17,SERPINA1/IFI6/TNF/SERPINB8/SERPINA3/VEGFA/SERPINB7/SERPINA4/SERPINB9/LAMP3/SERPINB2/SPOCK2/AQP1/DPEP1/ANXA8/SERPINA5/CRB2
GO:0014902,myotube differentiation,17/1244,0.0103170755471189,17,CFLAR/PLEC/MMP14/BHLHE41/HDAC9/IL4R/CAV2/SHH/ADAMTS15/BARX2/NFATC2/PLEKHO1/CYP26B1/NPHS1/CNTNAP1/SIX4/RYR1
GO:0010632,regulation of epithelial cell migration,32/1244,0.0105254605896882,32,ATP2B4/TACSTD2/STAT5A/ITGA2/TNF/ITGA3/ETS1/RRAS/BCAR1/ZC3H12A/MAP4K4/JCAD/HDAC9/PDGFB/EDN1/SMOC2/GADD45A/PLK2/VEGFA/CD40/FGF2/EFNA1/DUSP10/PIK3CD/PROX1/PLPP3/WNT7A/ADAMTS9/RGCC/GLIPR2/FGF18/SEMA4A
GO:0035924,cellular response to vascular endothelial growth factor stimulus,12/1244,0.0105254605896882,12,ATP2B4/JCAD/XDH/MT1G/SMOC2/VEGFA/ERN1/SPHK1/PIK3CD/TNXB/EGR3/EMILIN1
GO:0034142,toll-like receptor 4 signaling pathway,11/1244,0.0105254605896882,11,TNFAIP3/NFKBIA/IRAK2/NINJ1/MFHAS1/OAS1/LYN/TLR4/NMI/TRIL/CD14
GO:0010586,miRNA metabolic process,18/1244,0.01059486434072,18,SMAD3/STAT3/TNF/BMP2/ETS1/NFKB1/ZC3H12A/PDGFB/FOXO3/FOS/SMAD6/MYB/NEAT1/FGF2/POU5F1/NFATC4/TERT/MYCN
GO:0051384,response to glucocorticoid,18/1244,0.01059486434072,18,PTAFR/CFLAR/ZFP36L1/TNF/FOSL2/GJB2/ASS1/HMGCS2/NEFL/EDN1/PCK1/FOS/CLDN1/FECH/IGFBP2/FBXO32/BMP6/AQP1
GO:0045598,regulation of fat cell differentiation,20/1244,0.0108317899886612,20,SMAD3/SAV1/ZFP36L1/TNF/BMP2/ZC3H12A/TFE3/WWTR1/ID2/FOXO1/CEBPB/TRIB2/ID4/RORC/DUSP10/LPL/TGFB1I1/LMO3/SFRP1/CCDC3
GO:0032412,regulation of monoatomic ion transmembrane transporter activity,25/1244,0.0109790530707425,25,ATP1B1/RNF207/CTSS/ANO9/ABCB1/CAV1/TESC/EDN1/ADRA2A/SLMAP/CACNG8/PDE4D/CACNB1/SHANK3/CCL2/JSRP1/CABP1/GSTM2/CHRM3/CRACR2A/CNIH3/DMD/CHP2/OSR1/LRRC26
GO:0007015,actin filament organization,55/1244,0.0111691438997004,55,SDC4/CX3CL1/SMAD3/PHLDB2/TACSTD2/PLEC/CD47/CORO1A/KIRREL1/PSTPIP2/NCK1/TPM1/BCAR1/RFLNA/SVIL/SYNPO/NEDD9/MYO1A/WIPF3/IQGAP2/WNT4/FAM171A1/ZNF664-RFLNA/CDC42EP5/CDC42EP2/RHOV/KCTD13/SORBS1/RAC2/CARMIL3/TGFBR1/HIP1/PTGER4/SH3D21/BAIAP2L2/SHANK3/LIMD2/TPM2/ESAM/TMOD2/TLE6/PROX1/PREX1/RHOBTB1/APOA1/TMOD1/SPTBN5/CGNL1/NPHS1/SFRP1/RGCC/MYO1F/NEB/RAPGEF3/MTSS1
GO:0030162,regulation of proteolysis,69/1244,0.0114949358147544,69,TNIP1/BIRC3/ADAM8/SERPINA1/SMAD3/PRKCG/IFI6/STAT3/TNF/TRAF3/CTSS/MMP14/TBC1D10A/TNFSF15/RNF19A/PSMB9/TNFSF10/PLAU/GCLC/ZC3H12A/ARL6IP5/CAV1/F3/XDH/BBC3/PML/PSME2/CLU/SERPINB8/DDA1/LGALS9/BID/ADRA2A/PSME1/RNF19B/SERPINA3/VEGFA/PRKACB/PMAIP1/TNFRSF1B/TANK/LYN/SHH/HIP1/TM4SF20/ACER2/SERPINB7/SERPINA4/SERPINB9/IL1R2/TRIB2/EFNA1/MELTF/LAMP3/GSAP/F2R/SERPINB2/SPOCK2/LCK/TGFB1I1/NUPR1/AQP1/DPEP1/CASP1/ANXA8/SERPINA5/IL1B/MAP1A/CRB2
GO:0010634,positive regulation of epithelial cell migration,23/1244,0.0116117570349267,23,STAT5A/ITGA2/ITGA3/ETS1/RRAS/BCAR1/ZC3H12A/MAP4K4/JCAD/HDAC9/PDGFB/EDN1/SMOC2/PLK2/VEGFA/CD40/FGF2/PIK3CD/PROX1/PLPP3/WNT7A/GLIPR2/FGF18
GO:0098739,import across plasma membrane,23/1244,0.0116117570349267,23,ATP1B1/ATP2B4/TNF/SLC5A1/SLC7A11/ARL6IP5/SLC12A7/SLC43A2/SLC7A5/SLC9A7/SLC15A3/SLC38A5/SLC43A1/STEAP2/RGS2/SLC6A14/SLC5A2/SCNN1B/KCNJ2/SLC39A8/SLC27A5/AKAP5/ATP1A3
GO:0051480,regulation of cytosolic calcium ion concentration,9/1244,0.0116117570349267,9,ATP2B4/CAV1/CALB2/CAV2/SLC8B1/SV2B/ADORA1/CDH23/RYR1
GO:0060251,regulation of glial cell proliferation,9/1244,0.0116117570349267,9,TNF/SLC7A5/ASCL2/CDKN2B/LYN/SHH/MYB/IL1B/NTN1
GO:1901222,regulation of non-canonical NF-kappaB signal transduction,17/1244,0.0117090342939173,17,NFKBIA/BCL3/TNF/ZC3H12A/TCIM/IL23A/LGALS9/EDN1/TLR4/TLR2/CYLD/IL18R1/NMI/SPHK1/TLR3/EDAR/IL1B
GO:0031960,response to corticosteroid,20/1244,0.0121380048854503,20,PTAFR/CFLAR/ZFP36L1/TNF/AKR1C3/FOSL2/GJB2/ASS1/HMGCS2/NEFL/EDN1/PCK1/FOS/CLDN1/FECH/IGFBP2/FBXO32/SCNN1B/BMP6/AQP1
GO:1905517,macrophage migration,10/1244,0.0125281773576953,10,CX3CL1/CSF1/MMP14/B4GALT1/IL34/CCL2/C5/SAA1/EMILIN1/EDN2
GO:0031663,lipopolysaccharide-mediated signaling pathway,11/1244,0.0127472501696947,11,TNFAIP3/NFKBIA/IRAK2/PTAFR/CX3CL1/TICAM1/LYN/TLR4/TLR2/BMP6/CD14
GO:0045453,bone resorption,11/1244,0.0127472501696947,11,TNFAIP3/ADAM8/CTNNB1/TNFRSF11A/GPR137/TFRC/RAC2/UBASH3B/TNFRSF11B/SNX10/IL7
GO:0052372,modulation by symbiont of entry into host,11/1244,0.0127472501696947,11,CD74/ITGAV/CXCL8/TMPRSS2/TRIM31/CAV1/HLA-DRB1/LGALS9/TRIM22/CIITA/MID2
GO:0071774,response to fibroblast growth factor,16/1244,0.0129028651207299,16,CXCL8/ZFP36L1/CTNNB1/GCLC/CREB3L1/GCLM/WNT4/SMOC2/KL/FGF2/CCL2/COL1A1/FGF19/EGR3/SFRP1/FGF18
GO:0002455,humoral immune response mediated by circulating immunoglobulin,8/1244,0.0129028651207299,8,BCL3/C3/TNF/CLU/C4BPB/SVEP1/C5/SUSD4
GO:0051955,regulation of amino acid transport,8/1244,0.0129028651207299,8,ABAT/TNF/ARL6IP5/SLC43A2/SLC7A5/SLC43A1/RGS2/ADORA1
GO:0060416,response to growth hormone,8/1244,0.0129028651207299,8,TRIM16/STAT5A/STAT3/ASS1/HMGCS2/JAK1/LYN/SOCS2
GO:0071353,cellular response to interleukin-4,8/1244,0.0129028651207299,8,IL2RG/STAT5A/CORO1A/PARP14/PML/IL4R/JAK1/MCM2
GO:0042832,defense response to protozoan,6/1244,0.0129145014696795,6,BCL3/IL4R/GBP4/CD40/GBP2/GBP1
GO:0043369,"CD4-positive or CD8-positive, alpha-beta T cell lineage commitment",6/1244,0.0129145014696795,6,STAT3/IL23A/JAK1/SHH/IL6R/LOXL3
GO:0045655,regulation of monocyte differentiation,6/1244,0.0129145014696795,6,CD74/CSF1/ZFP36L1/ZBTB46/HLA-DRB1/IL34
GO:0050665,hydrogen peroxide biosynthetic process,6/1244,0.0129145014696795,6,DUOX2/DUOXA2/DUOXA1/ACOX1/DUOX1/CYP1A1
GO:0007423,sensory organ development,52/1244,0.0129145014696795,52,SDC4/SMAD3/ATP2B4/STAT3/CTNNB1/ECE1/BMP2/CLIC4/GJB2/SLC7A11/AQP5/EDN1/SIPA1L3/MCM2/VEGFA/ASCL2/NTRK2/PBX4/RPE65/SHH/TGFBR1/SCO2/ACHE/CEBPD/FGF2/WNT10A/PAX8/TSPAN12/NHS/SOX8/CYP1A1/PROX1/GRHL3/BMP6/TFAP2A/DIO3/SLITRK6/TMOD1/CYP26B1/KCNQ4/AQP1/WNT7A/LAMA1/COL5A1/DCHS1/CDH23/SIX4/OSR1/STRC/NTN1/SMOC1/CRB2
GO:0060541,respiratory system development,27/1244,0.0132814737352049,27,SAV1/SPDEF/TNF/ITGA3/CTNNB1/BMP2/AGR2/MMP14/FOSL2/LAMA5/ASS1/SLC7A11/HMGCS2/ITGB6/KLF2/VEGFA/SHH/FGF2/PROX1/CELSR1/LOXL3/SPEF2/LAMA1/SIX4/FGF18/EDN2/CRISPLD2
GO:0032787,monocarboxylic acid metabolic process,68/1244,0.0134312805286391,68,CD74/C3/ABAT/SLC2A6/UGT1A6/VNN1/STAT3/GPX4/ACOX1/IER3/GSTM4/AKR1C3/PC/LPIN2/AKR1C2/PTGES/CAV1/FA2H/AKR1C1/NPC1/ME1/CYP2B6/EDN1/GAMT/AOAH/PCK1/PLA2G4C/CYP4F12/CYP4F3/RBP1/HSD3B7/UGT1A5/UGT1A7/UGT1A4/UGT1A3/UGT1A9/ADTRP/PNPLA3/HKDC1/ABHD3/MLXIPL/UGT2A3/FABP5/ACOX2/ADH1C/ACSM3/UGT2B17/LPL/CYP1A1/FGF19/GSTM2/CYP3A4/CYP4F11/ZBTB20/PROX1/QKI/IL4I1/TNXB/LIAS/CYP26B1/NUPR1/CYP2W1/SLC27A5/GSTA1/ECHDC3/IDNK/IL1B/EDN2
GO:0032231,regulation of actin filament bundle assembly,18/1244,0.0134312805286391,18,SDC4/CX3CL1/SMAD3/PHLDB2/TACSTD2/CD47/TPM1/SYNPO/WNT4/TGFBR1/PTGER4/SHANK3/APOA1/CGNL1/SFRP1/RGCC/RAPGEF3/MTSS1
GO:0032874,positive regulation of stress-activated MAPK cascade,19/1244,0.0134484887775887,19,TNF/BMP2/MFHAS1/ZC3H12A/ARL6IP5/SEMA4C/XDH/NOX1/GADD45A/FZD7/VEGFA/TLR4/SPHK1/FGF19/TLR3/TNFRSF19/EDAR/WNT7A/IL1B
GO:0043200,response to amino acid,19/1244,0.0134484887775887,19,TNF/ASS1/GCLC/HMGCS2/GCLM/SLC7A5/EDN1/COL16A1/PCK1/NTRK2/COL6A1/BCL2L2/LYN/PNPLA3/CEBPB/CASTOR3P/COL1A1/PDGFC/CASTOR1
GO:0001975,response to amphetamine,7/1244,0.0134484887775887,7,PPP1R1B/OXTR/HDAC9/EDN1/DRD1/RGS2/ASIC1
GO:0032692,negative regulation of interleukin-1 production,7/1244,0.0134484887775887,7,TNFAIP3/CX3CL1/ZC3H12A/ARRB2/PML/IL1R2/APOA1
GO:0032967,positive regulation of collagen biosynthetic process,7/1244,0.0134484887775887,7,ITGA2/CREB3L1/WNT4/MYB/SERPINB7/F2R/RGCC
GO:0090183,regulation of kidney development,7/1244,0.0134484887775887,7,TACSTD2/WNT4/VEGFA/PAX8/SOX8/SIX4/OSR1
GO:1900017,positive regulation of cytokine production involved in inflammatory response,7/1244,0.0134484887775887,7,STAT3/TNF/TICAM1/TLR4/TLR3/GPSM3/TLR6
GO:1901617,organic hydroxy compound biosynthetic process,30/1244,0.0134623842988388,30,PTAFR/TNF/BMP2/AKR1C3/NFKB1/SLC7A11/HMGCS2/G6PD/WNT4/SEC14L2/PCK1/HSD3B7/GCH1/ABCG1/ACER2/ITPKC/KL/FGF2/ACOX2/SPHK1/FGF19/CYP3A4/PROX1/BMP6/APOA1/CITED1/DKK3/SLC27A5/MOXD1/PMEL
GO:0043500,muscle adaptation,15/1244,0.0139003833140099,15,SMAD3/ATP2B4/CFLAR/IL6ST/FOXO3/G6PD/EDN1/FOXO1/TNFRSF1B/RGS2/FBXO32/NFATC1/KLF15/IL1B/CAMK2B
GO:0048145,regulation of fibroblast proliferation,15/1244,0.0139003833140099,15,CD74/CTNNB1/FOSL2/CAV1/PDGFB/PML/IFI30/MYB/SPHK1/NUPR1/PDGFC/AQP1/SFRP1/DACH1/BTC
GO:1901224,positive regulation of non-canonical NF-kappaB signal transduction,13/1244,0.0139003833140099,13,TNF/TCIM/IL23A/LGALS9/EDN1/TLR4/TLR2/IL18R1/NMI/SPHK1/TLR3/EDAR/IL1B
GO:0002762,negative regulation of myeloid leukocyte differentiation,9/1244,0.014358083059363,9,CTNNB1/ZBTB46/GPR137/LYN/TLR4/UBASH3B/TNFRSF11B/TLR3/SFRP1
GO:0014075,response to amine,9/1244,0.014358083059363,9,ITGA2/PPP1R1B/OXTR/ASS1/HDAC9/EDN1/DRD1/RGS2/ASIC1
GO:0072577,endothelial cell apoptotic process,9/1244,0.014358083059363,9,TNFAIP3/ICAM1/TNF/AKR1C3/CD40/CCL2/ANGPTL4/TERT/RGCC
GO:0045639,positive regulation of myeloid cell differentiation,16/1244,0.0144686255176869,16,CD74/CSF1/STAT3/ZFP36L1/TNF/ETS1/IL23A/HLA-DRB1/NEDD9/FOXO3/TESC/ID2/FOS/IL34/ISG15/SLC9B2
GO:0071384,cellular response to corticosteroid stimulus,12/1244,0.0146040325506727,12,CFLAR/ZFP36L1/AKR1C3/GJB2/ASS1/HMGCS2/EDN1/PCK1/FECH/FBXO32/SCNN1B/AQP1
GO:0030278,regulation of ossification,17/1244,0.0148086972803259,17,SMAD3/CSF1/BMP2/RFLNA/DKK1/WNT4/ZNF664-RFLNA/DHRS3/CCN1/SMAD6/PTGER4/KL/ISG15/BMP6/TFAP2A/SFRP1/OSR1
GO:0051017,actin filament bundle assembly,24/1244,0.0148086972803259,24,SDC4/CX3CL1/SMAD3/PHLDB2/TACSTD2/CD47/TPM1/SYNPO/NEDD9/WNT4/FAM171A1/KCTD13/SORBS1/TGFBR1/PTGER4/BAIAP2L2/SHANK3/LIMD2/APOA1/CGNL1/SFRP1/RGCC/RAPGEF3/MTSS1
GO:0030216,keratinocyte differentiation,20/1244,0.01482029046615,20,TRIM16/KRT7/CFLAR/PLEC/SAV1/ZFP36L1/AKR1C3/CLIC4/FOSL2/NFKBIZ/ETV4/PLAAT4/KLK5/ZBED2/AQP3/HRNR/LIPM/KRT6B/FLG/CYP26B1
GO:0150115,cell-substrate junction organization,18/1244,0.0149491823982325,18,LAMA3/SDC4/SMAD3/PHLDB2/ITGA2/PLEC/MMP14/DST/LAMC1/PTPRJ/MAP4K4/AJUBA/WNT4/COL16A1/VEGFA/SORBS1/APOD/SFRP1
GO:0061005,cell differentiation involved in kidney development,10/1244,0.0149610622712207,10,CTNNB1/PDGFB/WNT4/WWTR1/SHH/PAX8/NPHS1/KLF15/OSR1/MTSS1
GO:2000179,positive regulation of neural precursor cell proliferation,10/1244,0.0149610622712207,10,CX3CL1/CTNNB1/VEGFA/LYN/HAPLN3/SHH/FGF2/GPR37L1/ID4/PROX1
GO:0034103,regulation of tissue remodeling,11/1244,0.0149610622712207,11,TNFAIP3/ADAM8/TNFRSF11A/GPR137/IL23A/SYT7/TFRC/UBASH3B/TNFRSF11B/SFRP1/IL15
GO:0010631,epithelial cell migration,39/1244,0.014961558038166,39,ATP2B4/TACSTD2/STAT5A/ITGA2/TNF/ITGA3/CORO1A/ETS1/RRAS/BCAR1/ZC3H12A/MAP4K4/S100P/JCAD/HDAC9/PDGFB/EDN1/SMOC2/GADD45A/PLK2/VEGFA/ADTRP/TGFBR1/CD40/FGF2/EFNA1/DUSP10/PIK3CD/PROX1/APOA1/PLPP3/EGR3/WNT7A/ADAMTS9/RGCC/GLIPR2/FGF18/EDN2/SEMA4A
GO:0001501,skeletal system development,51/1244,0.0151988934638854,51,SMAD3/COL9A2/ITGB8/CTNNB1/BMP2/MMP14/TGM2/FOSL2/LAMA5/ZFAND5/RFLNA/SNORC/ITGB6/TTC9/EDN1/CREB3L2/ZNF664-RFLNA/DHRS3/KIAA1217/CCN1/HAPLN3/SHH/TGFBR1/FOXN3/PTGER4/MAPK11/FGF2/BARX2/NFATC2/SLC26A2/COL1A1/TEAD4/BMP6/TFAP2A/TNFRSF11B/SNX10/CYP26B1/PDGFC/WNT7A/SPEF2/FREM1/COL11A2/SFRP1/DCHS1/SIX4/OSR1/RYR1/FGF18/HOXD1/COL13A1/SLC9B2
GO:0030449,regulation of complement activation,5/1244,0.0151988934638854,5,C3/C4BPB/SVEP1/IL1B/SUSD4
GO:0031649,heat generation,5/1244,0.0151988934638854,5,ABAT/TNF/TNFRSF11A/PTGES/IL1B
GO:0050926,regulation of positive chemotaxis,5/1244,0.0151988934638854,5,CXCL8/SMAD3/ITGA2/F3/VEGFA
GO:0050927,positive regulation of positive chemotaxis,5/1244,0.0151988934638854,5,CXCL8/SMAD3/ITGA2/F3/VEGFA
GO:0060231,mesenchymal to epithelial transition,5/1244,0.0151988934638854,5,CTNNB1/WNT4/FZD7/PAX8/CITED1
GO:0060352,cell adhesion molecule production,5/1244,0.0151988934638854,5,CXCL8/CAV1/GCNT1/APOA1/IL1B
GO:0070278,extracellular matrix constituent secretion,5/1244,0.0151988934638854,5,BMP2/CREB3L1/TNFRSF1B/ADTRP/RGCC
GO:0072160,nephron tubule epithelial cell differentiation,5/1244,0.0151988934638854,5,CTNNB1/WWTR1/PAX8/OSR1/MTSS1
GO:0086103,G protein-coupled receptor signaling pathway involved in heart process,5/1244,0.0151988934638854,5,ATP2B4/CAV1/EDN1/PDE4D/RGS2
GO:0090132,epithelium migration,39/1244,0.0158835832667395,39,ATP2B4/TACSTD2/STAT5A/ITGA2/TNF/ITGA3/CORO1A/ETS1/RRAS/BCAR1/ZC3H12A/MAP4K4/S100P/JCAD/HDAC9/PDGFB/EDN1/SMOC2/GADD45A/PLK2/VEGFA/ADTRP/TGFBR1/CD40/FGF2/EFNA1/DUSP10/PIK3CD/PROX1/APOA1/PLPP3/EGR3/WNT7A/ADAMTS9/RGCC/GLIPR2/FGF18/EDN2/SEMA4A
GO:0008016,regulation of heart contraction,21/1244,0.0159775502187785,21,ATP1B1/ATP2B4/RNF207/TNF/DSC2/TPM1/ZC3H12A/CAV1/EDN1/CELF2/PDE4D/GCH1/RGS2/GSTM2/KCNJ2/TNNT2/ADORA1/DMD/EDN3/ATP1A3/EDN2
GO:0048771,tissue remodeling,21/1244,0.0159775502187785,21,TNFAIP3/ADAM8/CTNNB1/MMP14/FOSL2/NFKB1/TNFRSF11A/GPR137/CAV1/IL23A/SYT7/TFRC/SEMA3C/RAC2/UBASH3B/F2R/TNFRSF11B/SNX10/SFRP1/IL7/IL15
GO:0006081,cellular aldehyde metabolic process,13/1244,0.0159775502187785,13,SDR16C5/BMP2/AKR1C3/AKR7A3/AKR1C1/WNT4/RPE65/ALDH3A1/ALDH3B2/SCNN1B/BMP6/BCO1/DKK3
GO:0007435,salivary gland morphogenesis,8/1244,0.0160074636726639,8,TNF/TGM2/LAMA5/NTN4/SEMA3C/SHH/EDAR/LAMA1
GO:0010039,response to iron ion,8/1244,0.0160074636726639,8,ABAT/B2M/G6PD/TFRC/CYP1A1/BMP6/TFAP2A/TFR2
GO:0010934,macrophage cytokine production,8/1244,0.0160074636726639,8,CD74/TICAM1/TLR4/GPRC5B/SEMA7A/PANX1/TLR3/SPON2
GO:0010935,regulation of macrophage cytokine production,8/1244,0.0160074636726639,8,CD74/TICAM1/TLR4/GPRC5B/SEMA7A/PANX1/TLR3/SPON2
GO:0055090,acylglycerol homeostasis,8/1244,0.0160074636726639,8,DGAT2/PLA2G12B/MLXIPL/LPL/APOA1/ANGPTL4/ADORA1/GCKR
GO:0070328,triglyceride homeostasis,8/1244,0.0160074636726639,8,DGAT2/PLA2G12B/MLXIPL/LPL/APOA1/ANGPTL4/ADORA1/GCKR
GO:0150117,positive regulation of cell-substrate junction organization,8/1244,0.0160074636726639,8,SDC4/SMAD3/PTPRJ/MAP4K4/WNT4/COL16A1/VEGFA/SFRP1
GO:0050852,T cell receptor signaling pathway,20/1244,0.0161639697859598,20,HLA-A/TNFRSF21/ICOSLG/FOSL2/PTPRJ/BCAR1/ZC3H12A/KCNN4/HLA-DRB1/NFKBIZ/PDE4D/BTNL8/BTN3A3/BTN2A2/BTN3A1/PIK3CD/GBP1/SKAP1/LCK/THEMIS2
GO:0034219,carbohydrate transmembrane transport,19/1244,0.0163797604381079,19,C3/SLC2A6/TNF/SLC5A1/EDN1/MFSD4A/SORBS1/DRD1/GRB10/SLC5A2/FABP5/AQP3/FGF19/SLC5A10/SLC2A4/AQP1/KLF15/TERT/IL1B
GO:0009914,hormone transport,35/1244,0.0166305407020108,35,ABAT/SLC25A22/DOC2B/TNF/ANO1/PIM3/HLA-DRB1/SOX4/SLC7A5/EDN1/ADRA2A/SYT7/ADCY5/FOXO1/SELENOM/STX4/LYN/REN/MYB/SLC8B1/WNK4/PAX8/CHRM3/BMP6/NOS2/SLC16A10/CPLX1/ADORA1/AQP1/TFR2/SFRP1/EDN3/IL1B/SLC9B2/GPR27
GO:0090130,tissue migration,39/1244,0.0167956006593703,39,ATP2B4/TACSTD2/STAT5A/ITGA2/TNF/ITGA3/CORO1A/ETS1/RRAS/BCAR1/ZC3H12A/MAP4K4/S100P/JCAD/HDAC9/PDGFB/EDN1/SMOC2/GADD45A/PLK2/VEGFA/ADTRP/TGFBR1/CD40/FGF2/EFNA1/DUSP10/PIK3CD/PROX1/APOA1/PLPP3/EGR3/WNT7A/ADAMTS9/RGCC/GLIPR2/FGF18/EDN2/SEMA4A
GO:0003170,heart valve development,12/1244,0.0167993658058976,12,BMP2/DKK1/SOX4/CCN1/TNFRSF1B/SMAD6/OLFM1/EFNA1/NFATC1/DCHS1/ADAMTS9/EMILIN1
GO:0050830,defense response to Gram-positive bacterium,12/1244,0.0167993658058976,12,HLA-A/TNF/TNFRSF14/GBP4/TLR2/IL27RA/GBP2/PLA2G2A/MR1/DMBT1/IL1B/KLRK1
GO:0051279,regulation of release of sequestered calcium ion into cytosol,12/1244,0.0167993658058976,12,CX3CL1/CORO1A/CEMIP/CXCL11/DRD1/PDE4D/LYN/UBASH3B/JSRP1/F2R/GSTM2/DMD
GO:0001938,positive regulation of endothelial cell proliferation,14/1244,0.0169644357673756,14,STAT5A/STAT3/HSPG2/JCAD/F3/PDGFB/VEGFA/CAV2/TGFBR1/FGF2/PIK3CD/PROX1/BMP6/EGR3
GO:0009743,response to carbohydrate,28/1244,0.0171248559958808,28,ITGA2/ICAM1/ZFP36L1/TNF/ANO1/GCLC/PIM3/HMGCS2/SLC12A7/HLA-DRB1/SOX4/ME1/GCLM/ADRA2A/ADCY5/PCK1/STX4/LYN/PNPLA3/CDT1/ERN1/MLXIPL/LPL/ZBTB20/GCKR/IL1B/SLC9B2/GPR27
GO:0032350,regulation of hormone metabolic process,9/1244,0.0172616496739717,9,DUOXA2/DUOXA1/BMP2/AKR1C3/NFKB1/WNT4/PAX8/BMP6/DKK3
GO:0045687,positive regulation of glial cell differentiation,9/1244,0.0172616496739717,9,IL6ST/BMP2/ID2/TNFRSF1B/SHH/TLR2/IL34/ZNF488/CLCF1
GO:1903307,positive regulation of regulated secretory pathway,9/1244,0.0172616496739717,9,PTAFR/HLA-F/DOC2B/IL4R/ITGAM/SYT7/STX4/RAB15/SYT1
GO:0010714,positive regulation of collagen metabolic process,7/1244,0.0172616496739717,7,ITGA2/CREB3L1/WNT4/MYB/SERPINB7/F2R/RGCC
GO:0043368,positive T cell selection,7/1244,0.0172616496739717,7,CD74/STAT3/IL23A/JAK1/SHH/IL6R/LOXL3
GO:0055078,sodium ion homeostasis,7/1244,0.0172616496739717,7,ATP1B1/EDN1/CYP4F12/SCNN1B/ATP1A3/TMPRSS3/SLC9B2
GO:1902993,positive regulation of amyloid precursor protein catabolic process,7/1244,0.0172616496739717,7,IFNGR1/TNF/CLU/LYN/ABCG1/EFNA1/GSAP
GO:2000316,regulation of T-helper 17 type immune response,7/1244,0.0172616496739717,7,JUNB/ZC3H12A/IL23A/NFKBIZ/ASCL2/IL27RA/LOXL3
GO:0001678,intracellular glucose homeostasis,21/1244,0.0172616496739717,21,ICAM1/ANO1/GCLC/PIM3/SLC12A7/HLA-DRB1/SOX4/GCLM/ADRA2A/ADCY5/PCK1/FOXO1/STX4/HKDC1/ERN1/MLXIPL/FOXA3/ZBTB20/KLF15/SLC9B2/GPR27
GO:0046879,hormone secretion,34/1244,0.0172616496739717,34,ABAT/SLC25A22/DOC2B/TNF/ANO1/PIM3/HLA-DRB1/SOX4/EDN1/ADRA2A/SYT7/ADCY5/FOXO1/SELENOM/STX4/LYN/REN/MYB/SLC8B1/WNK4/PAX8/CHRM3/BMP6/NOS2/SLC16A10/CPLX1/ADORA1/AQP1/TFR2/SFRP1/EDN3/IL1B/SLC9B2/GPR27
GO:0003094,glomerular filtration,6/1244,0.0172616496739717,6,KIRREL1/PDGFB/F2R/TMEM63C/ADORA1/AQP1
GO:0032691,negative regulation of interleukin-1 beta production,6/1244,0.0172616496739717,6,TNFAIP3/CX3CL1/ZC3H12A/ARRB2/PML/APOA1
GO:0034698,response to gonadotropin,6/1244,0.0172616496739717,6,ITGA3/GJB2/GCLC/GCLM/EDN1/PAX8
GO:0045063,T-helper 1 cell differentiation,6/1244,0.0172616496739717,6,RELB/IL4R/NFKBIZ/ASCL2/IL18R1/SEMA4A
GO:0045672,positive regulation of osteoclast differentiation,6/1244,0.0172616496739717,6,CSF1/TNF/IL23A/NEDD9/FOS/SLC9B2
GO:0045777,positive regulation of blood pressure,6/1244,0.0172616496739717,6,OXTR/TPM1/ID2/PDE4D/ADRA2B/ADORA1
GO:0055093,response to hyperoxia,6/1244,0.0172616496739717,6,CAV1/NOX1/SLC7A5/FOXO1/CYP1A1/COL1A1
GO:0071294,cellular response to zinc ion,6/1244,0.0172616496739717,6,MT1E/MT1G/MT2A/MT1A/MT1X/MT3
GO:0072012,glomerulus vasculature development,6/1244,0.0172616496739717,6,CFLAR/PDGFB/SERPINB7/IL6R/AQP1/OSR1
GO:0072170,metanephric tubule development,6/1244,0.0172616496739717,6,WNT4/WWTR1/PAX8/SOX8/AQP1/OSR1
GO:0072576,liver morphogenesis,6/1244,0.0172616496739717,6,TNFAIP3/CFLAR/TNF/TGFA/CEBPB/PROX1
GO:0150077,regulation of neuroinflammatory response,6/1244,0.0172616496739717,6,CX3CL1/TNF/TNFRSF1B/SPHK1/NUPR1/IL1B
GO:1902004,positive regulation of amyloid-beta formation,6/1244,0.0172616496739717,6,IFNGR1/TNF/CLU/ABCG1/EFNA1/GSAP
GO:0070169,positive regulation of biomineral tissue development,10/1244,0.0173965431592935,10,SMAD3/BMP2/WNT4/CCN1/CEBPB/KL/ISG15/BMP6/TFAP2A/OSR1
GO:0071900,regulation of protein serine/threonine kinase activity,36/1244,0.0174296852168472,36,ADAM8/ATP2B4/TNF/BMP2/CEMIP/TNFRSF11A/PTPRJ/TCIM/PDGFB/DUSP16/DKK1/EDN1/ADRA2A/GADD45A/VEGFA/CDKN2B/TRAF2/LYN/TLR4/RGS2/ERN1/IL34/CDKN3/CD40/FGF2/DUSP1/TRIB2/DUSP10/PROX1/UCHL1/PDGFC/RGCC/EDN3/FGF18/IL1B/TLR6
GO:0007204,positive regulation of cytosolic calcium ion concentration,16/1244,0.0177862779418671,16,ITGAV/OXTR/CAV1/PML/EDN1/ADCY5/LPAR2/PTGER4/NMUR2/BDKRB2/F2R/ACKR4/PTGDR/SAA1/EDN2/S1PR3
GO:0032414,positive regulation of ion transmembrane transporter activity,13/1244,0.0179053919861348,13,ATP1B1/RNF207/CTSS/ABCB1/TESC/EDN1/SHANK3/CCL2/GSTM2/CRACR2A/DMD/CHP2/LRRC26
GO:0046849,bone remodeling,13/1244,0.0179053919861348,13,TNFAIP3/ADAM8/CTNNB1/TNFRSF11A/GPR137/SYT7/TFRC/RAC2/UBASH3B/TNFRSF11B/SNX10/SFRP1/IL7
GO:0010466,negative regulation of peptidase activity,17/1244,0.0179053919861348,17,SERPINA1/IFI6/TNF/SERPINB8/SERPINA3/VEGFA/SERPINB7/SERPINA4/SERPINB9/LAMP3/SERPINB2/SPOCK2/AQP1/DPEP1/ANXA8/SERPINA5/CRB2
GO:0010927,cellular component assembly involved in morphogenesis,17/1244,0.0179053919861348,17,PHLDB2/CFLAR/PLEC/TPM1/OBSCN/EDN1/TLR2/PMP22/TMOD2/PROX1/TNNT2/TMOD1/CSRP2/ACRBP/CNTNAP1/SIX4/NEB
GO:1904659,glucose transmembrane transport,17/1244,0.0179053919861348,17,C3/SLC2A6/TNF/SLC5A1/EDN1/MFSD4A/SORBS1/DRD1/GRB10/SLC5A2/FABP5/FGF19/SLC5A10/SLC2A4/KLF15/TERT/IL1B
GO:0010952,positive regulation of peptidase activity,24/1244,0.0185505648741419,24,SMAD3/STAT3/TNF/CTSS/TBC1D10A/TNFSF15/TNFSF10/ARL6IP5/F3/XDH/BBC3/PSME2/LGALS9/BID/PSME1/PMAIP1/TANK/LYN/HIP1/ACER2/EFNA1/F2R/LCK/CASP1
GO:0030324,lung development,24/1244,0.0185505648741419,24,SAV1/SPDEF/TNF/ITGA3/CTNNB1/BMP2/AGR2/MMP14/FOSL2/LAMA5/SLC7A11/HMGCS2/ITGB6/KLF2/VEGFA/SHH/FGF2/PROX1/CELSR1/LOXL3/LAMA1/FGF18/EDN2/CRISPLD2
GO:0006813,potassium ion transport,21/1244,0.0188429515984745,21,ATP1B1/RNF207/KCNK1/KCNN4/CAV1/SLC12A7/SLC9A7/ADRA2A/DRD1/WNK4/KCNMB4/KCNJ2/KCNA2/KCNQ4/ADORA1/KCNAB2/AQP1/EDN3/ATP1A3/KCNV1/LRRC26
GO:0032411,positive regulation of transporter activity,14/1244,0.0189793033906673,14,ATP1B1/RNF207/CTSS/ABCB1/TESC/EDN1/SYNGR3/SHANK3/CCL2/GSTM2/CRACR2A/DMD/CHP2/LRRC26
GO:0048864,stem cell development,14/1244,0.0189793033906673,14,LAMA5/SEMA4B/SEMA4C/EDN1/SEMA3C/SHH/SEMA7A/FGF2/SOX8/FGF19/WNT7A/EDN3/SEMA4A/FOLR1
GO:0006801,superoxide metabolic process,12/1244,0.0191561318381314,12,DUOX2/NOXO1/NOX1/EDN1/ITGAM/DUOX1/GCH1/SOD3/MT3/PREX1/NOS2/NCF2
GO:0043266,regulation of potassium ion transport,12/1244,0.0191561318381314,12,ATP1B1/RNF207/KCNN4/CAV1/ADRA2A/DRD1/WNK4/KCNJ2/ADORA1/KCNAB2/EDN3/LRRC26
GO:0022898,regulation of transmembrane transporter activity,25/1244,0.0193079359089355,25,ATP1B1/RNF207/CTSS/ANO9/ABCB1/CAV1/TESC/EDN1/ADRA2A/SLMAP/CACNG8/PDE4D/CACNB1/SHANK3/CCL2/JSRP1/CABP1/GSTM2/CHRM3/CRACR2A/CNIH3/DMD/CHP2/OSR1/LRRC26
GO:0098742,cell-cell adhesion via plasma-membrane adhesion molecules,25/1244,0.0193079359089355,25,CX3CL1/ICAM1/L1CAM/PLXNB2/DSC2/ITGA3/BMP2/HMCN2/AJUBA/ITGAM/ALCAM/CLDN1/PCDH7/AMIGO2/CDHR2/CEACAM6/CLDN10/ESAM/CELSR1/APOA1/CDH7/DCHS1/CDH23/LRRC4/CRB2
GO:0002548,monocyte chemotaxis,8/1244,0.0196751360545205,8,CCL20/CX3CL1/TNFRSF11A/PDGFB/LYN/DUSP1/CCL2/IL6R
GO:0030183,B cell differentiation,19/1244,0.0196860039878982,19,IL2RG/BCL3/ZFP36L1/NFAM1/MMP14/FOSL2/PTPRJ/HDAC9/ID2/NFKBIZ/MSH2/CLCF1/PIK3CD/LFNG/DOCK10/IL4I1/PLCL2/SFRP1/IL7
GO:0010950,positive regulation of endopeptidase activity,22/1244,0.0199969148580207,22,SMAD3/STAT3/TNF/TBC1D10A/TNFSF15/TNFSF10/ARL6IP5/F3/XDH/BBC3/PSME2/LGALS9/BID/PSME1/PMAIP1/LYN/HIP1/ACER2/EFNA1/F2R/LCK/CASP1
GO:2001235,positive regulation of apoptotic signaling pathway,22/1244,0.0199969148580207,22,LTB/VNN1/TNF/CTSS/TNFSF10/NCK1/CAV1/BBC3/PML/NOX1/BID/ATF3/PMAIP1/TRAF2/TLR4/CYLD/TGFBR1/NFATC4/LCK/NUPR1/SFRP1/TLR6
GO:0032970,regulation of actin filament-based process,44/1244,0.0200149331957877,44,SDC4/CX3CL1/SMAD3/PHLDB2/TACSTD2/CD47/DSC2/CORO1A/KIRREL1/NCK1/TPM1/SVIL/SYNPO/CAV1/NEDD9/EDN1/IQGAP2/WNT4/CDC42EP5/CDC42EP2/PDE4D/CARMIL3/TGFBR1/PTGER4/BAIAP2L2/SHANK3/ESAM/TMOD2/KCNJ2/PROX1/CELSR1/GRHL3/PREX1/APOA1/TMOD1/SPTBN5/CGNL1/ADORA1/NPHS1/SFRP1/RGCC/NEB/RAPGEF3/MTSS1
GO:0071300,cellular response to retinoic acid,11/1244,0.0201432405329032,11,TNF/TESC/FZD7/PCK1/LYN/MYB/COL1A1/CYP26B1/AQP1/LTK/OSR1
GO:0040008,regulation of growth,62/1244,0.0201562183815181,62,SMAD3/STAT5A/CSF1/IGFBP3/L1CAM/SAV1/STAT3/MT1E/DCBLD2/AGR2/MMP14/FOSL2/CXCL16/UNC13A/SEMA4B/PTPRJ/BCAR1/IGFBP4/SEMA4C/PML/MT1G/MT2A/G6PD/EDN1/SERTAD2/OSGIN1/GAMT/SEMA3C/VEGFA/BTG1/IL17RB/ULK1/RGS2/CISH/SEMA7A/TGFBR1/CDHR2/OLFM1/MAPK11/FGF2/KIF26A/MT1A/MT1X/DUSP10/SPHK1/JADE1/SYT1/MT3/PROX1/KAZALD1/DCUN1D3/DIO3/MAP2/CPNE5/WWC2/NRCAM/SFRP1/IL7/SIX4/SEMA4A/NTN1/SOCS2
GO:0001960,negative regulation of cytokine-mediated signaling pathway,13/1244,0.0206003242666639,13,SH2B3/OAS3/CAV1/PARP14/OAS1/NLRC5/CYLD/IL1R2/TRAIP/PALM3/ISG15/APOA1/CCDC3
GO:0051153,regulation of striated muscle cell differentiation,13/1244,0.0206003242666639,13,BMP2/MMP14/BHLHE41/ARRB2/HDAC9/DKK1/G6PD/EDN1/FZD7/SHH/RGS2/PROX1/CYP26B1
GO:0060538,skeletal muscle organ development,21/1244,0.0206320325839961,21,CFLAR/PLEC/CTNNB1/MAFF/ASS1/SVIL/CAV1/HDAC9/ATF3/CAV2/FOS/SHH/BARX2/SOX8/CYP26B1/NUPR1/DMD/NPHS1/CNTNAP1/SIX4/RYR1
GO:0030501,positive regulation of bone mineralization,9/1244,0.0206697062706356,9,SMAD3/BMP2/WNT4/CCN1/KL/ISG15/BMP6/TFAP2A/OSR1
GO:0002228,natural killer cell mediated immunity,10/1244,0.0206697062706356,10,HLA-B/HLA-F/HLA-A/CORO1A/ARRB2/LGALS9/RNF19B/SERPINB9/VAV1/KLRK1
GO:0042267,natural killer cell mediated cytotoxicity,10/1244,0.0206697062706356,10,HLA-B/HLA-F/HLA-A/CORO1A/ARRB2/LGALS9/RNF19B/SERPINB9/VAV1/KLRK1
GO:0051966,"regulation of synaptic transmission, glutamatergic",10/1244,0.0206697062706356,10,TNF/UNC13A/OXTR/DKK1/DRD1/CACNG8/SHANK3/CCL2/SYT1/ADORA1
GO:0051051,negative regulation of transport,45/1244,0.0207995121630741,45,CD74/ITGAV/HLA-F/ABAT/TNF/CD47/CORO1A/ANO9/NFKB1/RAP1B/PIM3/ARL6IP5/RHBDF2/CAV1/SLC43A2/LGALS9/EDN1/ADRA2A/FOXO1/PLA2R1/TNFRSF1B/ADTRP/SLC43A1/SHH/GRB10/RGS2/TLR2/PRRT2/WNK4/SESTD1/STXBP6/FABP5/ASIC1/F2R/CABP1/TFF2/GSTM2/DERL3/ANKRD13B/ADRA2B/APOD/ADORA1/SFRP1/OSR1/IL1B
GO:0051346,negative regulation of hydrolase activity,25/1244,0.0208581993188976,25,SERPINA1/IFI6/TNF/PPP1R1B/HDAC9/SERPINB8/SERPINA3/VEGFA/PPP1R14D/PLA2R1/RGS2/SERPINB7/SERPINA4/CPEB2/SERPINB9/LAMP3/SERPINB2/SPOCK2/ANGPTL4/AQP1/DPEP1/ANXA8/SERPINA5/KLRK1/CRB2
GO:0090287,regulation of cellular response to growth factor stimulus,35/1244,0.0209844203235496,35,SMAD3/ATP2B4/CFLAR/ITGA3/CTNNB1/BMP2/PEG10/CREB3L1/JCAD/XDH/DKK1/WNT4/SMOC2/PMEPA1/CCN1/VEGFA/CAV2/CDKN2B/GRB10/SMAD6/FGF2/MT3/TGFB1I1/TNXB/CITED1/DKK3/LDLRAD4/SFRP1/FGF18/EMILIN1/IL1B/FOLR1/TGFBR3L/SOSTDC1/CRB2
GO:0033077,T cell differentiation in thymus,14/1244,0.0215141694696685,14,CD74/IL2RG/ADAM8/TNFRSF9/VNN1/B2M/ZFP36L1/CTNNB1/WNT4/FZD7/SHH/MR1/EGR3/IL1B
GO:0002486,"antigen processing and presentation of endogenous peptide antigen via MHC class I via ER pathway, TAP-independent",5/1244,0.0215988361323833,5,HLA-B/HLA-F/HLA-A/HLA-C/HLA-H
GO:0010744,positive regulation of macrophage derived foam cell differentiation,5/1244,0.0215988361323833,5,CSF1/NFKB1/CSF2/LPL/PLA2G2A
GO:0015803,branched-chain amino acid transport,5/1244,0.0215988361323833,5,LLGL2/SLC43A2/SLC7A5/SLC43A1/SLC6A14
GO:0030213,hyaluronan biosynthetic process,5/1244,0.0215988361323833,5,CEMIP/NFKB1/PDGFB/ABCC5/IL1B
GO:0034104,negative regulation of tissue remodeling,5/1244,0.0215988361323833,5,TNFAIP3/GPR137/UBASH3B/TNFRSF11B/SFRP1
GO:0043373,"CD4-positive, alpha-beta T cell lineage commitment",5/1244,0.0215988361323833,5,STAT3/IL23A/JAK1/IL6R/LOXL3
GO:0048385,regulation of retinoic acid receptor signaling pathway,5/1244,0.0215988361323833,5,TRIM16/AKR1C3/KLF2/DHRS3/CYP26B1
GO:0050855,regulation of B cell receptor signaling pathway,5/1244,0.0215988361323833,5,NFAM1/LYN/GCSAM/PLCL2/CMTM3
GO:0050951,sensory perception of temperature stimulus,5/1244,0.0215988361323833,5,ANO1/LXN/ADRA2A/ADORA1/TRPA1
GO:0055119,relaxation of cardiac muscle,5/1244,0.0215988361323833,5,ATP1B1/PDE4D/RGS2/GSTM2/KCNJ2
GO:0060192,negative regulation of lipase activity,5/1244,0.0215988361323833,5,HDAC9/PLA2R1/RGS2/ANGPTL4/ANXA8
GO:0070365,hepatocyte differentiation,5/1244,0.0215988361323833,5,ITGA2/PCK1/E2F8/CYP1A1/PROX1
GO:0072087,renal vesicle development,5/1244,0.0215988361323833,5,CTNNB1/WNT4/PAX8/SOX8/OSR1
GO:1901203,positive regulation of extracellular matrix assembly,5/1244,0.0215988361323833,5,SMAD3/PHLDB2/TGFBR1/RGCC/EMILIN1
GO:0002052,positive regulation of neuroblast proliferation,7/1244,0.0215988361323833,7,CX3CL1/CTNNB1/VEGFA/HAPLN3/SHH/FGF2/ID4
GO:0035886,vascular associated smooth muscle cell differentiation,7/1244,0.0215988361323833,7,PDGFB/VEGFA/NFATC2/NFATC4/QKI/CTH/NFATC1
GO:0044342,type B pancreatic cell proliferation,7/1244,0.0215988361323833,7,SGPP2/IGFBP3/IGFBP4/RASGRF1/NUPR1/SFRP1/DACH1
GO:0072210,metanephric nephron development,7/1244,0.0215988361323833,7,CTNNB1/PDGFB/WNT4/PAX8/SOX8/AQP1/OSR1
GO:0090594,inflammatory response to wounding,7/1244,0.0215988361323833,7,STAT3/TNF/NFKBIZ/TLR4/F2R/TLR3/SIGLEC10
GO:0030168,platelet activation,18/1244,0.0217053749336026,18,IL6ST/SH2B3/SLC7A11/PDGFB/ADRA2A/LYN/TLR4/UBASH3B/ENTPD2/CD40/PDIA2/F2R/VAV1/LCK/ADRA2B/SAA1/MFSD2B/EMILIN1
GO:0002637,regulation of immunoglobulin production,12/1244,0.0217351536153089,12,TNF/IL4R/TFRC/CGAS/STX4/TRAF2/MSH2/PARP3/CD40/IL27RA/CLCF1/APLF
GO:0050890,cognition,32/1244,0.0217786842168627,32,PRKCG/B2M/TNF/ITGA3/PPP1R1B/OXTR/MAN2B1/SLC7A11/ARL6IP5/DKK1/HLA-DRA/NEDD9/GM2A/PLK2/FOS/NTRK2/DRD1/NPTX2/TLR2/MGAT3/ASIC1/RASGRF1/SHANK3/TMOD2/NFATC4/SLC2A4/CBR3/DNAH11/ADORA1/BRSK1/MAP1A/RAPGEF3
GO:0046890,regulation of lipid biosynthetic process,23/1244,0.0225089500513112,23,CD74/C3/TNF/BMP2/AKR1C3/NFKB1/PDGFB/WNT4/SEC14L2/PCK1/CCN1/SORBS1/ABCG1/MLXIPL/FABP5/SPHK1/FGF19/ZBTB20/PROX1/BMP6/DKK3/IL1B/CCDC3
GO:0062197,cellular response to chemical stress,40/1244,0.0227584146871738,40,SQSTM1/TNFAIP3/RELB/PLEC/ZFP36L1/GJB2/SLC7A11/TPM1/AQP5/ZC3H12A/ARL6IP5/NCOA7/CAV1/NOX1/FOXO3/KLF2/G6PD/EDN1/PCK1/SRXN1/FOXO1/FOS/PLA2R1/STX4/KDM6B/MYB/GCH1/PRR5L/ERN1/MGAT3/CPEB2/GPR37L1/SOD3/BDKRB2/SPHK1/MT3/SLC2A4/AQP1/CASP1/TRPA1
GO:0010460,positive regulation of heart rate,6/1244,0.0227584146871738,6,TPM1/EDN1/PDE4D/GCH1/EDN3/EDN2
GO:0010894,negative regulation of steroid biosynthetic process,6/1244,0.0227584146871738,6,BMP2/NFKB1/WNT4/FGF19/PROX1/DKK3
GO:0014856,skeletal muscle cell proliferation,6/1244,0.0227584146871738,6,CFLAR/CAV2/FOS/SHH/MYB/FGF2
GO:0031338,regulation of vesicle fusion,6/1244,0.0227584146871738,6,DOC2B/CORO1A/PRRT2/SPHK1/SYT1/CPLX1
GO:0060252,positive regulation of glial cell proliferation,6/1244,0.0227584146871738,6,TNF/SLC7A5/LYN/MYB/IL1B/NTN1
GO:0072207,metanephric epithelium development,6/1244,0.0227584146871738,6,WNT4/WWTR1/PAX8/SOX8/AQP1/OSR1
GO:0072567,chemokine (C-X-C motif) ligand 2 production,6/1244,0.0227584146871738,6,CD74/TNF/OAS3/OAS1/TLR4/LPL
GO:1900746,regulation of vascular endothelial growth factor signaling pathway,6/1244,0.0227584146871738,6,JCAD/XDH/SMOC2/VEGFA/TNXB/EMILIN1
GO:2000341,regulation of chemokine (C-X-C motif) ligand 2 production,6/1244,0.0227584146871738,6,CD74/TNF/OAS3/OAS1/TLR4/LPL
GO:0007519,skeletal muscle tissue development,20/1244,0.0227661016793613,20,CFLAR/PLEC/CTNNB1/MAFF/SVIL/CAV1/HDAC9/ATF3/CAV2/FOS/SHH/BARX2/SOX8/CYP26B1/NUPR1/DMD/NPHS1/CNTNAP1/SIX4/RYR1
GO:0002931,response to ischemia,11/1244,0.0228978300261134,11,SQSTM1/CX3CL1/CSF1/GJB2/CAV1/FAIM2/BCL2L2/MYB/PANX1/PANX2/UCHL1
GO:0043299,leukocyte degranulation,11/1244,0.0228978300261134,11,PTAFR/HLA-F/CORO1A/IL4R/LGALS9/ITGAM/STX4/LYN/RAC2/PIK3CD/PTGDR
GO:0046686,response to cadmium ion,11/1244,0.0228978300261134,11,MT1E/GCLC/NPC1/MT1G/MT2A/FOS/MT1A/MT1X/MT3/SLC39A8/TERT
GO:0051148,negative regulation of muscle cell differentiation,11/1244,0.0228978300261134,11,BMP2/BHLHE41/PDGFB/DKK1/G6PD/FZD7/ID2/SHH/RGS2/NFATC2/NFATC1
GO:0060395,SMAD protein signal transduction,13/1244,0.0228978300261134,13,SMAD3/BMP2/NCEH1/PML/ITGB6/PMEPA1/WWTR1/FOS/SMAD6/TGFBR1/BMP6/CITED1/LDLRAD4
GO:0007610,behavior,55/1244,0.0229257847761513,55,PI3/PRKCG/ABAT/STAT3/B2M/ITGA3/SNCG/PPP1R1B/NAV2/OXTR/MAN2B1/NMU/SLC7A11/ARL6IP5/ARRB2/GJB4/DKK1/NPC1/NEDD9/GM2A/MAFG/ADCY5/PLK2/ID2/FOS/NTRK2/DRD1/NPTX2/REN/TLR2/CSF2/RXFP4/ASIC1/RASGRF1/SHANK3/NMUR2/TMOD2/GPR176/NFATC4/SLC2A4/KCNA2/SLITRK6/TMOD1/DNAH11/UCHL1/ADORA1/HTR1D/PMCH/CDH23/BRSK1/C3orf70/DACH1/MAP1A/RAPGEF3/RASD2
GO:0007431,salivary gland development,8/1244,0.0235604746140463,8,TNF/TGM2/LAMA5/NTN4/SEMA3C/SHH/EDAR/LAMA1
GO:0045214,sarcomere organization,8/1244,0.0235604746140463,8,PLEC/TPM1/OBSCN/EDN1/PROX1/TNNT2/CSRP2/SIX4
GO:0071276,cellular response to cadmium ion,8/1244,0.0235604746140463,8,MT1E/MT1G/MT2A/FOS/MT1A/MT1X/MT3/SLC39A8
GO:0071711,basement membrane organization,8/1244,0.0235604746140463,8,PHLDB2/CTSS/LAMC1/CAV1/NTN4/CAV2/NID2/LAMA1
GO:0085029,extracellular matrix assembly,8/1244,0.0235604746140463,8,SMAD3/PHLDB2/NTN4/TGFBR1/FKBP10/TNXB/RGCC/EMILIN1
GO:1902692,regulation of neuroblast proliferation,8/1244,0.0235604746140463,8,CX3CL1/CTNNB1/VEGFA/HAPLN3/SHH/FGF2/ID4/PROX1
GO:2000516,"positive regulation of CD4-positive, alpha-beta T cell activation",8/1244,0.0235604746140463,8,IL2RG/IL23A/HLA-DRB1/IL4R/HLA-DRA/LGALS9/NFKBIZ/CD83
GO:0061028,establishment of endothelial barrier,10/1244,0.0238122962820979,10,ICAM1/TNF/RAP1B/AFDN/VEGFA/PDE4D/CLDN1/IL1B/RAPGEF3/S1PR3
GO:0071385,cellular response to glucocorticoid stimulus,10/1244,0.0238122962820979,10,CFLAR/ZFP36L1/GJB2/ASS1/HMGCS2/EDN1/PCK1/FECH/FBXO32/AQP1
GO:0002790,peptide secretion,29/1244,0.0239490415248493,29,CD74/ABAT/SLC25A22/DOC2B/TNF/ANO1/PIM3/HLA-DRB1/SOX4/EDN1/ADRA2A/SYT7/ADCY5/FOXO1/STX4/SLC8B1/PAX8/CHRM3/NOS2/SLC16A10/CPLX1/ADORA1/AQP1/TFR2/SFRP1/EDN3/IL1B/SLC9B2/GPR27
GO:2000377,regulation of reactive oxygen species metabolic process,21/1244,0.0239490415248493,21,DUOXA2/NOXO1/DUOXA1/CFLAR/TNF/IER3/AKR1C3/ZC3H12A/XDH/PDGFB/AKR1C1/G6PD/ITGAM/GADD45A/FOXO1/TLR4/RAC2/GCH1/MT3/TFAP2A/TLR6
GO:0008645,hexose transmembrane transport,17/1244,0.0240313998219131,17,C3/SLC2A6/TNF/SLC5A1/EDN1/MFSD4A/SORBS1/DRD1/GRB10/SLC5A2/FABP5/FGF19/SLC5A10/SLC2A4/KLF15/TERT/IL1B
GO:0042475,odontogenesis of dentin-containing tooth,12/1244,0.0247658355210556,12,CSF1/CTNNB1/BMP2/LAMA5/ITGB6/SHH/KLK5/RELT/WNT10A/TNFRSF11B/EDAR/SOSTDC1
GO:0140962,multicellular organismal-level chemical homeostasis,12/1244,0.0247658355210556,12,B2M/ITGB6/OAS1/CYP4F12/VEGFA/PRKACB/FECH/AQP3/SCNN1B/BMP6/AQP1/TFR2
GO:0030323,respiratory tube development,24/1244,0.0250242871732999,24,SAV1/SPDEF/TNF/ITGA3/CTNNB1/BMP2/AGR2/MMP14/FOSL2/LAMA5/SLC7A11/HMGCS2/ITGB6/KLF2/VEGFA/SHH/FGF2/PROX1/CELSR1/LOXL3/LAMA1/FGF18/EDN2/CRISPLD2
GO:0001505,regulation of neurotransmitter levels,22/1244,0.0252022181833394,22,PRKCG/DOC2B/SNCG/UNC13A/RAP1B/SYT7/SYT12/SYNGR3/DRD1/PRRT2/SLC6A12/ASIC1/KCNMB4/PPFIA3/SYT1/CADPS2/SV2B/CPLX1/WNT7A/SYT8/BRSK1/SYN2
GO:0046883,regulation of hormone secretion,28/1244,0.0254301181182716,28,ABAT/SLC25A22/DOC2B/TNF/ANO1/PIM3/HLA-DRB1/SOX4/EDN1/ADRA2A/SYT7/ADCY5/FOXO1/STX4/REN/MYB/SLC8B1/PAX8/CHRM3/BMP6/NOS2/ADORA1/TFR2/SFRP1/EDN3/IL1B/SLC9B2/GPR27
GO:0007269,neurotransmitter secretion,19/1244,0.0255864337574313,19,PRKCG/DOC2B/SNCG/UNC13A/RAP1B/SYT7/SYT12/PRRT2/ASIC1/KCNMB4/PPFIA3/SYT1/CADPS2/SV2B/CPLX1/WNT7A/SYT8/BRSK1/SYN2
GO:0099643,signal release from synapse,19/1244,0.0255864337574313,19,PRKCG/DOC2B/SNCG/UNC13A/RAP1B/SYT7/SYT12/PRRT2/ASIC1/KCNMB4/PPFIA3/SYT1/CADPS2/SV2B/CPLX1/WNT7A/SYT8/BRSK1/SYN2
GO:0002520,immune system development,25/1244,0.0257573478978596,25,LTB/TNFAIP3/NFKB2/HLA-B/BCL3/SMAD3/CTNNB1/TNFRSF11A/LGALS9/TFRC/NFKBIZ/CDKN2B/LYN/SHH/MSH2/PARP3/TGFBR1/CD40/IL27RA/EPHB3/CLCF1/FOXL1/APLF/IL15/SIX4
GO:0062012,regulation of small molecule metabolic process,38/1244,0.0257592880973808,38,CD74/PTAFR/ATP2B4/TFF3/SLC2A6/IGFBP3/STAT3/TNF/BMP2/IER3/AKR1C3/NFKB1/SLC7A11/IGFBP4/CAV1/ME1/CD320/WNT4/SEC14L2/FOXO1/SORBS1/PMAIP1/ABCG1/MLXIPL/FABP5/LACC1/RORC/EPHX2/FGF19/ZBTB20/PROX1/BMP6/NOS2/APOA1/NUPR1/DKK3/GCKR/IL1B
GO:0032409,regulation of transporter activity,26/1244,0.0264215212406333,26,ATP1B1/RNF207/CTSS/ANO9/ABCB1/CAV1/TESC/EDN1/ADRA2A/SYNGR3/SLMAP/CACNG8/PDE4D/CACNB1/SHANK3/CCL2/JSRP1/CABP1/GSTM2/CHRM3/CRACR2A/CNIH3/DMD/CHP2/OSR1/LRRC26
GO:1901653,cellular response to peptide,41/1244,0.0264924038663991,41,STAT5A/ICAM1/CFLAR/STAT3/ZFP36L1/TNF/ANO1/GJB2/NFKB1/ASS1/NCK1/LPIN2/BCAR1/GCLC/HMGCS2/CAV1/HDAC9/KLF2/EDN1/JAK1/PCK1/FOXO1/CAV2/FOS/SORBS1/BCL2L2/RPE65/LYN/TLR4/PNPLA3/GRB10/CPEB2/CACNB1/SCNN1B/SLC2A4/KLF15/ECHDC3/ATP1A3/IL1B/TLR6/SOCS2
GO:0045446,endothelial cell differentiation,17/1244,0.0267761768200185,17,ICAM1/TNF/CTNNB1/CLIC4/RAP1B/AFDN/XDH/VEGFA/BTG1/KDM6B/PDE4D/CLDN1/PROX1/BMP6/IL1B/RAPGEF3/S1PR3
GO:0051928,positive regulation of calcium ion transport,14/1244,0.0267877350112053,14,ATP1B1/CX3CL1/CEMIP/CXCL11/CAV1/PDGFB/G6PD/DRD1/ATP2C2/CCL2/F2R/GSTM2/CRACR2A/AKAP5
GO:0001508,action potential,16/1244,0.0268653393561845,16,ATP1B1/RNF207/TNF/DSC2/CAV1/SLMAP/NTRK2/DRD1/GNA15/KCNMB4/KCNJ2/KCNA2/KCNAB2/DMD/NRCAM/CNTNAP1
GO:0001516,prostaglandin biosynthetic process,7/1244,0.0268653393561845,7,CD74/AKR1C3/PTGES/EDN1/FABP5/IL1B/EDN2
GO:0034694,response to prostaglandin,7/1244,0.0268653393561845,7,AKR1C3/AKR1C2/HMGCS2/EDN1/PTGER4/PTGDR/SFRP1
GO:0042044,fluid transport,7/1244,0.0268653393561845,7,SLC5A1/AQP5/EDN1/CSF2/AQP3/SCNN1B/AQP1
GO:0045124,regulation of bone resorption,7/1244,0.0268653393561845,7,TNFAIP3/ADAM8/TNFRSF11A/GPR137/TFRC/UBASH3B/TNFRSF11B
GO:0045823,positive regulation of heart contraction,7/1244,0.0268653393561845,7,TPM1/EDN1/PDE4D/GCH1/RGS2/EDN3/EDN2
GO:0046457,prostanoid biosynthetic process,7/1244,0.0268653393561845,7,CD74/AKR1C3/PTGES/EDN1/FABP5/IL1B/EDN2
GO:0071549,cellular response to dexamethasone stimulus,7/1244,0.0268653393561845,7,CFLAR/GJB2/ASS1/PCK1/FECH/FBXO32/AQP1
GO:1901889,negative regulation of cell junction assembly,7/1244,0.0268653393561845,7,PHLDB2/TNF/MMP14/DKK1/TLR2/APOD/IL1B
GO:1903524,positive regulation of blood circulation,7/1244,0.0268653393561845,7,TPM1/EDN1/PDE4D/GCH1/RGS2/EDN3/EDN2
GO:0002791,regulation of peptide secretion,24/1244,0.0268713073445984,24,CD74/ABAT/SLC25A22/DOC2B/TNF/ANO1/PIM3/HLA-DRB1/SOX4/ADRA2A/SYT7/ADCY5/FOXO1/STX4/SLC8B1/PAX8/CHRM3/NOS2/ADORA1/TFR2/SFRP1/IL1B/SLC9B2/GPR27
GO:0003179,heart valve morphogenesis,10/1244,0.0279324447242306,10,BMP2/SOX4/CCN1/SMAD6/OLFM1/EFNA1/NFATC1/DCHS1/ADAMTS9/EMILIN1
GO:0007200,phospholipase C-activating G protein-coupled receptor signaling pathway,10/1244,0.0279324447242306,10,PTAFR/ANO1/TGM2/ADRA2A/DRD1/GNA15/NMUR2/F2R/CHRM3/GPR27
GO:0006836,neurotransmitter transport,23/1244,0.0283418855301585,23,PRKCG/DOC2B/SNCG/UNC13A/RAP1B/SYT7/SYT12/SYNGR3/DRD1/STX4/PRRT2/SLC6A12/ASIC1/KCNMB4/PPFIA3/SYT1/CADPS2/SV2B/CPLX1/WNT7A/SYT8/BRSK1/SYN2
GO:0008643,carbohydrate transport,21/1244,0.0284752222671011,21,C3/SLC2A6/SLC37A1/TNF/SLC5A1/EDN1/MFSD4A/SORBS1/DRD1/GRB10/SLC5A2/FABP5/AQP3/FGF19/SLC5A10/SLC2A4/AQP1/KLF15/TERT/MFSD2B/IL1B
GO:1905952,regulation of lipid localization,21/1244,0.0284752222671011,21,NFKBIA/ITGAV/C3/IKBKE/TNF/NFKB1/TNFRSF11A/ZC3H12A/PTGES/CAV1/EDN1/PLA2R1/REN/SHH/MYB/ABCG1/LPL/BMP6/APOA1/ABCA13/IL1B
GO:0042311,vasodilation,8/1244,0.0287109594254514,8,TNF/KLF2/ADRA2A/DRD1/GCH1/RGS2/BDKRB2/ADORA1
GO:0050919,negative chemotaxis,8/1244,0.0287109594254514,8,ITGAV/SEMA4B/SEMA4C/SEMA3C/SEMA7A/APOA1/SEMA4A/NTN1
GO:0033173,calcineurin-NFAT signaling cascade,9/1244,0.0287820384110905,9,ATP2B4/TNF/NFATC2/NFATC4/NFATC1/AKAP5/CHP2/HOMER3/ADGRB2
GO:0089718,amino acid import across plasma membrane,9/1244,0.0287820384110905,9,TNF/SLC7A11/ARL6IP5/SLC43A2/SLC7A5/SLC38A5/SLC43A1/RGS2/SLC6A14
GO:0015749,monosaccharide transmembrane transport,17/1244,0.0293266014440726,17,C3/SLC2A6/TNF/SLC5A1/EDN1/MFSD4A/SORBS1/DRD1/GRB10/SLC5A2/FABP5/FGF19/SLC5A10/SLC2A4/KLF15/TERT/IL1B
GO:0097237,cellular response to toxic substance,17/1244,0.0293266014440726,17,DUOX2/GPX2/TNF/GPX4/ABTB2/TXNRD1/PTGES/SRXN1/DUOX1/GCH1/SOD3/AKR1B10/GSTM2/GPX3/MT3/SLC39A8/GSTA1
GO:0007416,synapse assembly,20/1244,0.0293266014440726,20,PLXNB2/CTNNB1/OXTR/DKK1/THBS2/NTRK2/DRD1/TLR2/AMIGO2/ACHE/EPHB3/SHANK3/SPOCK2/SLITRK6/NRCAM/WNT7A/SIX4/LRRC4/SEMA4A/NTN1
GO:0002825,regulation of T-helper 1 type immune response,6/1244,0.0293266014440726,6,IL23A/IL4R/ASCL2/IL18R1/IL27RA/IL1B
GO:0006958,"complement activation, classical pathway",6/1244,0.0293266014440726,6,C3/CLU/C4BPB/SVEP1/C5/SUSD4
GO:0032689,negative regulation of type II interferon production,6/1244,0.0293266014440726,6,ZC3H12A/HLA-DRB1/LGALS9/TLR4/LGALS9B/LGALS9C
GO:0035994,response to muscle stretch,6/1244,0.0293266014440726,6,NFKBIA/CTNNB1/NFKB1/EDN1/FOS/DMD
GO:0043931,ossification involved in bone maturation,6/1244,0.0293266014440726,6,BMP2/RFLNA/ZNF664-RFLNA/SNX10/DCHS1/RYR1
GO:0050869,negative regulation of B cell activation,6/1244,0.0293266014440726,6,TNFAIP3/TNFRSF21/ID2/LYN/PARP3/SFRP1
GO:0061437,renal system vasculature development,6/1244,0.0293266014440726,6,CFLAR/PDGFB/SERPINB7/IL6R/AQP1/OSR1
GO:0061440,kidney vasculature development,6/1244,0.0293266014440726,6,CFLAR/PDGFB/SERPINB7/IL6R/AQP1/OSR1
GO:0071354,cellular response to interleukin-6,6/1244,0.0293266014440726,6,SBNO2/IL6ST/STAT3/NFKB1/JAK1/IL6R
GO:0150146,cell junction disassembly,6/1244,0.0293266014440726,6,CX3CL1/C3/MAP4K4/DKK1/ITGAM/TGFBR1
GO:1901381,positive regulation of potassium ion transmembrane transport,6/1244,0.0293266014440726,6,ATP1B1/RNF207/KCNN4/KCNJ2/EDN3/LRRC26
GO:0001676,long-chain fatty acid metabolic process,16/1244,0.0293859492726895,16,GPX4/GSTM4/AKR1C3/CYP2B6/PLA2G4C/CYP4F12/CYP4F3/ADTRP/PNPLA3/CYP1A1/GSTM2/CYP3A4/CYP4F11/QKI/SLC27A5/GSTA1
GO:0048144,fibroblast proliferation,16/1244,0.0293859492726895,16,CD74/CTNNB1/FOSL2/CAV1/PDGFB/PML/IFI30/MYB/E2F8/SPHK1/NUPR1/PDGFC/AQP1/SFRP1/DACH1/BTC
GO:1901655,cellular response to ketone,16/1244,0.0293859492726895,16,CFLAR/AKR1C3/GJB2/ASS1/AKR1C2/KLF2/ADCY5/PCK1/FOS/FECH/PTGER4/FBXO32/SCNN1B/PTGDR/AQP1/SFRP1
GO:0007187,"G protein-coupled receptor signaling pathway, coupled to cyclic nucleotide second messenger",5/1244,0.0293859492726895,5,DRD1/VIPR1/CCL2/CHRM3/HTR1D
GO:0007252,I-kappaB phosphorylation,5/1244,0.0293859492726895,5,CX3CL1/TNF/TLR4/TLR2/TLR3
GO:0032310,prostaglandin secretion,5/1244,0.0293859492726895,5,TNFRSF11A/PTGES/EDN1/NOS2/IL1B
GO:0043011,myeloid dendritic cell differentiation,5/1244,0.0293859492726895,5,UBD/RELB/ITGB8/ITGB6/CSF2
GO:0071732,cellular response to nitric oxide,5/1244,0.0293859492726895,5,CFLAR/FOXO1/TRAF2/AQP1/DPEP1
GO:0090189,regulation of branching involved in ureteric bud morphogenesis,5/1244,0.0293859492726895,5,TACSTD2/VEGFA/PAX8/SOX8/SIX4
GO:1901201,regulation of extracellular matrix assembly,5/1244,0.0293859492726895,5,SMAD3/PHLDB2/TGFBR1/RGCC/EMILIN1
GO:0006821,chloride transport,14/1244,0.0293859492726895,14,ANO1/ANO9/CLIC4/ABCB1/SLC12A7/CLCN4/WNK4/GABRP/APOL1/SLC6A14/CLIC6/SLC26A2/NMUR2/CA7
GO:0014033,neural crest cell differentiation,14/1244,0.0293859492726895,14,LAMA5/SEMA4B/SEMA4C/EDN1/SEMA3C/SHH/SEMA7A/WNT10A/SOX8/FGF19/SFRP1/EDN3/SEMA4A/FOLR1
GO:2001237,negative regulation of extrinsic apoptotic signaling pathway,15/1244,0.0295082417514884,15,TNFAIP3/ITGAV/CX3CL1/ICAM1/IFI6/CFLAR/TNF/GCLC/GCLM/FAIM2/TGFBR1/CSF2/TERT/IL7/IL1B
GO:0045600,positive regulation of fat cell differentiation,11/1244,0.0300076913648105,11,SAV1/ZFP36L1/BMP2/ZC3H12A/TFE3/ID2/CEBPB/LPL/LMO3/SFRP1/CCDC3
GO:0090087,regulation of peptide transport,24/1244,0.0310081406434267,24,CD74/ABAT/SLC25A22/DOC2B/TNF/ANO1/PIM3/HLA-DRB1/SOX4/ADRA2A/SYT7/ADCY5/FOXO1/STX4/SLC8B1/PAX8/CHRM3/NOS2/ADORA1/TFR2/SFRP1/IL1B/SLC9B2/GPR27
GO:0001952,regulation of cell-matrix adhesion,18/1244,0.0311863961625495,18,SDC4/CX3CL1/SMAD3/PHLDB2/CSF1/MMP14/PTPRJ/PLAU/RRAS/MAP4K4/WNT4/COL16A1/VEGFA/ACER2/CEACAM6/SKAP1/APOD/SFRP1
GO:0046425,regulation of receptor signaling pathway via JAK-STAT,12/1244,0.0318666787641278,12,BCL3/SH2B3/TNF/CAV1/PARP14/IL23A/IFNAR2/GADD45A/F2R/IL6R/PRLR/SOCS2
GO:0016331,morphogenesis of embryonic epithelium,20/1244,0.0318666787641278,20,SDC4/PLXNB2/CTNNB1/LAMA5/SEMA4C/WNT4/PRKACB/SHH/PAX8/SOX8/VANGL2/CELSR1/GRHL3/TFAP2A/TGFB1I1/LIAS/SFRP1/SIX4/OSR1/FOLR1
GO:0032835,glomerulus development,10/1244,0.0321786292478206,10,CFLAR/PDGFB/WWTR1/SERPINB7/IL6R/AQP1/NPHS1/KLF15/OSR1/MTSS1
GO:0140374,antiviral innate immune response,10/1244,0.0321786292478206,10,TNF/TRIM31/NCK1/RIGI/OAS1/MX1/IFIH1/IFIT3/ZDHHC1/IFIT2
GO:0048640,negative regulation of developmental growth,16/1244,0.0327600805737522,16,SAV1/SEMA4B/SEMA4C/G6PD/SEMA3C/ULK1/RGS2/SEMA7A/MAPK11/DUSP10/MT3/MAP2/WWC2/SEMA4A/NTN1/SOCS2
GO:0060761,negative regulation of response to cytokine stimulus,13/1244,0.032826569529506,13,SH2B3/OAS3/CAV1/PARP14/OAS1/NLRC5/CYLD/IL1R2/TRAIP/PALM3/ISG15/APOA1/CCDC3
GO:0015908,fatty acid transport,15/1244,0.0329533426168739,15,TNFRSF11A/SLCO3A1/PTGES/EDN1/RBP1/PLA2R1/PLA2G12B/FABP5/NMUR2/BDKRB2/SLCO2A1/NOS2/PLA2G2A/SLC27A5/IL1B
GO:0140888,interferon-mediated signaling pathway,15/1244,0.0329533426168739,15,IFNGR1/IRF1/IFNGR2/IKBKE/TRAF3/OAS3/PARP14/IFNAR2/JAK1/OAS1/NLRC5/TANK/IFIH1/IFNLR1/ISG15
GO:0002369,T cell cytokine production,7/1244,0.0329533426168739,7,HLA-F/HLA-A/B2M/TNFRSF1B/TRAF2/IL18R1/IL1B
GO:0002724,regulation of T cell cytokine production,7/1244,0.0329533426168739,7,HLA-F/HLA-A/B2M/TNFRSF1B/TRAF2/IL18R1/IL1B
GO:0010573,vascular endothelial growth factor production,7/1244,0.0329533426168739,7,C3/IL6ST/TNF/NOX1/C5/IL6R/IL1B
GO:0033687,osteoblast proliferation,7/1244,0.0329533426168739,7,ITGAV/SMAD3/JUNB/BMP2/CCN1/SOX8/SFRP1
GO:0034110,regulation of homotypic cell-cell adhesion,7/1244,0.0329533426168739,7,IL6ST/SH2B3/JAK1/LYN/UBASH3B/MFSD2B/EMILIN1
GO:0070423,nucleotide-binding oligomerization domain containing signaling pathway,7/1244,0.0329533426168739,7,TNFAIP3/NFKBIA/BIRC3/SLC15A3/TLR4/CYLD/LACC1
GO:0070633,transepithelial transport,7/1244,0.0329533426168739,7,SLC5A1/ABCB1/EDN1/CSF2/SCNN1B/ABCC2/AQP1
GO:0019218,regulation of steroid metabolic process,14/1244,0.0329566541406678,14,TNF/BMP2/AKR1C3/NFKB1/WNT4/SEC14L2/ABCG1/RORC/EPHX2/FGF19/PROX1/BMP6/APOA1/DKK3
GO:0035272,exocrine system development,9/1244,0.0334093362172236,9,TNF/TGM2/LAMA5/IGSF3/NTN4/SEMA3C/SHH/EDAR/LAMA1
GO:0043331,response to dsRNA,9/1244,0.0334093362172236,9,NFKBIA/NFKB1/TICAM1/CAV1/RIGI/CGAS/PMAIP1/IFIH1/TLR3
GO:0045840,positive regulation of mitotic nuclear division,9/1244,0.0334093362172236,9,TNF/TGFA/PDGFB/EDN1/SPHK1/RGCC/EDN3/IL1B/BTC
GO:0048146,positive regulation of fibroblast proliferation,9/1244,0.0334093362172236,9,CD74/FOSL2/PDGFB/PML/MYB/SPHK1/PDGFC/AQP1/BTC
GO:0097720,calcineurin-mediated signaling,9/1244,0.0334093362172236,9,ATP2B4/TNF/NFATC2/NFATC4/NFATC1/AKAP5/CHP2/HOMER3/ADGRB2
GO:0031294,lymphocyte costimulation,8/1244,0.0338585205038933,8,TNFRSF14/CAV1/CD320/LYN/MAP3K8/VAV1/LCK/KLRK1
GO:0032715,negative regulation of interleukin-6 production,8/1244,0.0338585205038933,8,TNFAIP3/CX3CL1/TNF/ZC3H12A/ARRB2/KLF2/TLR4/IL27RA
GO:0035850,epithelial cell differentiation involved in kidney development,8/1244,0.0338585205038933,8,CTNNB1/PDGFB/WWTR1/PAX8/NPHS1/KLF15/OSR1/MTSS1
GO:0043030,regulation of macrophage activation,8/1244,0.0338585205038933,8,CD74/CX3CL1/MFHAS1/ZC3H12A/IL4R/TLR4/SPHK1/TLR6
GO:0043114,regulation of vascular permeability,8/1244,0.0338585205038933,8,PLEC/PTPRJ/AKAP12/VEGFA/BDKRB2/BMP6/C2CD4A/C2CD4B
GO:0043300,regulation of leukocyte degranulation,8/1244,0.0338585205038933,8,PTAFR/HLA-F/IL4R/LGALS9/ITGAM/STX4/LYN/RAC2
GO:1903531,negative regulation of secretion by cell,18/1244,0.0338585205038933,18,HLA-F/ABAT/RAP1B/PIM3/RHBDF2/LGALS9/EDN1/ADRA2A/FOXO1/TNFRSF1B/ADTRP/STXBP6/ASIC1/F2R/ADRA2B/ADORA1/SFRP1/IL1B
GO:0007254,JNK cascade,23/1244,0.0349932981741844,23,SMAD3/TNF/MFHAS1/NFKB1/MAP4K4/DUSP16/NOX1/GADD45A/FZD7/CDC42EP5/TRAF2/TLR4/CYLD/PER1/PTGER4/DUSP10/FGF19/TLR3/TNFRSF19/EDAR/NPHS1/WNT7A/IL1B
GO:0045667,regulation of osteoblast differentiation,17/1244,0.0349932981741844,17,SMAD3/IL6ST/TNF/CTNNB1/BMP2/WNT4/WWTR1/CCN1/SMAD6/CEBPB/CEBPD/FGF2/BMP6/IL6R/CITED1/SFRP1/SMOC1
GO:0030178,negative regulation of Wnt signaling pathway,21/1244,0.0358229028903669,21,CTNNB1/BMP2/RNF213/IGFBP4/CAV1/DKK1/WWTR1/FOXO1/SHH/GRB10/IGFBP2/CYLD/TLE4/JADE1/TLE6/BICC1/NFATC4/CITED1/DKK3/SFRP1/SOSTDC1
GO:0072175,epithelial tube formation,19/1244,0.0359083865047583,19,SDC4/PLXNB2/CTNNB1/SEMA4C/WNT4/PRKACB/FGF2/PAX8/SOX8/PIK3CD/VANGL2/PROX1/CELSR1/GRHL3/LIAS/SFRP1/SIX4/OSR1/FOLR1
GO:0140747,regulation of ncRNA transcription,15/1244,0.036609998236021,15,SMAD3/STAT3/TNF/BMP2/ETS1/PDGFB/FOXO3/FOS/SMAD6/MYB/FGF2/POU5F1/NFATC4/TERT/MYCN
GO:0050871,positive regulation of B cell activation,13/1244,0.0367307200236549,13,CD74/IL2RG/MMP14/TICAM1/CD320/TFRC/TLR4/MSH2/CD40/NFATC2/CLCF1/PRLR/IL7
GO:0006749,glutathione metabolic process,10/1244,0.0371646193404291,10,GPX4/GSTM4/SLC7A11/GCLC/ARL6IP5/GCLM/G6PD/GSTM2/DPEP1/GSTA1
GO:0050906,detection of stimulus involved in sensory perception,10/1244,0.0371646193404291,10,ITGA2/TNF/ANO1/AZGP1/LXN/REEP6/RPE65/ADORA1/STRC/TRPA1
GO:0071805,potassium ion transmembrane transport,18/1244,0.0371778468903807,18,ATP1B1/RNF207/KCNK1/KCNN4/CAV1/SLC12A7/SLC9A7/WNK4/KCNMB4/KCNJ2/KCNA2/KCNQ4/KCNAB2/AQP1/EDN3/ATP1A3/KCNV1/LRRC26
GO:0060627,regulation of vesicle-mediated transport,54/1244,0.0371778468903807,54,IL2RG/ITGAV/SDC4/PTAFR/HLA-F/PRKCG/C3/ITGA2/DOC2B/B2M/TNF/CD47/CORO1A/TGM2/PTPRJ/RAP1B/ARRB2/CAV1/DKK1/IL4R/CLU/LGALS9/ITGAM/ADRA2A/SYT7/SYT12/VEGFA/STX4/LYN/RAC2/PLD1/TLR2/PRRT2/HIP1/STXBP6/RAB15/CCL2/IL15RA/SPHK1/SYT1/CADPS2/ANKRD13B/APOA1/SV2B/CPLX1/SYNE1/WNT7A/TFR2/AKAP5/ABCA13/SYT8/CD14/IL15/IL1B
GO:0007398,ectoderm development,6/1244,0.0371778468903807,6,CTNNB1/ITGAM/FZD7/SHH/KRT6B/GRHL3
GO:0014829,vascular associated smooth muscle contraction,6/1244,0.0371778468903807,6,EDN1/SCNN1B/CHRM3/ADRA2B/EDN3/EDN2
GO:0042759,long-chain fatty acid biosynthetic process,6/1244,0.0371778468903807,6,GPX4/GSTM4/CYP1A1/GSTM2/CYP3A4/QKI
GO:0048483,autonomic nervous system development,6/1244,0.0371778468903807,6,CTNNB1/NAV2/SOX4/KIF26A/SOX8/TFAP2A
GO:0071359,cellular response to dsRNA,6/1244,0.0371778468903807,6,NFKB1/CAV1/RIGI/CGAS/IFIH1/TLR3
GO:0090330,regulation of platelet aggregation,6/1244,0.0371778468903807,6,IL6ST/SH2B3/LYN/UBASH3B/MFSD2B/EMILIN1
GO:0042391,regulation of membrane potential,36/1244,0.03797554186881,36,ATP1B1/RNF207/ABAT/IFI6/TNF/DSC2/KCNK1/GCLC/ARL6IP5/ARRB2/KCNN4/CAV1/GCLM/EDN1/BID/SLMAP/NTRK2/DRD1/PMAIP1/SLC8B1/GABRP/ASIC1/GNA15/SHANK3/KCNMB4/KCNJ2/KCNA2/SLC39A8/ADORA1/SYNE1/KCNAB2/DMD/NRCAM/WNT7A/CNTNAP1/ATP1A3
GO:0030038,contractile actin filament bundle assembly,17/1244,0.0384280238458823,17,SDC4/SMAD3/PHLDB2/TACSTD2/CD47/TPM1/WNT4/FAM171A1/KCTD13/SORBS1/TGFBR1/PTGER4/APOA1/CGNL1/SFRP1/RGCC/RAPGEF3
GO:0043149,stress fiber assembly,17/1244,0.0384280238458823,17,SDC4/SMAD3/PHLDB2/TACSTD2/CD47/TPM1/WNT4/FAM171A1/KCTD13/SORBS1/TGFBR1/PTGER4/APOA1/CGNL1/SFRP1/RGCC/RAPGEF3
GO:0048675,axon extension,17/1244,0.0384280238458823,17,L1CAM/SEMA4B/SEMA4C/EDN1/SEMA3C/ALCAM/VEGFA/ULK1/SEMA7A/OLFM1/MT3/MAP2/NRCAM/EDN3/EDN2/SEMA4A/NTN1
GO:0030111,regulation of Wnt signaling pathway,38/1244,0.0390756742999021,38,TNFAIP3/TMEM132A/SMAD3/ITGA3/CTNNB1/BMP2/RNF213/NFKB1/IGFBP4/CAV1/DKK1/SOX4/FZD7/WWTR1/TMEM9/FOXO1/GPRC5B/SHH/GRB10/TLR2/IGFBP2/CYLD/FGF2/TLE4/COL1A1/JADE1/TLE6/BICC1/NFATC4/FOXL1/PLPP3/CITED1/DKK3/KLF15/TERT/SFRP1/FOLR1/SOSTDC1
GO:0045778,positive regulation of ossification,9/1244,0.0391489960739225,9,SMAD3/BMP2/WNT4/CCN1/KL/ISG15/BMP6/TFAP2A/OSR1
GO:0046638,positive regulation of alpha-beta T cell differentiation,9/1244,0.0391489960739225,9,IL2RG/IL23A/HLA-DRB1/IL4R/HLA-DRA/LGALS9/NFKBIZ/SHH/CD83
GO:0061082,myeloid leukocyte cytokine production,9/1244,0.0391489960739225,9,CD74/TICAM1/RIGI/TLR4/GPRC5B/SEMA7A/PANX1/TLR3/SPON2
GO:0030858,positive regulation of epithelial cell differentiation,11/1244,0.0391489960739225,11,TRIM16/CTNNB1/BMP2/BTG1/ETV4/CDKN2B/PLAAT4/FGF2/PAX8/ZBED2/BMP6
GO:0045666,positive regulation of neuron differentiation,11/1244,0.0391489960739225,11,DUOXA1/BMP2/DKK1/GPRC5B/FGF2/MMD/PROX1/BMP6/ADRA2B/NRCAM/SOCS2
GO:0050810,regulation of steroid biosynthetic process,11/1244,0.0391489960739225,11,TNF/BMP2/AKR1C3/NFKB1/WNT4/SEC14L2/ABCG1/FGF19/PROX1/BMP6/DKK3
GO:1904427,positive regulation of calcium ion transmembrane transport,11/1244,0.0391489960739225,11,ATP1B1/CX3CL1/CEMIP/CXCL11/CAV1/G6PD/DRD1/F2R/GSTM2/CRACR2A/AKAP5
GO:0042593,glucose homeostasis,28/1244,0.0392173494539878,28,ICAM1/STAT3/ANO1/FOSL2/GCLC/PIM3/SLC12A7/HLA-DRB1/SOX4/GCLM/ADRA2A/ADCY5/PCK1/OAS1/FOXO1/STX4/SLC8B1/HKDC1/ERN1/MLXIPL/FOXA3/FABP5/ZBTB20/SLC2A4/KLF15/GCKR/SLC9B2/GPR27
GO:0002363,alpha-beta T cell lineage commitment,5/1244,0.0392173494539878,5,STAT3/IL23A/JAK1/IL6R/LOXL3
GO:0002756,MyD88-independent toll-like receptor signaling pathway,5/1244,0.0392173494539878,5,TRAF3/TICAM1/TLR4/CD40/TLR6
GO:0003071,renal system process involved in regulation of systemic arterial blood pressure,5/1244,0.0392173494539878,5,PDGFB/CYP4F12/REN/F2R/ADORA1
GO:0032305,positive regulation of icosanoid secretion,5/1244,0.0392173494539878,5,TNFRSF11A/PTGES/EDN1/PLA2R1/IL1B
GO:0034134,toll-like receptor 2 signaling pathway,5/1244,0.0392173494539878,5,TNFAIP3/MFHAS1/LYN/TLR2/TLR6
GO:0042574,retinal metabolic process,5/1244,0.0392173494539878,5,SDR16C5/AKR1C3/AKR1C1/RPE65/BCO1
GO:0045745,positive regulation of G protein-coupled receptor signaling pathway,5/1244,0.0392173494539878,5,KLK6/C3/KLK5/TMOD2/GPR27
GO:0048791,calcium ion-regulated exocytosis of neurotransmitter,5/1244,0.0392173494539878,5,DOC2B/UNC13A/SYT7/SYT1/SYT8
GO:0051767,nitric-oxide synthase biosynthetic process,5/1244,0.0392173494539878,5,AKAP12/EDN1/TLR4/TLR2/CCL2
GO:0051769,regulation of nitric-oxide synthase biosynthetic process,5/1244,0.0392173494539878,5,AKAP12/EDN1/TLR4/TLR2/CCL2
GO:0060644,mammary gland epithelial cell differentiation,5/1244,0.0392173494539878,5,ID2/CEBPB/FGF2/LBH/PRLR
GO:0070254,mucus secretion,5/1244,0.0392173494539878,5,ANO1/AGR2/FOSL2/SCNN1B/ADORA1
GO:0090713,immunological memory process,5/1244,0.0392173494539878,5,TNFRSF14/IL23A/HLA-DRB1/HLA-DRA/PCK1
GO:0035872,"nucleotide-binding domain, leucine rich repeat containing receptor signaling pathway",7/1244,0.0398421768718083,7,TNFAIP3/NFKBIA/BIRC3/SLC15A3/TLR4/CYLD/LACC1
GO:0007189,adenylate cyclase-activating G protein-coupled receptor signaling pathway,15/1244,0.039855221217062,15,ATP2B4/CXCL11/ADRA2A/ADCY5/LPAR2/DRD1/PDE4D/PTGER4/ADGRG7/ADRA2B/ADGRE1/APLP1/GPR161/ADGRB2/S1PR3
GO:0032956,regulation of actin cytoskeleton organization,39/1244,0.039881210057483,39,SDC4/CX3CL1/SMAD3/PHLDB2/TACSTD2/CD47/CORO1A/KIRREL1/NCK1/TPM1/SVIL/SYNPO/NEDD9/EDN1/IQGAP2/WNT4/CDC42EP5/CDC42EP2/CARMIL3/TGFBR1/PTGER4/BAIAP2L2/SHANK3/ESAM/TMOD2/PROX1/CELSR1/GRHL3/PREX1/APOA1/TMOD1/SPTBN5/CGNL1/NPHS1/SFRP1/RGCC/NEB/RAPGEF3/MTSS1
GO:2000177,regulation of neural precursor cell proliferation,12/1244,0.039881210057483,12,CX3CL1/CTNNB1/ID2/FOXO1/VEGFA/LYN/HAPLN3/SHH/FGF2/GPR37L1/ID4/PROX1
GO:0010543,regulation of platelet activation,8/1244,0.039881210057483,8,IL6ST/SH2B3/PDGFB/LYN/TLR4/UBASH3B/MFSD2B/EMILIN1
GO:1902930,regulation of alcohol biosynthetic process,8/1244,0.039881210057483,8,PTAFR/BMP2/NFKB1/WNT4/SEC14L2/ABCG1/BMP6/DKK3
GO:1903670,regulation of sprouting angiogenesis,8/1244,0.039881210057483,8,CREB3L1/JCAD/KLF2/JAK1/VEGFA/FGF2/E2F2/ADAMTS9
GO:0050770,regulation of axonogenesis,20/1244,0.039881210057483,20,L1CAM/PLXNB2/SEMA4B/SEMA4C/NEFL/SEMA3C/VEGFA/NTRK2/ULK1/METRN/SEMA7A/EPHB3/EFNA1/MT3/MAP2/WNT7A/TIAM2/BRSK1/SEMA4A/NTN1
GO:0042632,cholesterol homeostasis,13/1244,0.0403519673568423,13,DGAT2/CAV1/HDAC9/AKR1C1/NPC1/PLA2G12B/ABCG1/GRAMD1B/ACSM3/LPL/EPHX2/APOA1/SOAT1
GO:0006887,exocytosis,38/1244,0.0404166984085189,38,TNFAIP2/SDC4/PTAFR/HLA-F/PRKCG/DOC2B/CORO1A/LLGL2/UNC13A/RAP1B/EXOC3L4/IL4R/WIPF3/LGALS9/ITGAM/ADRA2A/SYT7/SYT12/SYNGR3/SYTL2/STX4/LYN/RAC2/SYTL5/STEAP2/PRRT2/STXBP6/RAB15/PPFIA3/PIK3CD/SYT1/CADPS2/PTGDR/SV2B/CPLX1/WNT7A/SYT8/SYN2
GO:0044409,entry into host,21/1244,0.0412378351705225,21,CD74/ITGAV/CXCL8/TMPRSS2/ITGA2/ICAM1/TRIM31/TNFRSF14/CAV1/HLA-DRB1/ITGB6/NPC1/LGALS9/TFRC/TPCN1/CAV2/TRIM22/CLDN1/ANPEP/CIITA/MID2
GO:0072330,monocarboxylic acid biosynthetic process,26/1244,0.0414685969632673,26,CD74/GPX4/GSTM4/AKR1C3/PTGES/FA2H/EDN1/GAMT/RBP1/HSD3B7/ABHD3/MLXIPL/FABP5/ACOX2/ACSM3/LPL/CYP1A1/FGF19/GSTM2/CYP3A4/PROX1/QKI/LIAS/SLC27A5/IL1B/EDN2
GO:0033500,carbohydrate homeostasis,28/1244,0.0417536061554146,28,ICAM1/STAT3/ANO1/FOSL2/GCLC/PIM3/SLC12A7/HLA-DRB1/SOX4/GCLM/ADRA2A/ADCY5/PCK1/OAS1/FOXO1/STX4/SLC8B1/HKDC1/ERN1/MLXIPL/FOXA3/FABP5/ZBTB20/SLC2A4/KLF15/GCKR/SLC9B2/GPR27
GO:0050854,regulation of antigen receptor-mediated signaling pathway,10/1244,0.0420375250498271,10,NFAM1/PTPRJ/KCNN4/LYN/BTN2A2/GBP1/LCK/GCSAM/PLCL2/CMTM3
GO:0051055,negative regulation of lipid biosynthetic process,10/1244,0.0420375250498271,10,BMP2/AKR1C3/NFKB1/PDGFB/WNT4/SPHK1/FGF19/PROX1/DKK3/CCDC3
GO:0110020,regulation of actomyosin structure organization,16/1244,0.0429379230925823,16,SDC4/SMAD3/PHLDB2/TACSTD2/CD47/TPM1/EDN1/WNT4/TGFBR1/PTGER4/PROX1/APOA1/CGNL1/SFRP1/RGCC/RAPGEF3
GO:0001889,liver development,20/1244,0.0434412553543592,20,TNFAIP3/SMAD3/ITGA2/CFLAR/TNF/TGFA/ASS1/HMGCS2/NPC1/SLC7A5/WNT4/PCK1/UGT1A7/UGT1A9/CDKN2B/CLDN1/CEBPB/E2F8/CYP1A1/PROX1
GO:0046718,viral entry into host cell,20/1244,0.0434412553543592,20,CD74/ITGAV/TMPRSS2/ITGA2/ICAM1/TRIM31/TNFRSF14/CAV1/HLA-DRB1/ITGB6/NPC1/LGALS9/TFRC/TPCN1/CAV2/TRIM22/CLDN1/ANPEP/CIITA/MID2
GO:1902905,positive regulation of supramolecular fiber organization,24/1244,0.0437388179450749,24,SDC4/CX3CL1/SMAD3/CD47/KIRREL1/NCK1/TPM1/SYNPO/CLU/EDN1/WNT4/CDC42EP5/CDC42EP2/TGFBR1/BAIAP2L2/NAV3/PROX1/APOA1/TNXB/NPHS1/SFRP1/RGCC/RAPGEF3/MTSS1
GO:1901654,response to ketone,25/1244,0.04412523044901,25,PTAFR/CFLAR/AKR1C3/GJB2/OXTR/ASS1/AKR1C2/HMGCS2/CAV1/NEFL/KLF2/EDN1/ADCY5/PCK1/FOS/CLDN1/FECH/TLR2/PTGER4/FBXO32/SCNN1B/PTGDR/CA9/AQP1/SFRP1
GO:0045669,positive regulation of osteoblast differentiation,11/1244,0.04412523044901,11,IL6ST/CTNNB1/BMP2/WNT4/WWTR1/CCN1/CEBPB/CEBPD/FGF2/BMP6/IL6R
GO:0055117,regulation of cardiac muscle contraction,11/1244,0.04412523044901,11,ATP1B1/RNF207/DSC2/ZC3H12A/CAV1/PDE4D/RGS2/GSTM2/KCNJ2/ADORA1/DMD
GO:0007611,learning or memory,27/1244,0.0445458238770709,27,PRKCG/B2M/ITGA3/PPP1R1B/OXTR/MAN2B1/SLC7A11/ARL6IP5/DKK1/NEDD9/GM2A/PLK2/FOS/NTRK2/DRD1/NPTX2/TLR2/ASIC1/RASGRF1/SHANK3/TMOD2/NFATC4/SLC2A4/DNAH11/BRSK1/MAP1A/RAPGEF3
GO:0016079,synaptic vesicle exocytosis,14/1244,0.0449111009178182,14,PRKCG/DOC2B/UNC13A/RAP1B/SYT7/SYT12/PRRT2/PPFIA3/SYT1/CADPS2/SV2B/CPLX1/WNT7A/SYT8
GO:0060291,long-term synaptic potentiation,12/1244,0.0449839919426859,12,SQSTM1/PRKCG/CALB2/SYT12/PLK2/NTRK2/DRD1/STX4/SHANK3/NFATC4/ADORA1/AKAP5
GO:1904892,regulation of receptor signaling pathway via STAT,12/1244,0.0449839919426859,12,BCL3/SH2B3/TNF/CAV1/PARP14/IL23A/IFNAR2/GADD45A/F2R/IL6R/PRLR/SOCS2
GO:0010883,regulation of lipid storage,9/1244,0.0449839919426859,9,NFKBIA/ITGAV/C3/IKBKE/TNF/NFKB1/ZC3H12A/ABCG1/LPL
GO:0043506,regulation of JUN kinase activity,9/1244,0.0449839919426859,9,TNF/TNFRSF11A/DUSP16/DKK1/EDN1/TRAF2/ERN1/DUSP10/TLR6
GO:0045620,negative regulation of lymphocyte differentiation,9/1244,0.0449839919426859,9,CD74/IRF1/ZC3H12A/IL4R/ID2/ASCL2/SHH/LOXL3/SFRP1
GO:0071677,positive regulation of mononuclear cell migration,9/1244,0.0449839919426859,9,ADAM8/CCL20/TNF/CD47/CORO1A/TNFRSF14/NEDD9/LGALS9/ASCL2
GO:1902041,regulation of extrinsic apoptotic signaling pathway via death domain receptors,9/1244,0.0449839919426859,9,TNFAIP3/ICAM1/CFLAR/FAIM2/ATF3/PMAIP1/STX4/TMC8/SFRP1
GO:0002312,B cell activation involved in immune response,13/1244,0.0450287110809071,13,BCL3/TFRC/NFKBIZ/TLR4/MSH2/PARP3/CD40/IL27RA/CLCF1/LFNG/DOCK10/PLCL2/APLF
GO:0055092,sterol homeostasis,13/1244,0.0450287110809071,13,DGAT2/CAV1/HDAC9/AKR1C1/NPC1/PLA2G12B/ABCG1/GRAMD1B/ACSM3/LPL/EPHX2/APOA1/SOAT1
GO:0033688,regulation of osteoblast proliferation,6/1244,0.0460165266956226,6,ITGAV/SMAD3/BMP2/CCN1/SOX8/SFRP1
GO:0045939,negative regulation of steroid metabolic process,6/1244,0.0460165266956226,6,BMP2/NFKB1/WNT4/FGF19/PROX1/DKK3
GO:0048799,animal organ maturation,6/1244,0.0460165266956226,6,BMP2/RFLNA/ZNF664-RFLNA/SNX10/DCHS1/RYR1
GO:0060333,type II interferon-mediated signaling pathway,6/1244,0.0460165266956226,6,IFNGR1/IRF1/IFNGR2/PARP14/JAK1/NLRC5
GO:0061098,positive regulation of protein tyrosine kinase activity,6/1244,0.0460165266956226,6,DOK7/NEDD9/ADRA2A/GPRC5B/IL34/EFNA1
GO:0070977,bone maturation,6/1244,0.0460165266956226,6,BMP2/RFLNA/ZNF664-RFLNA/SNX10/DCHS1/RYR1
GO:1903900,regulation of viral life cycle,20/1244,0.0467566024380723,20,CD74/TNIP1/CXCL8/TMPRSS2/TNF/TRIM31/OAS3/HLA-DRB1/LGALS9/OAS1/TRIM22/MX1/PPIH/IFIH1/LAMP3/CIITA/PROX1/ISG15/APOBEC3G/MID2
GO:0014003,oligodendrocyte development,8/1244,0.0472368384960108,8,FA2H/CLU/LYN/SHH/TLR2/ZNF488/ID4/CNTNAP1
GO:0045601,regulation of endothelial cell differentiation,8/1244,0.0472368384960108,8,TNF/CTNNB1/XDH/VEGFA/BTG1/BMP6/IL1B/S1PR3
GO:0031667,response to nutrient levels,52/1244,0.0473997714723732,52,PRKCG/ITGA2/PLEC/TNF/DSC2/AKR1C3/TNFRSF11A/ASS1/GCLC/ZC3H12A/HMGCS2/RIPOR1/FOXO3/GCLM/G6PD/SLC7A5/WNT4/TFRC/ATF3/PCK1/FOXO1/NFKBIZ/FOS/PMAIP1/CDKN2B/NUAK1/ULK1/PLD1/WNK4/IGFBP2/MLXIPL/CD40/FOXA3/KL/AQP3/NMUR2/IL15RA/GABARAPL1/LPL/CYP1A1/COL1A1/SCNN1B/SLC6A19/MT3/PROX1/TNFRSF11B/ELAPOR1/CYP26B1/CASTOR1/SFRP1/DAPL1/FOLR1
GO:0002230,positive regulation of defense response to virus by host,7/1244,0.0478540472727799,7,ZC3H12A/IL23A/RIGI/TRIM22/CGAS/ZDHHC1/APOBEC3G
GO:0008210,estrogen metabolic process,7/1244,0.0478540472727799,7,UGT1A7/UGT1A3/AKR1B15/UGT2A3/UGT2B17/CYP1A1/CYP3A4
GO:0048846,axon extension involved in axon guidance,7/1244,0.0478540472727799,7,SEMA4B/SEMA4C/SEMA3C/ALCAM/VEGFA/SEMA7A/SEMA4A
GO:1901099,negative regulation of signal transduction in absence of ligand,7/1244,0.0478540472727799,7,CX3CL1/IFI6/TNF/CSF2/TERT/IL7/IL1B
GO:1902284,neuron projection extension involved in neuron projection guidance,7/1244,0.0478540472727799,7,SEMA4B/SEMA4C/SEMA3C/ALCAM/VEGFA/SEMA7A/SEMA4A
GO:1904646,cellular response to amyloid-beta,7/1244,0.0478540472727799,7,ICAM1/TNF/BCL2L2/TLR4/CACNB1/ATP1A3/TLR6
GO:2001240,negative regulation of extrinsic apoptotic signaling pathway in absence of ligand,7/1244,0.0478540472727799,7,CX3CL1/IFI6/TNF/CSF2/TERT/IL7/IL1B
GO:0051785,positive regulation of nuclear division,10/1244,0.0478540472727799,10,TNF/TGFA/PDGFB/EDN1/WNT4/SPHK1/RGCC/EDN3/IL1B/BTC
GO:0046165,alcohol biosynthetic process,19/1244,0.0490137151835712,19,PTAFR/BMP2/NFKB1/HMGCS2/G6PD/WNT4/SEC14L2/PCK1/GCH1/ABCG1/ACER2/ITPKC/FGF2/SPHK1/CYP3A4/BMP6/APOA1/DKK3/MOXD1
GO:0120161,regulation of cold-induced thermogenesis,19/1244,0.0490137151835712,19,LCN2/OXTR/CAV1/IL4R/TFE3/VEGFA/KDM6B/TLR4/YBX2/GRB10/CEBPB/LAMA4/IL18R1/ACHE/FABP5/PRLR/PLCL2/PDGFC/IL15
GO:0045834,positive regulation of lipid metabolic process,17/1244,0.0493081867791775,17,CD74/TNF/WNT4/PCK1/CCN1/SORBS1/ABCG1/MLXIPL/FGF2/ZBTB20/EEF1A2/BMP6/APOA1/ADORA1/IL1B/AGAP2/CCDC3
GO:0032355,response to estradiol,14/1244,0.0493081867791775,14,ITGA2/CFLAR/STAT3/CTNNB1/GPX4/GJB2/OXTR/ASS1/BCL2L2/IGFBP2/COL1A1/WNT7A/SFRP1/SOCS2
GO:0061180,mammary gland epithelium development,11/1244,0.0496096751223877,11,CSF1/PML/WNT4/ID2/CEBPB/FGF2/ATP2C2/LBH/PRLR/NTN1/SOSTDC1
